<?xml version="1.0" encoding="UTF-8" ?>
<metis-ria-web-xml version="3.0" disableGwt="true" xmlns:xsi="http://www.w3.org/2001/XMLSchema-instance"
	xmlns="http://www.ag2rlamondiale.fr/metis/ria/webxml"
	xsi:schemaLocation="http://www.ag2rlamondiale.fr/metis/ria/webxml ../xsd/metis-ria-webxml.xsd">

<!-- Fichier exemple de generation du web.xml permettant de faciliter les montees de version du framework -->

	<application-name>rbb</application-name>

	<listeners>
		<metis-listeners/>
		<custom-xml-fragment><![CDATA[
		<listener>
		    <!-- https://mkyong.com/spring/spring-request-scope-error-no-thread-bound-request-found/ -->
            <listener-class>
                org.springframework.web.context.request.RequestContextListener
            </listener-class>
        </listener>

		<listener>
            <listener-class>
                org.springframework.web.util.HttpSessionMutexListener
            </listener-class>
        </listener>
		]]>
		</custom-xml-fragment>
	</listeners>

	<filters>
		<!-- ajout oualid cors -->
		<custom-xml-fragment><![CDATA[
			<filter>
			   <filter-name>corsFilter</filter-name>
			   <filter-class>org.springframework.web.filter.DelegatingFilterProxy</filter-class>
			</filter>
			<filter-mapping>
			   <filter-name>corsFilter</filter-name>
			   <url-pattern>/*</url-pattern>
			   <url-pattern>/j_spring_security_logout</url-pattern>
			</filter-mapping>
		   <servlet-mapping>
		      <servlet-name>springRestDispatcherServlet</servlet-name>
		      <url-pattern>/rest/*</url-pattern>
		   </servlet-mapping>

		   <!-- filter threadLocal -->
		   <filter>
				<filter-name>threadLocalFilter</filter-name>
				<filter-class>org.springframework.web.filter.DelegatingFilterProxy</filter-class>
			</filter>
			<filter-mapping>
				<filter-name>threadLocalFilter</filter-name>
				<url-pattern>/*</url-pattern>
			</filter-mapping>

			<!-- requestContextFilter -->
			<filter>
				<filter-name>requestContextFilter</filter-name>
				<filter-class>org.springframework.web.filter.RequestContextFilter</filter-class>
			</filter>
			<filter-mapping>
				<filter-name>requestContextFilter</filter-name>
				<url-pattern>/*</url-pattern>
			</filter-mapping>

			<!-- ============ Deconnexion CAS  ============ -->
            <filter>
                <filter-name>CAS Single Sign Out Filter</filter-name>
                <filter-class>org.jasig.cas.client.session.SingleSignOutFilter</filter-class>
                <init-param>
                    <param-name>casServerUrlPrefix</param-name>
                    <param-value>NeSertQuEnDecoFrontChannel</param-value>
                </init-param>
            </filter>
            <filter-mapping>
                <filter-name>CAS Single Sign Out Filter</filter-name>
                <url-pattern>/*</url-pattern>
            </filter-mapping>
            <!-- ============ Deconnexion CAS  ============ -->

		]]></custom-xml-fragment>
		<!-- fin ajout -->
		<metis-filters/>
	</filters>

	<servlets>
		<metis-servlets disableJerseyServlet="true">
<!-- 			<jersey-application-class>fr.ag2rlamondiale.mtb.mtb.server.AppRegisterResourcesApplication</jersey-application-class> -->
		</metis-servlets>
	</servlets>

	<welcome-page file="index.jsp" />

	<custom-application-label>rbb</custom-application-label>
	<custom-application-code>rbb</custom-application-code>

	<!-- <resource-ref-ctg /> -->
<session-config/>
</metis-ria-web-xml>