<SOAP-ENV:Envelope xmlns:SOAP-ENV="http://schemas.xmlsoap.org/soap/envelope/">
    <SOAP-ENV:Header>
        <ns:WSResponseMetaInfo xmlns:ns="http://www.fmk.com/ESB/Framework/ESBTechPivotSchema" xmlns:ns0="http://schemas.xmlsoap.org/soap/envelope/" xmlns:xs="http://www.w3.org/2001/XMLSchema" xmlns:xsi="http://www.w3.org/2001/XMLSchema-instance" xmlns:SOAP-ENV="http://schemas.xmlsoap.org/soap/envelope/">
            <ns:FuncFault/>
            <ns:BusinessHeader>
                <ns:Domain/>
            </ns:BusinessHeader>
        </ns:WSResponseMetaInfo>
    </SOAP-ENV:Header>
    <SOAP-ENV:Body>
        <ns0:ConsulterDemSigElecResponse xmlns:ns0="http://www.alm.com/esb/service/SigElec_4/ConsulterDemSigElec_1">
            <ns0:ConsulterDemSigElecFunc>
                <ns0:Sign>
                    <ns0:idSign>e3a81019-ea1e-4356-ba39-4ef12221264c</ns0:idSign>
                    <ns0:idDem>A1573|Iz5b0B8a21420211104154625</ns0:idDem>
                    <ns0:codeSttSign>ready</ns0:codeSttSign>
                    <ns0:instantSign>2021-11-04T17:07:32+01:00</ns0:instantSign>
                    <ns0:desc>Demande de signature electronique depuis extranet - particulier</ns0:desc>
                    <ns0:SignaletiquePPDemandeur>
                        <ns0:email>ag2r-cpt-tech-ere-integ@ag2rlamondiale.fr</ns0:email>
                        <ns0:prenom>Compte</ns0:prenom>
                        <ns0:nom>Technique</ns0:nom>
                    </ns0:SignaletiquePPDemandeur>
                    <ns0:indicateurSignManuscrite>false</ns0:indicateurSignManuscrite>
                    <ns0:indiceSigntrEnCours>0</ns0:indiceSigntrEnCours>
                    <ns0:Signtr>
                        <ns0:codeSttSigntr>ready</ns0:codeSttSigntr>
                        <ns0:dateAction>2021-11-05T14:19:27.851+01:00</ns0:dateAction>
                        <ns0:urlPageSigntr>https://sign.test.universign.eu/sig/#/?id=244f2076-17d7-4fc1-8b33-e2c7d17352a1</ns0:urlPageSigntr>
                    </ns0:Signtr>
                    <ns0:SignqPP/>
                </ns0:Sign>
            </ns0:ConsulterDemSigElecFunc>
        </ns0:ConsulterDemSigElecResponse>
    </SOAP-ENV:Body>
</SOAP-ENV:Envelope>
