<SOAP-ENV:Envelope xmlns:SOAP-ENV="http://www.w3.org/2003/05/soap-envelope" xmlns:env="http://www.w3.org/2003/05/soap-envelope">
    <SOAP-ENV:Header>
        <ns:WSResponseMetaInfo xmlns:ns="http://www.fmk.com/ESB/Framework/ESBTechPivotSchema" xmlns:ns0="http://www.w3.org/2003/05/soap-envelope" xmlns:xs="http://www.w3.org/2001/XMLSchema" xmlns:xsi="http://www.w3.org/2001/XMLSchema-instance" xmlns:SOAP-ENV="http://www.w3.org/2003/05/soap-envelope">
            <ns:FuncFault/>
            <ns:BusinessHeader/>
        </ns:WSResponseMetaInfo>
    </SOAP-ENV:Header>
    <SOAP-ENV:Body>
        <ns0:ControlerDocIdtSigElecResponse xmlns:ns0="http://www.alm.com/esb/service/SigElec_4/ControlerDocIdtSigElec_1">
            <ns0:ControlerDocIdtSigElecFunc>
                <ns0:EtatDemCtrl>
                    <ns0:idUniverSign>5e9a91e0-3e40-31ec-84ac-636a9417d712</ns0:idUniverSign>
                    <ns0:codeSttCtrl>1</ns0:codeSttCtrl>
                    <ns0:libSttCtrl>document validÃ©</ns0:libSttCtrl>
                </ns0:EtatDemCtrl>
                <ns0:ResultCtrl>
                    <ns0:codeRet>0</ns0:codeRet>
                </ns0:ResultCtrl>
            </ns0:ControlerDocIdtSigElecFunc>
        </ns0:ControlerDocIdtSigElecResponse>
    </SOAP-ENV:Body>
</SOAP-ENV:Envelope>
