<SOAP-ENV:Envelope xmlns:SOAP-ENV="http://schemas.xmlsoap.org/soap/envelope/">
    <SOAP-ENV:Header>
        <ns:WSResponseMetaInfo xmlns:ns="http://www.fmk.com/ESB/Framework/ESBTechPivotSchema" xmlns:ns0="http://schemas.xmlsoap.org/soap/envelope/" xmlns:xs="http://www.w3.org/2001/XMLSchema" xmlns:xsi="http://www.w3.org/2001/XMLSchema-instance" xmlns:SOAP-ENV="http://schemas.xmlsoap.org/soap/envelope/">
            <ns:FuncFault/>
            <ns:BusinessHeader/>
        </ns:WSResponseMetaInfo>
    </SOAP-ENV:Header>
    <SOAP-ENV:Body>
        <ns0:RechercherCmptSigElecResponse xmlns:ns0="http://www.alm.com/esb/service/SigElec_4/RechercherCmptSigElec_1">
            <ns0:RechercherCmptSigElecFunc>
                <ns0:CptSignr>
                    <ns0:nom>ABADIE</ns0:nom>
                    <ns0:prenom>ANNE MARIE</ns0:prenom>
                    <ns0:numTel>**84</ns0:numTel>
                    <ns0:libEmail>1**@a**.**</ns0:libEmail>
                </ns0:CptSignr>
                <ns0:CptSignr>
                    <ns0:nom>ABADIE</ns0:nom>
                    <ns0:prenom>ANNE MARIE</ns0:prenom>
                    <ns0:numTel>***14</ns0:numTel>
                    <ns0:libEmail>1**@a**.**</ns0:libEmail>
                </ns0:CptSignr>
                <ns0:CptSignr>
                    <ns0:nom>ABADIE</ns0:nom>
                    <ns0:prenom>ANNE MARIE</ns0:prenom>
                    <ns0:numTel>**87</ns0:numTel>
                    <ns0:libEmail>1**@a**.**</ns0:libEmail>
                </ns0:CptSignr>
                <ns0:CptSignr>
                    <ns0:nom>ABADIE</ns0:nom>
                    <ns0:prenom>ANNE MARIE</ns0:prenom>
                    <ns0:numTel>***66</ns0:numTel>
                </ns0:CptSignr>
                <ns0:CptSignr>
                    <ns0:nom>ABADIE</ns0:nom>
                    <ns0:prenom>ANNE MARIE</ns0:prenom>
                    <ns0:numTel>***75</ns0:numTel>
                </ns0:CptSignr>
            </ns0:RechercherCmptSigElecFunc>
        </ns0:RechercherCmptSigElecResponse>
    </SOAP-ENV:Body>
</SOAP-ENV:Envelope>
