<SOAP-ENV:Envelope xmlns:SOAP-ENV="http://schemas.xmlsoap.org/soap/envelope/"><SOAP-ENV:Header><ns:WSResponseMetaInfo xmlns:ns="http://www.fmk.com/ESB/Framework/ESBTechPivotSchema" xmlns:ns0="http://schemas.xmlsoap.org/soap/envelope/" xmlns:xs="http://www.w3.org/2001/XMLSchema" xmlns:xsi="http://www.w3.org/2001/XMLSchema-instance"><ns:FuncFault/><ns:BusinessHeader/></ns:WSResponseMetaInfo></SOAP-ENV:Header><SOAP-ENV:Body><ns0:CalculerEncoursContratResponse xmlns:ns0="http://www.alm.com/esb/service/GestContratTer_2/CalculerEncoursContrat_3"><ns0:CalculerEncoursContratFunc><ns0:StructInv><ns0:IdentificationStructInv><ns0:idStructInv>SF_2890879</ns0:idStructInv><ns0:codeSituationStructInv>ENCOU</ns0:codeSituationStructInv><ns0:libSituationStructInv>En cours</ns0:libSituationStructInv><ns0:codeSituationStructInvSilo>E</ns0:codeSituationStructInvSilo><ns0:libSituationStructInvSilo>En cours</ns0:libSituationStructInvSilo><ns0:montantEncours>27759.69</ns0:montantEncours><ns0:deviseEncours>EUR</ns0:deviseEncours><ns0:dateValeurFG>2020-06-15</ns0:dateValeurFG><ns0:dateValeurUC>2020-06-15</ns0:dateValeurUC><ns0:codeTypeEncoursSilo>TAUX_PROVISOIRE</ns0:codeTypeEncoursSilo><ns0:libTypeEncoursSilo>Encours au taux provisoire</ns0:libTypeEncoursSilo><ns0:indicSitEstimeSilo>false</ns0:indicSitEstimeSilo></ns0:IdentificationStructInv><ns0:OccurStructInv><ns0:idOccurStructInv>SF_2890878</ns0:idOccurStructInv><ns0:idOccurParentStructInv>SF_2890879</ns0:idOccurParentStructInv><ns0:montantOccurSupportInv>27759.69</ns0:montantOccurSupportInv><ns0:deviseOccurSupportInv>EUR</ns0:deviseOccurSupportInv><ns0:ContributionInv><ns0:identifiantContributionInvestissement>2890878</ns0:identifiantContributionInvestissement><ns0:codeContributionInv>PPATRO</ns0:codeContributionInv><ns0:libContributionInv>Part Patronale</ns0:libContributionInv><ns0:libContributionInvSilo>Part patronale</ns0:libContributionInvSilo><ns0:txRepartitionContribution>1.0</ns0:txRepartitionContribution></ns0:ContributionInv></ns0:OccurStructInv><ns0:OccurStructInv><ns0:idOccurStructInv>SF_2890876</ns0:idOccurStructInv><ns0:idOccurParentStructInv>SF_2890878</ns0:idOccurParentStructInv><ns0:codeModeGestionInv>LIBRE</ns0:codeModeGestionInv><ns0:libModeGestionInv>Gestion libre</ns0:libModeGestionInv><ns0:codeModeGestionInvSilo>GL</ns0:codeModeGestionInvSilo><ns0:libModeGestionInvSilo>Gestion libre</ns0:libModeGestionInvSilo><ns0:codeNatureSupportInv>FDSGES</ns0:codeNatureSupportInv><ns0:libNatureSupportInv>Fonds Euro</ns0:libNatureSupportInv><ns0:codeNatureSupportInvSilo>FG</ns0:codeNatureSupportInvSilo><ns0:libNatureSupportInvSilo>Fond en Devises</ns0:libNatureSupportInvSilo><ns0:montantOccurSupportInv>27759.69</ns0:montantOccurSupportInv><ns0:deviseOccurSupportInv>EUR</ns0:deviseOccurSupportInv><ns0:ProfilInv><ns0:idProfilInv>2918</ns0:idProfilInv><ns0:nomProfilInv>Fonds Euro EDF</ns0:nomProfilInv><ns0:txRepartitionProfilInv>1.0</ns0:txRepartitionProfilInv></ns0:ProfilInv></ns0:OccurStructInv><ns0:OccurStructInv><ns0:idOccurStructInv>SF_2890876 SU_3437 ST_1</ns0:idOccurStructInv><ns0:idOccurParentStructInv>SF_2890876 SU_3437</ns0:idOccurParentStructInv><ns0:codeNatureSupportInv>FDSGES</ns0:codeNatureSupportInv><ns0:libNatureSupportInv>Fonds Euro</ns0:libNatureSupportInv><ns0:codeNatureSupportInvSilo>FG</ns0:codeNatureSupportInvSilo><ns0:libNatureSupportInvSilo>Fond en Devises</ns0:libNatureSupportInvSilo><ns0:montantOccurSupportInv>1028.66</ns0:montantOccurSupportInv><ns0:deviseOccurSupportInv>EUR</ns0:deviseOccurSupportInv><ns0:TarifInv><ns0:idTarifInv>1</ns0:idTarifInv><ns0:nomTarifInv>Tarif 11</ns0:nomTarifInv><ns0:txRepartitionTarifInv>0.037056</ns0:txRepartitionTarifInv></ns0:TarifInv></ns0:OccurStructInv><ns0:OccurStructInv><ns0:idOccurStructInv>SF_2890876 SU_3437 ST_5</ns0:idOccurStructInv><ns0:idOccurParentStructInv>SF_2890876 SU_3437</ns0:idOccurParentStructInv><ns0:codeNatureSupportInv>FDSGES</ns0:codeNatureSupportInv><ns0:libNatureSupportInv>Fonds Euro</ns0:libNatureSupportInv><ns0:codeNatureSupportInvSilo>FG</ns0:codeNatureSupportInvSilo><ns0:libNatureSupportInvSilo>Fond en Devises</ns0:libNatureSupportInvSilo><ns0:montantOccurSupportInv>4423.02</ns0:montantOccurSupportInv><ns0:deviseOccurSupportInv>EUR</ns0:deviseOccurSupportInv><ns0:TarifInv><ns0:idTarifInv>5</ns0:idTarifInv><ns0:nomTarifInv>Tarif 10</ns0:nomTarifInv><ns0:txRepartitionTarifInv>0.159332</ns0:txRepartitionTarifInv></ns0:TarifInv></ns0:OccurStructInv><ns0:OccurStructInv><ns0:idOccurStructInv>SF_2890876 SU_3437 ST_24026</ns0:idOccurStructInv><ns0:idOccurParentStructInv>SF_2890876 SU_3437</ns0:idOccurParentStructInv><ns0:codeNatureSupportInv>FDSGES</ns0:codeNatureSupportInv><ns0:libNatureSupportInv>Fonds Euro</ns0:libNatureSupportInv><ns0:codeNatureSupportInvSilo>FG</ns0:codeNatureSupportInvSilo><ns0:libNatureSupportInvSilo>Fond en Devises</ns0:libNatureSupportInvSilo><ns0:montantOccurSupportInv>1429.88</ns0:montantOccurSupportInv><ns0:deviseOccurSupportInv>EUR</ns0:deviseOccurSupportInv><ns0:TarifInv><ns0:idTarifInv>24026</ns0:idTarifInv><ns0:nomTarifInv>Tarif 01</ns0:nomTarifInv><ns0:txRepartitionTarifInv>0.051509</ns0:txRepartitionTarifInv></ns0:TarifInv></ns0:OccurStructInv><ns0:OccurStructInv><ns0:idOccurStructInv>SF_2890876 SU_3437 ST_1881</ns0:idOccurStructInv><ns0:idOccurParentStructInv>SF_2890876 SU_3437</ns0:idOccurParentStructInv><ns0:codeNatureSupportInv>FDSGES</ns0:codeNatureSupportInv><ns0:libNatureSupportInv>Fonds Euro</ns0:libNatureSupportInv><ns0:codeNatureSupportInvSilo>FG</ns0:codeNatureSupportInvSilo><ns0:libNatureSupportInvSilo>Fond en Devises</ns0:libNatureSupportInvSilo><ns0:montantOccurSupportInv>8668.42</ns0:montantOccurSupportInv><ns0:deviseOccurSupportInv>EUR</ns0:deviseOccurSupportInv><ns0:TarifInv><ns0:idTarifInv>1881</ns0:idTarifInv><ns0:nomTarifInv>Tarif 02</ns0:nomTarifInv><ns0:txRepartitionTarifInv>0.312267</ns0:txRepartitionTarifInv></ns0:TarifInv></ns0:OccurStructInv><ns0:OccurStructInv><ns0:idOccurStructInv>SF_2890876 SU_3437 ST_1641</ns0:idOccurStructInv><ns0:idOccurParentStructInv>SF_2890876 SU_3437</ns0:idOccurParentStructInv><ns0:codeNatureSupportInv>FDSGES</ns0:codeNatureSupportInv><ns0:libNatureSupportInv>Fonds Euro</ns0:libNatureSupportInv><ns0:codeNatureSupportInvSilo>FG</ns0:codeNatureSupportInvSilo><ns0:libNatureSupportInvSilo>Fond en Devises</ns0:libNatureSupportInvSilo><ns0:montantOccurSupportInv>2055.53</ns0:montantOccurSupportInv><ns0:deviseOccurSupportInv>EUR</ns0:deviseOccurSupportInv><ns0:TarifInv><ns0:idTarifInv>1641</ns0:idTarifInv><ns0:nomTarifInv>Tarif 03</ns0:nomTarifInv><ns0:txRepartitionTarifInv>0.074047</ns0:txRepartitionTarifInv></ns0:TarifInv></ns0:OccurStructInv><ns0:OccurStructInv><ns0:idOccurStructInv>SF_2890876 SU_3437 ST_1481</ns0:idOccurStructInv><ns0:idOccurParentStructInv>SF_2890876 SU_3437</ns0:idOccurParentStructInv><ns0:codeNatureSupportInv>FDSGES</ns0:codeNatureSupportInv><ns0:libNatureSupportInv>Fonds Euro</ns0:libNatureSupportInv><ns0:codeNatureSupportInvSilo>FG</ns0:codeNatureSupportInvSilo><ns0:libNatureSupportInvSilo>Fond en Devises</ns0:libNatureSupportInvSilo><ns0:montantOccurSupportInv>1086.39</ns0:montantOccurSupportInv><ns0:deviseOccurSupportInv>EUR</ns0:deviseOccurSupportInv><ns0:TarifInv><ns0:idTarifInv>1481</ns0:idTarifInv><ns0:nomTarifInv>Tarif 04</ns0:nomTarifInv><ns0:txRepartitionTarifInv>0.039136</ns0:txRepartitionTarifInv></ns0:TarifInv></ns0:OccurStructInv><ns0:OccurStructInv><ns0:idOccurStructInv>SF_2890876 SU_3437 ST_1061</ns0:idOccurStructInv><ns0:idOccurParentStructInv>SF_2890876 SU_3437</ns0:idOccurParentStructInv><ns0:codeNatureSupportInv>FDSGES</ns0:codeNatureSupportInv><ns0:libNatureSupportInv>Fonds Euro</ns0:libNatureSupportInv><ns0:codeNatureSupportInvSilo>FG</ns0:codeNatureSupportInvSilo><ns0:libNatureSupportInvSilo>Fond en Devises</ns0:libNatureSupportInvSilo><ns0:montantOccurSupportInv>3761.65</ns0:montantOccurSupportInv><ns0:deviseOccurSupportInv>EUR</ns0:deviseOccurSupportInv><ns0:TarifInv><ns0:idTarifInv>1061</ns0:idTarifInv><ns0:nomTarifInv>Tarif 06</ns0:nomTarifInv><ns0:txRepartitionTarifInv>0.135508</ns0:txRepartitionTarifInv></ns0:TarifInv></ns0:OccurStructInv><ns0:OccurStructInv><ns0:idOccurStructInv>SF_2890876 SU_3437 ST_161</ns0:idOccurStructInv><ns0:idOccurParentStructInv>SF_2890876 SU_3437</ns0:idOccurParentStructInv><ns0:codeNatureSupportInv>FDSGES</ns0:codeNatureSupportInv><ns0:libNatureSupportInv>Fonds Euro</ns0:libNatureSupportInv><ns0:codeNatureSupportInvSilo>FG</ns0:codeNatureSupportInvSilo><ns0:libNatureSupportInvSilo>Fond en Devises</ns0:libNatureSupportInvSilo><ns0:montantOccurSupportInv>841.15</ns0:montantOccurSupportInv><ns0:deviseOccurSupportInv>EUR</ns0:deviseOccurSupportInv><ns0:TarifInv><ns0:idTarifInv>161</ns0:idTarifInv><ns0:nomTarifInv>Tarif 09</ns0:nomTarifInv><ns0:txRepartitionTarifInv>0.030301</ns0:txRepartitionTarifInv></ns0:TarifInv></ns0:OccurStructInv><ns0:OccurStructInv><ns0:idOccurStructInv>SF_2890876 SU_3437 ST_241</ns0:idOccurStructInv><ns0:idOccurParentStructInv>SF_2890876 SU_3437</ns0:idOccurParentStructInv><ns0:codeNatureSupportInv>FDSGES</ns0:codeNatureSupportInv><ns0:libNatureSupportInv>Fonds Euro</ns0:libNatureSupportInv><ns0:codeNatureSupportInvSilo>FG</ns0:codeNatureSupportInvSilo><ns0:libNatureSupportInvSilo>Fond en Devises</ns0:libNatureSupportInvSilo><ns0:montantOccurSupportInv>1224.06</ns0:montantOccurSupportInv><ns0:deviseOccurSupportInv>EUR</ns0:deviseOccurSupportInv><ns0:TarifInv><ns0:idTarifInv>241</ns0:idTarifInv><ns0:nomTarifInv>Tarif 08</ns0:nomTarifInv><ns0:txRepartitionTarifInv>0.044095</ns0:txRepartitionTarifInv></ns0:TarifInv></ns0:OccurStructInv><ns0:OccurStructInv><ns0:idOccurStructInv>SF_2890876 SU_3437 ST_441</ns0:idOccurStructInv><ns0:idOccurParentStructInv>SF_2890876 SU_3437</ns0:idOccurParentStructInv><ns0:codeNatureSupportInv>FDSGES</ns0:codeNatureSupportInv><ns0:libNatureSupportInv>Fonds Euro</ns0:libNatureSupportInv><ns0:codeNatureSupportInvSilo>FG</ns0:codeNatureSupportInvSilo><ns0:libNatureSupportInvSilo>Fond en Devises</ns0:libNatureSupportInvSilo><ns0:montantOccurSupportInv>1259.38</ns0:montantOccurSupportInv><ns0:deviseOccurSupportInv>EUR</ns0:deviseOccurSupportInv><ns0:TarifInv><ns0:idTarifInv>441</ns0:idTarifInv><ns0:nomTarifInv>Tarif 09</ns0:nomTarifInv><ns0:txRepartitionTarifInv>0.045367</ns0:txRepartitionTarifInv></ns0:TarifInv></ns0:OccurStructInv><ns0:OccurStructInv><ns0:idOccurStructInv>SF_2890876 SU_3437 ST_581</ns0:idOccurStructInv><ns0:idOccurParentStructInv>SF_2890876 SU_3437</ns0:idOccurParentStructInv><ns0:codeNatureSupportInv>FDSGES</ns0:codeNatureSupportInv><ns0:libNatureSupportInv>Fonds Euro</ns0:libNatureSupportInv><ns0:codeNatureSupportInvSilo>FG</ns0:codeNatureSupportInvSilo><ns0:libNatureSupportInvSilo>Fond en Devises</ns0:libNatureSupportInvSilo><ns0:montantOccurSupportInv>1557.92</ns0:montantOccurSupportInv><ns0:deviseOccurSupportInv>EUR</ns0:deviseOccurSupportInv><ns0:TarifInv><ns0:idTarifInv>581</ns0:idTarifInv><ns0:nomTarifInv>Tarif 08</ns0:nomTarifInv><ns0:txRepartitionTarifInv>0.056122</ns0:txRepartitionTarifInv></ns0:TarifInv></ns0:OccurStructInv><ns0:OccurStructInv><ns0:idOccurStructInv>SF_2890876 SU_3437 ST_921</ns0:idOccurStructInv><ns0:idOccurParentStructInv>SF_2890876 SU_3437</ns0:idOccurParentStructInv><ns0:codeNatureSupportInv>FDSGES</ns0:codeNatureSupportInv><ns0:libNatureSupportInv>Fonds Euro</ns0:libNatureSupportInv><ns0:codeNatureSupportInvSilo>FG</ns0:codeNatureSupportInvSilo><ns0:libNatureSupportInvSilo>Fond en Devises</ns0:libNatureSupportInvSilo><ns0:montantOccurSupportInv>423.62</ns0:montantOccurSupportInv><ns0:deviseOccurSupportInv>EUR</ns0:deviseOccurSupportInv><ns0:TarifInv><ns0:idTarifInv>921</ns0:idTarifInv><ns0:nomTarifInv>Tarif 07</ns0:nomTarifInv><ns0:txRepartitionTarifInv>0.01526</ns0:txRepartitionTarifInv></ns0:TarifInv></ns0:OccurStructInv><ns0:OccurStructInv><ns0:idOccurStructInv>SF_2890876 SU_3437</ns0:idOccurStructInv><ns0:idOccurParentStructInv>SF_2890876</ns0:idOccurParentStructInv><ns0:codeNatureSupportInv>FDSGES</ns0:codeNatureSupportInv><ns0:libNatureSupportInv>Fonds Euro</ns0:libNatureSupportInv><ns0:codeNatureSupportInvSilo>FG</ns0:codeNatureSupportInvSilo><ns0:libNatureSupportInvSilo>Fond en Devises</ns0:libNatureSupportInvSilo><ns0:montantOccurSupportInv>27759.69</ns0:montantOccurSupportInv><ns0:deviseOccurSupportInv>EUR</ns0:deviseOccurSupportInv><ns0:SupportInv><ns0:idSupportInv>3437</ns0:idSupportInv><ns0:nomSupportInv>Fonds Euro EDF</ns0:nomSupportInv><ns0:codeCategorieFonds>FDPR</ns0:codeCategorieFonds><ns0:libCategorieFonds>Fonds propres</ns0:libCategorieFonds><ns0:codeCategorieFondsSilo>FPR</ns0:codeCategorieFondsSilo><ns0:libCategorieFondsSilo>Fonds propres</ns0:libCategorieFondsSilo><ns0:txRepartitionSupportInv>1.0</ns0:txRepartitionSupportInv><ns0:deviseFonds>EUR</ns0:deviseFonds></ns0:SupportInv></ns0:OccurStructInv></ns0:StructInv></ns0:CalculerEncoursContratFunc></ns0:CalculerEncoursContratResponse></SOAP-ENV:Body></SOAP-ENV:Envelope>