<SOAP-ENV:Envelope xmlns:SOAP-ENV="http://schemas.xmlsoap.org/soap/envelope/"><SOAP-ENV:Header><ns:WSResponseMetaInfo xmlns:ns="http://www.fmk.com/ESB/Framework/ESBTechPivotSchema" xmlns:ns0="http://schemas.xmlsoap.org/soap/envelope/" xmlns:xs="http://www.w3.org/2001/XMLSchema" xmlns:xsi="http://www.w3.org/2001/XMLSchema-instance"><ns:FuncFault/><ns:BusinessHeader/></ns:WSResponseMetaInfo></SOAP-ENV:Header><SOAP-ENV:Body><ns0:CalculerEncoursContratResponse xmlns:ns0="http://www.alm.com/esb/service/GestContratTer_2/CalculerEncoursContrat_3"><ns0:CalculerEncoursContratFunc><ns0:StructInv><ns0:IdentificationStructInv><ns0:idStructInv>RA199598743000</ns0:idStructInv><ns0:montantEncours>7205.37</ns0:montantEncours><ns0:deviseEncours>EUR</ns0:deviseEncours><ns0:dateValeurFG>2020-01-12</ns0:dateValeurFG><ns0:dateValeurUC>2020-01-12</ns0:dateValeurUC><ns0:codeTypeEncoursSilo>TAUX_DEFINITIF</ns0:codeTypeEncoursSilo><ns0:libTypeEncoursSilo>ENCOURS AU TAUX DEFINITIF</ns0:libTypeEncoursSilo><ns0:indicSitEstimeSilo>true</ns0:indicSitEstimeSilo></ns0:IdentificationStructInv><ns0:OccurStructInv><ns0:idOccurStructInv>RA199598743000_VL</ns0:idOccurStructInv><ns0:idOccurParentStructInv>RA199598743000</ns0:idOccurParentStructInv><ns0:montantOccurSupportInv>7205.37</ns0:montantOccurSupportInv><ns0:deviseOccurSupportInv>EUR</ns0:deviseOccurSupportInv><ns0:ContributionInv><ns0:identifiantContributionInvestissement>VL</ns0:identifiantContributionInvestissement><ns0:codeContributionInvSilo>VL</ns0:codeContributionInvSilo><ns0:libContributionInvSilo>VERSEMENT LIBRE</ns0:libContributionInvSilo><ns0:txRepartitionContribution>100.0</ns0:txRepartitionContribution><ns0:indicTxDerogeableContributionInv>false</ns0:indicTxDerogeableContributionInv></ns0:ContributionInv></ns0:OccurStructInv><ns0:OccurStructInv><ns0:idOccurStructInv>RA199598743000_VL_66</ns0:idOccurStructInv><ns0:idOccurParentStructInv>RA199598743000_VL</ns0:idOccurParentStructInv><ns0:montantOccurSupportInv>7205.37</ns0:montantOccurSupportInv><ns0:deviseOccurSupportInv>EUR</ns0:deviseOccurSupportInv><ns0:GrilleInv><ns0:idGrilleInv>66</ns0:idGrilleInv><ns0:nomGrilleInv>HORIZON EQUILIBRE</ns0:nomGrilleInv><ns0:txRepartitionGrilleInv>100.0</ns0:txRepartitionGrilleInv><ns0:indicTxDerogeableGrilleInv>false</ns0:indicTxDerogeableGrilleInv></ns0:GrilleInv></ns0:OccurStructInv><ns0:OccurStructInv><ns0:idOccurStructInv>RA199598743000_VL_66_66/013/099</ns0:idOccurStructInv><ns0:idOccurParentStructInv>RA199598743000_VL_66</ns0:idOccurParentStructInv><ns0:montantOccurSupportInv>7205.37</ns0:montantOccurSupportInv><ns0:deviseOccurSupportInv>EUR</ns0:deviseOccurSupportInv><ns0:HorizonInv><ns0:idHorizonInv>66/013/099</ns0:idHorizonInv><ns0:nomHorizonInv>DE013A099</ns0:nomHorizonInv><ns0:borneMinDeplacerCapitalInvesti>13</ns0:borneMinDeplacerCapitalInvesti><ns0:borneMaxDeplacerCapitalInvesti>99</ns0:borneMaxDeplacerCapitalInvesti></ns0:HorizonInv></ns0:OccurStructInv><ns0:OccurStructInv><ns0:idOccurStructInv>RA199598743000_VL_66_66/013/099_50000000</ns0:idOccurStructInv><ns0:idOccurParentStructInv>RA199598743000_VL_66_66/013/099</ns0:idOccurParentStructInv><ns0:montantOccurSupportInv>3636.03</ns0:montantOccurSupportInv><ns0:deviseOccurSupportInv>EUR</ns0:deviseOccurSupportInv><ns0:ProfilInv><ns0:idProfilInv>50000000</ns0:idProfilInv><ns0:nomProfilInv>ACTIF GENERAL</ns0:nomProfilInv><ns0:txRepartitionProfilInv>0.50462779</ns0:txRepartitionProfilInv><ns0:indicTxDerogeableProfilInv>false</ns0:indicTxDerogeableProfilInv></ns0:ProfilInv></ns0:OccurStructInv><ns0:OccurStructInv><ns0:idOccurStructInv>RA199598743000_VL_66_66/013/099_50000000_0000004</ns0:idOccurStructInv><ns0:idOccurParentStructInv>RA199598743000_VL_66_66/013/099_50000000</ns0:idOccurParentStructInv><ns0:codeNatureSupportInv>FDSGES</ns0:codeNatureSupportInv><ns0:libNatureSupportInv>Fonds Euro</ns0:libNatureSupportInv><ns0:codeNatureSupportInvSilo>FG</ns0:codeNatureSupportInvSilo><ns0:libNatureSupportInvSilo>FONDS DE GESTION</ns0:libNatureSupportInvSilo><ns0:montantOccurSupportInv>3636.03</ns0:montantOccurSupportInv><ns0:deviseOccurSupportInv>EUR</ns0:deviseOccurSupportInv><ns0:SupportInv><ns0:idSupportInv>0000004</ns0:idSupportInv><ns0:nomSupportInv>ACTIF GENERAL</ns0:nomSupportInv><ns0:txRepartitionSupportInv>1.0</ns0:txRepartitionSupportInv><ns0:valeurLiquidativeFond>0.0</ns0:valeurLiquidativeFond><ns0:nbePartFonds>0.0</ns0:nbePartFonds><ns0:deviseFonds>EUR</ns0:deviseFonds></ns0:SupportInv></ns0:OccurStructInv><ns0:OccurStructInv><ns0:idOccurStructInv>RA199598743000_VL_66_66/013/099_50000007</ns0:idOccurStructInv><ns0:idOccurParentStructInv>RA199598743000_VL_66_66/013/099</ns0:idOccurParentStructInv><ns0:montantOccurSupportInv>732.6</ns0:montantOccurSupportInv><ns0:deviseOccurSupportInv>EUR</ns0:deviseOccurSupportInv><ns0:ProfilInv><ns0:idProfilInv>50000007</ns0:idProfilInv><ns0:nomProfilInv>ALM OFFENSIF</ns0:nomProfilInv><ns0:txRepartitionProfilInv>0.10167416</ns0:txRepartitionProfilInv><ns0:indicTxDerogeableProfilInv>false</ns0:indicTxDerogeableProfilInv></ns0:ProfilInv></ns0:OccurStructInv><ns0:OccurStructInv><ns0:idOccurStructInv>RA199598743000_VL_66_66/013/099_50000007_0001753</ns0:idOccurStructInv><ns0:idOccurParentStructInv>RA199598743000_VL_66_66/013/099_50000007</ns0:idOccurParentStructInv><ns0:codeNatureSupportInv>UNICPT</ns0:codeNatureSupportInv><ns0:libNatureSupportInv>UC</ns0:libNatureSupportInv><ns0:codeNatureSupportInvSilo>UC</ns0:codeNatureSupportInvSilo><ns0:libNatureSupportInvSilo>UNITE DE COMPTE</ns0:libNatureSupportInvSilo><ns0:montantOccurSupportInv>732.6</ns0:montantOccurSupportInv><ns0:deviseOccurSupportInv>EUR</ns0:deviseOccurSupportInv><ns0:SupportInv><ns0:idSupportInv>0001753</ns0:idSupportInv><ns0:codeISIN>FR0007044797</ns0:codeISIN><ns0:nomSupportInv>ALM OFFENSIF</ns0:nomSupportInv><ns0:codeCategorieFondsSilo>FDF</ns0:codeCategorieFondsSilo><ns0:libCategorieFondsSilo>FONDS DE FONDS</ns0:libCategorieFondsSilo><ns0:txRepartitionSupportInv>1.0</ns0:txRepartitionSupportInv><ns0:valeurLiquidativeFond>217.13</ns0:valeurLiquidativeFond><ns0:dateValeurLiquidative>2020-01-05</ns0:dateValeurLiquidative><ns0:nbePartFonds>3.374</ns0:nbePartFonds><ns0:deviseFonds>EUR</ns0:deviseFonds></ns0:SupportInv></ns0:OccurStructInv><ns0:OccurStructInv><ns0:idOccurStructInv>RA199598743000_VL_66_66/013/099_50000031</ns0:idOccurStructInv><ns0:idOccurParentStructInv>RA199598743000_VL_66_66/013/099</ns0:idOccurParentStructInv><ns0:montantOccurSupportInv>2836.74</ns0:montantOccurSupportInv><ns0:deviseOccurSupportInv>EUR</ns0:deviseOccurSupportInv><ns0:ProfilInv><ns0:idProfilInv>50000031</ns0:idProfilInv><ns0:nomProfilInv>ALM CLASSIC RA</ns0:nomProfilInv><ns0:txRepartitionProfilInv>0.39369803</ns0:txRepartitionProfilInv><ns0:indicTxDerogeableProfilInv>false</ns0:indicTxDerogeableProfilInv></ns0:ProfilInv></ns0:OccurStructInv><ns0:OccurStructInv><ns0:idOccurStructInv>RA199598743000_VL_66_66/013/099_50000031_0001166</ns0:idOccurStructInv><ns0:idOccurParentStructInv>RA199598743000_VL_66_66/013/099_50000031</ns0:idOccurParentStructInv><ns0:codeNatureSupportInv>UNICPT</ns0:codeNatureSupportInv><ns0:libNatureSupportInv>UC</ns0:libNatureSupportInv><ns0:codeNatureSupportInvSilo>UC</ns0:codeNatureSupportInvSilo><ns0:libNatureSupportInvSilo>UNITE DE COMPTE</ns0:libNatureSupportInvSilo><ns0:montantOccurSupportInv>2836.74</ns0:montantOccurSupportInv><ns0:deviseOccurSupportInv>EUR</ns0:deviseOccurSupportInv><ns0:SupportInv><ns0:idSupportInv>0001166</ns0:idSupportInv><ns0:codeISIN>FR0007025192</ns0:codeISIN><ns0:nomSupportInv>ALM CLASSIC</ns0:nomSupportInv><ns0:codeCategorieFondsSilo>FDF</ns0:codeCategorieFondsSilo><ns0:libCategorieFondsSilo>FONDS DE FONDS</ns0:libCategorieFondsSilo><ns0:txRepartitionSupportInv>1.0</ns0:txRepartitionSupportInv><ns0:valeurLiquidativeFond>325.43</ns0:valeurLiquidativeFond><ns0:dateValeurLiquidative>2020-01-05</ns0:dateValeurLiquidative><ns0:nbePartFonds>8.7169</ns0:nbePartFonds><ns0:deviseFonds>EUR</ns0:deviseFonds></ns0:SupportInv></ns0:OccurStructInv></ns0:StructInv></ns0:CalculerEncoursContratFunc></ns0:CalculerEncoursContratResponse></SOAP-ENV:Body></SOAP-ENV:Envelope>