<SOAP-ENV:Envelope xmlns:SOAP-ENV="http://schemas.xmlsoap.org/soap/envelope/"><SOAP-ENV:Header><ns:WSResponseMetaInfo xmlns:ns="http://www.fmk.com/ESB/Framework/ESBTechPivotSchema" xmlns:ns0="http://schemas.xmlsoap.org/soap/envelope/" xmlns:xs="http://www.w3.org/2001/XMLSchema" xmlns:xsi="http://www.w3.org/2001/XMLSchema-instance" xmlns:SOAP-ENV="http://schemas.xmlsoap.org/soap/envelope/"><ns:FuncFault/><ns:BusinessHeader/></ns:WSResponseMetaInfo></SOAP-ENV:Header><SOAP-ENV:Body><ns0:CalculerEncoursContratResponse xmlns:ns0="http://www.alm.com/esb/service/GestContratTer_2/CalculerEncoursContrat_3"><ns0:CalculerEncoursContratFunc><ns0:StructInv><ns0:IdentificationStructInv><ns0:idStructInv>SF_15711086</ns0:idStructInv><ns0:codeSituationStructInv>ENCOU</ns0:codeSituationStructInv><ns0:libSituationStructInv>En cours</ns0:libSituationStructInv><ns0:codeSituationStructInvSilo>E</ns0:codeSituationStructInvSilo><ns0:libSituationStructInvSilo>En cours</ns0:libSituationStructInvSilo><ns0:montantEncours>9984.02</ns0:montantEncours><ns0:deviseEncours>EUR</ns0:deviseEncours><ns0:dateValeurFG>2020-10-01</ns0:dateValeurFG><ns0:dateValeurUC>2020-09-25</ns0:dateValeurUC><ns0:codeTypeEncoursSilo>TAUX_PROVISOIRE</ns0:codeTypeEncoursSilo><ns0:libTypeEncoursSilo>Encours au taux provisoire</ns0:libTypeEncoursSilo><ns0:indicSitEstimeSilo>false</ns0:indicSitEstimeSilo></ns0:IdentificationStructInv><ns0:OccurStructInv><ns0:idOccurStructInv>SF_15711085</ns0:idOccurStructInv><ns0:idOccurParentStructInv>SF_15711086</ns0:idOccurParentStructInv><ns0:montantOccurSupportInv>9984.02</ns0:montantOccurSupportInv><ns0:deviseOccurSupportInv>EUR</ns0:deviseOccurSupportInv><ns0:ContributionInv><ns0:identifiantContributionInvestissement>15711085</ns0:identifiantContributionInvestissement><ns0:libContributionInvSilo/><ns0:txRepartitionContribution>1.0</ns0:txRepartitionContribution></ns0:ContributionInv></ns0:OccurStructInv><ns0:OccurStructInv><ns0:idOccurStructInv>SF_15711083</ns0:idOccurStructInv><ns0:idOccurParentStructInv>SF_15711085</ns0:idOccurParentStructInv><ns0:codeModeGestionInv>PILHRZ</ns0:codeModeGestionInv><ns0:libModeGestionInv>Gestion pilotée horizon</ns0:libModeGestionInv><ns0:codeModeGestionInvSilo>GP</ns0:codeModeGestionInvSilo><ns0:libModeGestionInvSilo>Gestion pilotée</ns0:libModeGestionInvSilo><ns0:codeNatureSupportInv>MIXTE</ns0:codeNatureSupportInv><ns0:libNatureSupportInv>Mixte</ns0:libNatureSupportInv><ns0:codeNatureSupportInvSilo>MI</ns0:codeNatureSupportInvSilo><ns0:libNatureSupportInvSilo>Mixte</ns0:libNatureSupportInvSilo><ns0:montantOccurSupportInv>9984.02</ns0:montantOccurSupportInv><ns0:deviseOccurSupportInv>EUR</ns0:deviseOccurSupportInv><ns0:GrilleInv><ns0:idGrilleInv>12938</ns0:idGrilleInv><ns0:nomGrilleInv>G_E_B_Offre2020PERO_MERCER_EQUILIBR</ns0:nomGrilleInv><ns0:txRepartitionGrilleInv>1.0</ns0:txRepartitionGrilleInv></ns0:GrilleInv></ns0:OccurStructInv><ns0:OccurStructInv><ns0:idOccurStructInv>SF_15711083 SI_12964</ns0:idOccurStructInv><ns0:idOccurParentStructInv>SF_15711083</ns0:idOccurParentStructInv><ns0:codeNatureSupportInv>MIXTE</ns0:codeNatureSupportInv><ns0:libNatureSupportInv>Mixte</ns0:libNatureSupportInv><ns0:codeNatureSupportInvSilo>MI</ns0:codeNatureSupportInvSilo><ns0:libNatureSupportInvSilo>Mixte</ns0:libNatureSupportInvSilo><ns0:montantOccurSupportInv>9984.02</ns0:montantOccurSupportInv><ns0:deviseOccurSupportInv>EUR</ns0:deviseOccurSupportInv><ns0:HorizonInv><ns0:idHorizonInv>12964</ns0:idHorizonInv><ns0:nomHorizonInv>25 ans et plus</ns0:nomHorizonInv><ns0:borneMinDeplacerCapitalInvesti>300</ns0:borneMinDeplacerCapitalInvesti></ns0:HorizonInv></ns0:OccurStructInv><ns0:OccurStructInv><ns0:idOccurStructInv>SF_15711083 SI_12964 SI_12141</ns0:idOccurStructInv><ns0:idOccurParentStructInv>SF_15711083 SI_12964</ns0:idOccurParentStructInv><ns0:codeNatureSupportInv>MIXTE</ns0:codeNatureSupportInv><ns0:libNatureSupportInv>Mixte</ns0:libNatureSupportInv><ns0:codeNatureSupportInvSilo>MI</ns0:codeNatureSupportInvSilo><ns0:libNatureSupportInvSilo>Mixte</ns0:libNatureSupportInvSilo><ns0:montantOccurSupportInv>802.56</ns0:montantOccurSupportInv><ns0:deviseOccurSupportInv>EUR</ns0:deviseOccurSupportInv><ns0:ProfilInv><ns0:idProfilInv>12141</ns0:idProfilInv><ns0:nomProfilInv>A_E_B_Offre2020PERO_FAIBLERISQUE</ns0:nomProfilInv><ns0:txRepartitionProfilInv>0.0804</ns0:txRepartitionProfilInv></ns0:ProfilInv></ns0:OccurStructInv><ns0:OccurStructInv><ns0:idOccurStructInv>SF_15711083 SI_12964 SI_12141 SU_4975</ns0:idOccurStructInv><ns0:idOccurParentStructInv>SF_15711083 SI_12964 SI_12141</ns0:idOccurParentStructInv><ns0:codeNatureSupportInv>UNICPT</ns0:codeNatureSupportInv><ns0:libNatureSupportInv>UC</ns0:libNatureSupportInv><ns0:codeNatureSupportInvSilo>UC</ns0:codeNatureSupportInvSilo><ns0:libNatureSupportInvSilo>Unité de Compte</ns0:libNatureSupportInvSilo><ns0:montantOccurSupportInv>162.44</ns0:montantOccurSupportInv><ns0:deviseOccurSupportInv>EUR</ns0:deviseOccurSupportInv><ns0:SupportInv><ns0:idSupportInv>4975</ns0:idSupportInv><ns0:codeISIN>FR0013459070</ns0:codeISIN><ns0:nomSupportInv>ALM CREDIT EURO ISR RB</ns0:nomSupportInv><ns0:codeCategorieFonds>OPACT</ns0:codeCategorieFonds><ns0:libCategorieFonds>OPCVM à tendance actions</ns0:libCategorieFonds><ns0:codeCategorieFondsSilo>PAC</ns0:codeCategorieFondsSilo><ns0:libCategorieFondsSilo>OPCVM à tendance actions</ns0:libCategorieFondsSilo><ns0:txRepartitionSupportInv>0.2024</ns0:txRepartitionSupportInv><ns0:valeurLiquidativeFond>100.97</ns0:valeurLiquidativeFond><ns0:dateValeurLiquidative>2020-09-25</ns0:dateValeurLiquidative><ns0:nbePartFonds>1.608804406</ns0:nbePartFonds><ns0:deviseFonds>EUR</ns0:deviseFonds></ns0:SupportInv></ns0:OccurStructInv><ns0:OccurStructInv><ns0:idOccurStructInv>SF_15711083 SI_12964 SI_12141 SU_4548</ns0:idOccurStructInv><ns0:idOccurParentStructInv>SF_15711083 SI_12964 SI_12141</ns0:idOccurParentStructInv><ns0:codeNatureSupportInv>FDSGES</ns0:codeNatureSupportInv><ns0:libNatureSupportInv>Fonds Euro</ns0:libNatureSupportInv><ns0:codeNatureSupportInvSilo>FG</ns0:codeNatureSupportInvSilo><ns0:libNatureSupportInvSilo>Fond en Devises</ns0:libNatureSupportInvSilo><ns0:montantOccurSupportInv>640.12</ns0:montantOccurSupportInv><ns0:deviseOccurSupportInv>EUR</ns0:deviseOccurSupportInv><ns0:SupportInv><ns0:idSupportInv>4548</ns0:idSupportInv><ns0:nomSupportInv>Actif en euros</ns0:nomSupportInv><ns0:codeCategorieFonds>FDPR</ns0:codeCategorieFonds><ns0:libCategorieFonds>Fonds propres</ns0:libCategorieFonds><ns0:codeCategorieFondsSilo>FPR</ns0:codeCategorieFondsSilo><ns0:libCategorieFondsSilo>Fonds propres</ns0:libCategorieFondsSilo><ns0:txRepartitionSupportInv>0.7976</ns0:txRepartitionSupportInv><ns0:deviseFonds>EUR</ns0:deviseFonds></ns0:SupportInv></ns0:OccurStructInv><ns0:OccurStructInv><ns0:idOccurStructInv>SF_15711083 SI_12964 SI_12128</ns0:idOccurStructInv><ns0:idOccurParentStructInv>SF_15711083 SI_12964</ns0:idOccurParentStructInv><ns0:codeNatureSupportInv>UNICPT</ns0:codeNatureSupportInv><ns0:libNatureSupportInv>UC</ns0:libNatureSupportInv><ns0:codeNatureSupportInvSilo>UC</ns0:codeNatureSupportInvSilo><ns0:libNatureSupportInvSilo>Unité de Compte</ns0:libNatureSupportInvSilo><ns0:montantOccurSupportInv>1137.43</ns0:montantOccurSupportInv><ns0:deviseOccurSupportInv>EUR</ns0:deviseOccurSupportInv><ns0:ProfilInv><ns0:idProfilInv>12128</ns0:idProfilInv><ns0:nomProfilInv>A_B_Offre2020PERO_PEAPME</ns0:nomProfilInv><ns0:txRepartitionProfilInv>0.1139</ns0:txRepartitionProfilInv></ns0:ProfilInv></ns0:OccurStructInv><ns0:OccurStructInv><ns0:idOccurStructInv>SF_15711083 SI_12964 SI_12128 SU_4954</ns0:idOccurStructInv><ns0:idOccurParentStructInv>SF_15711083 SI_12964 SI_12128</ns0:idOccurParentStructInv><ns0:codeNatureSupportInv>UNICPT</ns0:codeNatureSupportInv><ns0:libNatureSupportInv>UC</ns0:libNatureSupportInv><ns0:codeNatureSupportInvSilo>UC</ns0:codeNatureSupportInvSilo><ns0:libNatureSupportInvSilo>Unité de Compte</ns0:libNatureSupportInvSilo><ns0:montantOccurSupportInv>1137.43</ns0:montantOccurSupportInv><ns0:deviseOccurSupportInv>EUR</ns0:deviseOccurSupportInv><ns0:SupportInv><ns0:idSupportInv>4954</ns0:idSupportInv><ns0:codeISIN>FR0013419637</ns0:codeISIN><ns0:nomSupportInv>ALM SELECTION PEA PME RB</ns0:nomSupportInv><ns0:codeCategorieFonds>OPCVM</ns0:codeCategorieFonds><ns0:libCategorieFonds>OPVCM</ns0:libCategorieFonds><ns0:codeCategorieFondsSilo>OPC</ns0:codeCategorieFondsSilo><ns0:libCategorieFondsSilo>OPVCM</ns0:libCategorieFondsSilo><ns0:txRepartitionSupportInv>1.0</ns0:txRepartitionSupportInv><ns0:valeurLiquidativeFond>106.74</ns0:valeurLiquidativeFond><ns0:dateValeurLiquidative>2020-09-25</ns0:dateValeurLiquidative><ns0:nbePartFonds>10.656056287</ns0:nbePartFonds><ns0:deviseFonds>EUR</ns0:deviseFonds></ns0:SupportInv></ns0:OccurStructInv><ns0:OccurStructInv><ns0:idOccurStructInv>SF_15711083 SI_12964 SI_12798</ns0:idOccurStructInv><ns0:idOccurParentStructInv>SF_15711083 SI_12964</ns0:idOccurParentStructInv><ns0:codeNatureSupportInv>UNICPT</ns0:codeNatureSupportInv><ns0:libNatureSupportInv>UC</ns0:libNatureSupportInv><ns0:codeNatureSupportInvSilo>UC</ns0:codeNatureSupportInvSilo><ns0:libNatureSupportInvSilo>Unité de Compte</ns0:libNatureSupportInvSilo><ns0:montantOccurSupportInv>2588.36</ns0:montantOccurSupportInv><ns0:deviseOccurSupportInv>EUR</ns0:deviseOccurSupportInv><ns0:ProfilInv><ns0:idProfilInv>12798</ns0:idProfilInv><ns0:nomProfilInv>A_B_Offre2020_MERCER_ACTION</ns0:nomProfilInv><ns0:txRepartitionProfilInv>0.2593</ns0:txRepartitionProfilInv></ns0:ProfilInv></ns0:OccurStructInv><ns0:OccurStructInv><ns0:idOccurStructInv>SF_15711083 SI_12964 SI_12798 SU_4989</ns0:idOccurStructInv><ns0:idOccurParentStructInv>SF_15711083 SI_12964 SI_12798</ns0:idOccurParentStructInv><ns0:codeNatureSupportInv>UNICPT</ns0:codeNatureSupportInv><ns0:libNatureSupportInv>UC</ns0:libNatureSupportInv><ns0:codeNatureSupportInvSilo>UC</ns0:codeNatureSupportInvSilo><ns0:libNatureSupportInvSilo>Unité de Compte</ns0:libNatureSupportInvSilo><ns0:montantOccurSupportInv>996.88</ns0:montantOccurSupportInv><ns0:deviseOccurSupportInv>EUR</ns0:deviseOccurSupportInv><ns0:SupportInv><ns0:idSupportInv>4989</ns0:idSupportInv><ns0:codeISIN>IE00BFNS6416</ns0:codeISIN><ns0:nomSupportInv>RUSSELL MSMM EUROZONE EQUITY C CLASS</ns0:nomSupportInv><ns0:codeCategorieFonds>OPACT</ns0:codeCategorieFonds><ns0:libCategorieFonds>OPCVM à tendance actions</ns0:libCategorieFonds><ns0:codeCategorieFondsSilo>PAC</ns0:codeCategorieFondsSilo><ns0:libCategorieFondsSilo>OPCVM à tendance actions</ns0:libCategorieFondsSilo><ns0:txRepartitionSupportInv>0.3851</ns0:txRepartitionSupportInv><ns0:valeurLiquidativeFond>917.53</ns0:valeurLiquidativeFond><ns0:dateValeurLiquidative>2020-09-25</ns0:dateValeurLiquidative><ns0:nbePartFonds>1.0864772321</ns0:nbePartFonds><ns0:deviseFonds>EUR</ns0:deviseFonds></ns0:SupportInv></ns0:OccurStructInv><ns0:OccurStructInv><ns0:idOccurStructInv>SF_15711083 SI_12964 SI_12798 SU_4988</ns0:idOccurStructInv><ns0:idOccurParentStructInv>SF_15711083 SI_12964 SI_12798</ns0:idOccurParentStructInv><ns0:codeNatureSupportInv>UNICPT</ns0:codeNatureSupportInv><ns0:libNatureSupportInv>UC</ns0:libNatureSupportInv><ns0:codeNatureSupportInvSilo>UC</ns0:codeNatureSupportInvSilo><ns0:libNatureSupportInvSilo>Unité de Compte</ns0:libNatureSupportInvSilo><ns0:montantOccurSupportInv>1591.48</ns0:montantOccurSupportInv><ns0:deviseOccurSupportInv>EUR</ns0:deviseOccurSupportInv><ns0:SupportInv><ns0:idSupportInv>4988</ns0:idSupportInv><ns0:codeISIN>IE00B1FRPP29</ns0:codeISIN><ns0:nomSupportInv>RIC World Equity Fund II</ns0:nomSupportInv><ns0:codeCategorieFonds>OPACT</ns0:codeCategorieFonds><ns0:libCategorieFonds>OPCVM à tendance actions</ns0:libCategorieFonds><ns0:codeCategorieFondsSilo>PAC</ns0:codeCategorieFondsSilo><ns0:libCategorieFondsSilo>OPCVM à tendance actions</ns0:libCategorieFondsSilo><ns0:txRepartitionSupportInv>0.6149</ns0:txRepartitionSupportInv><ns0:valeurLiquidativeFond>17.46</ns0:valeurLiquidativeFond><ns0:dateValeurLiquidative>2020-09-25</ns0:dateValeurLiquidative><ns0:nbePartFonds>106.4164764695</ns0:nbePartFonds><ns0:deviseFonds>USD</ns0:deviseFonds></ns0:SupportInv></ns0:OccurStructInv><ns0:OccurStructInv><ns0:idOccurStructInv>SF_15711083 SI_12964 SI_12797</ns0:idOccurStructInv><ns0:idOccurParentStructInv>SF_15711083 SI_12964</ns0:idOccurParentStructInv><ns0:codeNatureSupportInv>UNICPT</ns0:codeNatureSupportInv><ns0:libNatureSupportInv>UC</ns0:libNatureSupportInv><ns0:codeNatureSupportInvSilo>UC</ns0:codeNatureSupportInvSilo><ns0:libNatureSupportInvSilo>Unité de Compte</ns0:libNatureSupportInvSilo><ns0:montantOccurSupportInv>5455.67</ns0:montantOccurSupportInv><ns0:deviseOccurSupportInv>EUR</ns0:deviseOccurSupportInv><ns0:ProfilInv><ns0:idProfilInv>12797</ns0:idProfilInv><ns0:nomProfilInv>A_B_Offre2020_MERCER_DIVERSIFIE</ns0:nomProfilInv><ns0:txRepartitionProfilInv>0.5464</ns0:txRepartitionProfilInv></ns0:ProfilInv></ns0:OccurStructInv><ns0:OccurStructInv><ns0:idOccurStructInv>SF_15711083 SI_12964 SI_12797 SU_4991</ns0:idOccurStructInv><ns0:idOccurParentStructInv>SF_15711083 SI_12964 SI_12797</ns0:idOccurParentStructInv><ns0:codeNatureSupportInv>UNICPT</ns0:codeNatureSupportInv><ns0:libNatureSupportInv>UC</ns0:libNatureSupportInv><ns0:codeNatureSupportInvSilo>UC</ns0:codeNatureSupportInvSilo><ns0:libNatureSupportInvSilo>Unité de Compte</ns0:libNatureSupportInvSilo><ns0:montantOccurSupportInv>2156.65</ns0:montantOccurSupportInv><ns0:deviseOccurSupportInv>EUR</ns0:deviseOccurSupportInv><ns0:SupportInv><ns0:idSupportInv>4991</ns0:idSupportInv><ns0:codeISIN>LU1276000236</ns0:codeISIN><ns0:nomSupportInv>EDR FD INCOME EUROPE R</ns0:nomSupportInv><ns0:codeCategorieFonds>OPOBL</ns0:codeCategorieFonds><ns0:libCategorieFonds>OPCVM à tendance obligations</ns0:libCategorieFonds><ns0:codeCategorieFondsSilo>POB</ns0:codeCategorieFondsSilo><ns0:libCategorieFondsSilo>OPCVM à tendance obligations</ns0:libCategorieFondsSilo><ns0:txRepartitionSupportInv>0.3953</ns0:txRepartitionSupportInv><ns0:valeurLiquidativeFond>97.08</ns0:valeurLiquidativeFond><ns0:dateValeurLiquidative>2020-09-25</ns0:dateValeurLiquidative><ns0:nbePartFonds>22.2151847206</ns0:nbePartFonds><ns0:deviseFonds>EUR</ns0:deviseFonds></ns0:SupportInv></ns0:OccurStructInv><ns0:OccurStructInv><ns0:idOccurStructInv>SF_15711083 SI_12964 SI_12797 SU_5092</ns0:idOccurStructInv><ns0:idOccurParentStructInv>SF_15711083 SI_12964 SI_12797</ns0:idOccurParentStructInv><ns0:codeNatureSupportInv>UNICPT</ns0:codeNatureSupportInv><ns0:libNatureSupportInv>UC</ns0:libNatureSupportInv><ns0:codeNatureSupportInvSilo>UC</ns0:codeNatureSupportInvSilo><ns0:libNatureSupportInvSilo>Unité de Compte</ns0:libNatureSupportInvSilo><ns0:montantOccurSupportInv>3299.02</ns0:montantOccurSupportInv><ns0:deviseOccurSupportInv>EUR</ns0:deviseOccurSupportInv><ns0:SupportInv><ns0:idSupportInv>5092</ns0:idSupportInv><ns0:codeISIN>FR0013328051</ns0:codeISIN><ns0:nomSupportInv>FIDIES EQUILIBRE C</ns0:nomSupportInv><ns0:codeCategorieFonds>OPCVM</ns0:codeCategorieFonds><ns0:libCategorieFonds>OPVCM</ns0:libCategorieFonds><ns0:codeCategorieFondsSilo>OPC</ns0:codeCategorieFondsSilo><ns0:libCategorieFondsSilo>OPVCM</ns0:libCategorieFondsSilo><ns0:txRepartitionSupportInv>0.6047</ns0:txRepartitionSupportInv><ns0:valeurLiquidativeFond>1051.97</ns0:valeurLiquidativeFond><ns0:dateValeurLiquidative>2020-09-25</ns0:dateValeurLiquidative><ns0:nbePartFonds>3.1360414096</ns0:nbePartFonds><ns0:deviseFonds>EUR</ns0:deviseFonds></ns0:SupportInv></ns0:OccurStructInv></ns0:StructInv></ns0:CalculerEncoursContratFunc></ns0:CalculerEncoursContratResponse></SOAP-ENV:Body></SOAP-ENV:Envelope>