<SOAP-ENV:Envelope xmlns:SOAP-ENV="http://schemas.xmlsoap.org/soap/envelope/"><SOAP-ENV:Header><ns:WSResponseMetaInfo xmlns:ns="http://www.fmk.com/ESB/Framework/ESBTechPivotSchema" xmlns:ns0="http://schemas.xmlsoap.org/soap/envelope/" xmlns:xs="http://www.w3.org/2001/XMLSchema" xmlns:xsi="http://www.w3.org/2001/XMLSchema-instance"><ns:FuncFault/><ns:BusinessHeader/></ns:WSResponseMetaInfo></SOAP-ENV:Header><SOAP-ENV:Body><ns0:CalculerEncoursContratResponse xmlns:ns0="http://www.alm.com/esb/service/GestContratTer_2/CalculerEncoursContrat_3"><ns0:CalculerEncoursContratFunc><ns0:StructInv><ns0:IdentificationStructInv><ns0:idStructInv>SF_3221439</ns0:idStructInv><ns0:codeSituationStructInv>ENCOU</ns0:codeSituationStructInv><ns0:libSituationStructInv>En cours</ns0:libSituationStructInv><ns0:codeSituationStructInvSilo>E</ns0:codeSituationStructInvSilo><ns0:libSituationStructInvSilo>En cours</ns0:libSituationStructInvSilo><ns0:montantEncours>14942.44</ns0:montantEncours><ns0:deviseEncours>EUR</ns0:deviseEncours><ns0:dateValeurFG>2020-06-15</ns0:dateValeurFG><ns0:dateValeurUC>2020-06-15</ns0:dateValeurUC><ns0:codeTypeEncoursSilo>TAUX_PROVISOIRE</ns0:codeTypeEncoursSilo><ns0:libTypeEncoursSilo>Encours au taux provisoire</ns0:libTypeEncoursSilo><ns0:indicSitEstimeSilo>false</ns0:indicSitEstimeSilo></ns0:IdentificationStructInv><ns0:OccurStructInv><ns0:idOccurStructInv>SF_3221438</ns0:idOccurStructInv><ns0:idOccurParentStructInv>SF_3221439</ns0:idOccurParentStructInv><ns0:montantOccurSupportInv>14942.44</ns0:montantOccurSupportInv><ns0:deviseOccurSupportInv>EUR</ns0:deviseOccurSupportInv><ns0:ContributionInv><ns0:identifiantContributionInvestissement>3221438</ns0:identifiantContributionInvestissement><ns0:codeContributionInv>PPATRO</ns0:codeContributionInv><ns0:libContributionInv>Part Patronale</ns0:libContributionInv><ns0:libContributionInvSilo>Part patronale</ns0:libContributionInvSilo><ns0:txRepartitionContribution>1.0</ns0:txRepartitionContribution></ns0:ContributionInv></ns0:OccurStructInv><ns0:OccurStructInv><ns0:idOccurStructInv>SF_3221436</ns0:idOccurStructInv><ns0:idOccurParentStructInv>SF_3221438</ns0:idOccurParentStructInv><ns0:codeModeGestionInv>LIBRE</ns0:codeModeGestionInv><ns0:libModeGestionInv>Gestion libre</ns0:libModeGestionInv><ns0:codeModeGestionInvSilo>GL</ns0:codeModeGestionInvSilo><ns0:libModeGestionInvSilo>Gestion libre</ns0:libModeGestionInvSilo><ns0:codeNatureSupportInv>FDSGES</ns0:codeNatureSupportInv><ns0:libNatureSupportInv>Fonds Euro</ns0:libNatureSupportInv><ns0:codeNatureSupportInvSilo>FG</ns0:codeNatureSupportInvSilo><ns0:libNatureSupportInvSilo>Fond en Devises</ns0:libNatureSupportInvSilo><ns0:montantOccurSupportInv>14942.44</ns0:montantOccurSupportInv><ns0:deviseOccurSupportInv>EUR</ns0:deviseOccurSupportInv><ns0:ProfilInv><ns0:idProfilInv>2918</ns0:idProfilInv><ns0:nomProfilInv>Fonds Euro EDF</ns0:nomProfilInv><ns0:txRepartitionProfilInv>1.0</ns0:txRepartitionProfilInv></ns0:ProfilInv></ns0:OccurStructInv><ns0:OccurStructInv><ns0:idOccurStructInv>SF_3221436 SU_3437 ST_5</ns0:idOccurStructInv><ns0:idOccurParentStructInv>SF_3221436 SU_3437</ns0:idOccurParentStructInv><ns0:codeNatureSupportInv>FDSGES</ns0:codeNatureSupportInv><ns0:libNatureSupportInv>Fonds Euro</ns0:libNatureSupportInv><ns0:codeNatureSupportInvSilo>FG</ns0:codeNatureSupportInvSilo><ns0:libNatureSupportInvSilo>Fond en Devises</ns0:libNatureSupportInvSilo><ns0:montantOccurSupportInv>1132.19</ns0:montantOccurSupportInv><ns0:deviseOccurSupportInv>EUR</ns0:deviseOccurSupportInv><ns0:TarifInv><ns0:idTarifInv>5</ns0:idTarifInv><ns0:nomTarifInv>Tarif 10</ns0:nomTarifInv><ns0:txRepartitionTarifInv>0.07577</ns0:txRepartitionTarifInv></ns0:TarifInv></ns0:OccurStructInv><ns0:OccurStructInv><ns0:idOccurStructInv>SF_3221436 SU_3437 ST_161</ns0:idOccurStructInv><ns0:idOccurParentStructInv>SF_3221436 SU_3437</ns0:idOccurParentStructInv><ns0:codeNatureSupportInv>FDSGES</ns0:codeNatureSupportInv><ns0:libNatureSupportInv>Fonds Euro</ns0:libNatureSupportInv><ns0:codeNatureSupportInvSilo>FG</ns0:codeNatureSupportInvSilo><ns0:libNatureSupportInvSilo>Fond en Devises</ns0:libNatureSupportInvSilo><ns0:montantOccurSupportInv>551.86</ns0:montantOccurSupportInv><ns0:deviseOccurSupportInv>EUR</ns0:deviseOccurSupportInv><ns0:TarifInv><ns0:idTarifInv>161</ns0:idTarifInv><ns0:nomTarifInv>Tarif 09</ns0:nomTarifInv><ns0:txRepartitionTarifInv>0.036932</ns0:txRepartitionTarifInv></ns0:TarifInv></ns0:OccurStructInv><ns0:OccurStructInv><ns0:idOccurStructInv>SF_3221436 SU_3437 ST_24026</ns0:idOccurStructInv><ns0:idOccurParentStructInv>SF_3221436 SU_3437</ns0:idOccurParentStructInv><ns0:codeNatureSupportInv>FDSGES</ns0:codeNatureSupportInv><ns0:libNatureSupportInv>Fonds Euro</ns0:libNatureSupportInv><ns0:codeNatureSupportInvSilo>FG</ns0:codeNatureSupportInvSilo><ns0:libNatureSupportInvSilo>Fond en Devises</ns0:libNatureSupportInvSilo><ns0:montantOccurSupportInv>1043.85</ns0:montantOccurSupportInv><ns0:deviseOccurSupportInv>EUR</ns0:deviseOccurSupportInv><ns0:TarifInv><ns0:idTarifInv>24026</ns0:idTarifInv><ns0:nomTarifInv>Tarif 01</ns0:nomTarifInv><ns0:txRepartitionTarifInv>0.069858</ns0:txRepartitionTarifInv></ns0:TarifInv></ns0:OccurStructInv><ns0:OccurStructInv><ns0:idOccurStructInv>SF_3221436 SU_3437 ST_1881</ns0:idOccurStructInv><ns0:idOccurParentStructInv>SF_3221436 SU_3437</ns0:idOccurParentStructInv><ns0:codeNatureSupportInv>FDSGES</ns0:codeNatureSupportInv><ns0:libNatureSupportInv>Fonds Euro</ns0:libNatureSupportInv><ns0:codeNatureSupportInvSilo>FG</ns0:codeNatureSupportInvSilo><ns0:libNatureSupportInvSilo>Fond en Devises</ns0:libNatureSupportInvSilo><ns0:montantOccurSupportInv>4808.85</ns0:montantOccurSupportInv><ns0:deviseOccurSupportInv>EUR</ns0:deviseOccurSupportInv><ns0:TarifInv><ns0:idTarifInv>1881</ns0:idTarifInv><ns0:nomTarifInv>Tarif 02</ns0:nomTarifInv><ns0:txRepartitionTarifInv>0.321825</ns0:txRepartitionTarifInv></ns0:TarifInv></ns0:OccurStructInv><ns0:OccurStructInv><ns0:idOccurStructInv>SF_3221436 SU_3437 ST_1641</ns0:idOccurStructInv><ns0:idOccurParentStructInv>SF_3221436 SU_3437</ns0:idOccurParentStructInv><ns0:codeNatureSupportInv>FDSGES</ns0:codeNatureSupportInv><ns0:libNatureSupportInv>Fonds Euro</ns0:libNatureSupportInv><ns0:codeNatureSupportInvSilo>FG</ns0:codeNatureSupportInvSilo><ns0:libNatureSupportInvSilo>Fond en Devises</ns0:libNatureSupportInvSilo><ns0:montantOccurSupportInv>1408.35</ns0:montantOccurSupportInv><ns0:deviseOccurSupportInv>EUR</ns0:deviseOccurSupportInv><ns0:TarifInv><ns0:idTarifInv>1641</ns0:idTarifInv><ns0:nomTarifInv>Tarif 03</ns0:nomTarifInv><ns0:txRepartitionTarifInv>0.094252</ns0:txRepartitionTarifInv></ns0:TarifInv></ns0:OccurStructInv><ns0:OccurStructInv><ns0:idOccurStructInv>SF_3221436 SU_3437 ST_1481</ns0:idOccurStructInv><ns0:idOccurParentStructInv>SF_3221436 SU_3437</ns0:idOccurParentStructInv><ns0:codeNatureSupportInv>FDSGES</ns0:codeNatureSupportInv><ns0:libNatureSupportInv>Fonds Euro</ns0:libNatureSupportInv><ns0:codeNatureSupportInvSilo>FG</ns0:codeNatureSupportInvSilo><ns0:libNatureSupportInvSilo>Fond en Devises</ns0:libNatureSupportInvSilo><ns0:montantOccurSupportInv>674.04</ns0:montantOccurSupportInv><ns0:deviseOccurSupportInv>EUR</ns0:deviseOccurSupportInv><ns0:TarifInv><ns0:idTarifInv>1481</ns0:idTarifInv><ns0:nomTarifInv>Tarif 04</ns0:nomTarifInv><ns0:txRepartitionTarifInv>0.045109</ns0:txRepartitionTarifInv></ns0:TarifInv></ns0:OccurStructInv><ns0:OccurStructInv><ns0:idOccurStructInv>SF_3221436 SU_3437 ST_1061</ns0:idOccurStructInv><ns0:idOccurParentStructInv>SF_3221436 SU_3437</ns0:idOccurParentStructInv><ns0:codeNatureSupportInv>FDSGES</ns0:codeNatureSupportInv><ns0:libNatureSupportInv>Fonds Euro</ns0:libNatureSupportInv><ns0:codeNatureSupportInvSilo>FG</ns0:codeNatureSupportInvSilo><ns0:libNatureSupportInvSilo>Fond en Devises</ns0:libNatureSupportInvSilo><ns0:montantOccurSupportInv>2456.04</ns0:montantOccurSupportInv><ns0:deviseOccurSupportInv>EUR</ns0:deviseOccurSupportInv><ns0:TarifInv><ns0:idTarifInv>1061</ns0:idTarifInv><ns0:nomTarifInv>Tarif 06</ns0:nomTarifInv><ns0:txRepartitionTarifInv>0.164366</ns0:txRepartitionTarifInv></ns0:TarifInv></ns0:OccurStructInv><ns0:OccurStructInv><ns0:idOccurStructInv>SF_3221436 SU_3437 ST_241</ns0:idOccurStructInv><ns0:idOccurParentStructInv>SF_3221436 SU_3437</ns0:idOccurParentStructInv><ns0:codeNatureSupportInv>FDSGES</ns0:codeNatureSupportInv><ns0:libNatureSupportInv>Fonds Euro</ns0:libNatureSupportInv><ns0:codeNatureSupportInvSilo>FG</ns0:codeNatureSupportInvSilo><ns0:libNatureSupportInvSilo>Fond en Devises</ns0:libNatureSupportInvSilo><ns0:montantOccurSupportInv>743.2</ns0:montantOccurSupportInv><ns0:deviseOccurSupportInv>EUR</ns0:deviseOccurSupportInv><ns0:TarifInv><ns0:idTarifInv>241</ns0:idTarifInv><ns0:nomTarifInv>Tarif 08</ns0:nomTarifInv><ns0:txRepartitionTarifInv>0.049738</ns0:txRepartitionTarifInv></ns0:TarifInv></ns0:OccurStructInv><ns0:OccurStructInv><ns0:idOccurStructInv>SF_3221436 SU_3437 ST_441</ns0:idOccurStructInv><ns0:idOccurParentStructInv>SF_3221436 SU_3437</ns0:idOccurParentStructInv><ns0:codeNatureSupportInv>FDSGES</ns0:codeNatureSupportInv><ns0:libNatureSupportInv>Fonds Euro</ns0:libNatureSupportInv><ns0:codeNatureSupportInvSilo>FG</ns0:codeNatureSupportInvSilo><ns0:libNatureSupportInvSilo>Fond en Devises</ns0:libNatureSupportInvSilo><ns0:montantOccurSupportInv>769.65</ns0:montantOccurSupportInv><ns0:deviseOccurSupportInv>EUR</ns0:deviseOccurSupportInv><ns0:TarifInv><ns0:idTarifInv>441</ns0:idTarifInv><ns0:nomTarifInv>Tarif 09</ns0:nomTarifInv><ns0:txRepartitionTarifInv>0.051507</ns0:txRepartitionTarifInv></ns0:TarifInv></ns0:OccurStructInv><ns0:OccurStructInv><ns0:idOccurStructInv>SF_3221436 SU_3437 ST_581</ns0:idOccurStructInv><ns0:idOccurParentStructInv>SF_3221436 SU_3437</ns0:idOccurParentStructInv><ns0:codeNatureSupportInv>FDSGES</ns0:codeNatureSupportInv><ns0:libNatureSupportInv>Fonds Euro</ns0:libNatureSupportInv><ns0:codeNatureSupportInvSilo>FG</ns0:codeNatureSupportInvSilo><ns0:libNatureSupportInvSilo>Fond en Devises</ns0:libNatureSupportInvSilo><ns0:montantOccurSupportInv>1077.22</ns0:montantOccurSupportInv><ns0:deviseOccurSupportInv>EUR</ns0:deviseOccurSupportInv><ns0:TarifInv><ns0:idTarifInv>581</ns0:idTarifInv><ns0:nomTarifInv>Tarif 08</ns0:nomTarifInv><ns0:txRepartitionTarifInv>0.072091</ns0:txRepartitionTarifInv></ns0:TarifInv></ns0:OccurStructInv><ns0:OccurStructInv><ns0:idOccurStructInv>SF_3221436 SU_3437 ST_921</ns0:idOccurStructInv><ns0:idOccurParentStructInv>SF_3221436 SU_3437</ns0:idOccurParentStructInv><ns0:codeNatureSupportInv>FDSGES</ns0:codeNatureSupportInv><ns0:libNatureSupportInv>Fonds Euro</ns0:libNatureSupportInv><ns0:codeNatureSupportInvSilo>FG</ns0:codeNatureSupportInvSilo><ns0:libNatureSupportInvSilo>Fond en Devises</ns0:libNatureSupportInvSilo><ns0:montantOccurSupportInv>277.2</ns0:montantOccurSupportInv><ns0:deviseOccurSupportInv>EUR</ns0:deviseOccurSupportInv><ns0:TarifInv><ns0:idTarifInv>921</ns0:idTarifInv><ns0:nomTarifInv>Tarif 07</ns0:nomTarifInv><ns0:txRepartitionTarifInv>0.018551</ns0:txRepartitionTarifInv></ns0:TarifInv></ns0:OccurStructInv><ns0:OccurStructInv><ns0:idOccurStructInv>SF_3221436 SU_3437</ns0:idOccurStructInv><ns0:idOccurParentStructInv>SF_3221436</ns0:idOccurParentStructInv><ns0:codeNatureSupportInv>FDSGES</ns0:codeNatureSupportInv><ns0:libNatureSupportInv>Fonds Euro</ns0:libNatureSupportInv><ns0:codeNatureSupportInvSilo>FG</ns0:codeNatureSupportInvSilo><ns0:libNatureSupportInvSilo>Fond en Devises</ns0:libNatureSupportInvSilo><ns0:montantOccurSupportInv>14942.44</ns0:montantOccurSupportInv><ns0:deviseOccurSupportInv>EUR</ns0:deviseOccurSupportInv><ns0:SupportInv><ns0:idSupportInv>3437</ns0:idSupportInv><ns0:nomSupportInv>Fonds Euro EDF</ns0:nomSupportInv><ns0:codeCategorieFonds>FDPR</ns0:codeCategorieFonds><ns0:libCategorieFonds>Fonds propres</ns0:libCategorieFonds><ns0:codeCategorieFondsSilo>FPR</ns0:codeCategorieFondsSilo><ns0:libCategorieFondsSilo>Fonds propres</ns0:libCategorieFondsSilo><ns0:txRepartitionSupportInv>1.0</ns0:txRepartitionSupportInv><ns0:deviseFonds>EUR</ns0:deviseFonds></ns0:SupportInv></ns0:OccurStructInv></ns0:StructInv></ns0:CalculerEncoursContratFunc></ns0:CalculerEncoursContratResponse></SOAP-ENV:Body></SOAP-ENV:Envelope>