<SOAP-ENV:Envelope xmlns:SOAP-ENV="http://schemas.xmlsoap.org/soap/envelope/"><SOAP-ENV:Header><ns:WSResponseMetaInfo xmlns:ns="http://www.fmk.com/ESB/Framework/ESBTechPivotSchema" xmlns:ns0="http://schemas.xmlsoap.org/soap/envelope/" xmlns:xs="http://www.w3.org/2001/XMLSchema" xmlns:xsi="http://www.w3.org/2001/XMLSchema-instance" xmlns:SOAP-ENV="http://schemas.xmlsoap.org/soap/envelope/"><ns:FuncFault/><ns:BusinessHeader/></ns:WSResponseMetaInfo></SOAP-ENV:Header><SOAP-ENV:Body><ns0:CalculerEncoursContratResponse xmlns:ns0="http://www.alm.com/esb/service/GestContratTer_2/CalculerEncoursContrat_3"><ns0:CalculerEncoursContratFunc><ns0:StructInv><ns0:IdentificationStructInv><ns0:idStructInv>SF_7029268</ns0:idStructInv><ns0:codeSituationStructInv>ENCOU</ns0:codeSituationStructInv><ns0:libSituationStructInv>En cours</ns0:libSituationStructInv><ns0:codeSituationStructInvSilo>E</ns0:codeSituationStructInvSilo><ns0:libSituationStructInvSilo>En cours</ns0:libSituationStructInvSilo><ns0:montantEncours>84200.55</ns0:montantEncours><ns0:deviseEncours>EUR</ns0:deviseEncours><ns0:dateValeurFG>2020-08-21</ns0:dateValeurFG><ns0:dateValeurUC>2020-08-21</ns0:dateValeurUC><ns0:codeTypeEncoursSilo>TAUX_PROVISOIRE</ns0:codeTypeEncoursSilo><ns0:libTypeEncoursSilo>Encours au taux provisoire</ns0:libTypeEncoursSilo><ns0:indicSitEstimeSilo>false</ns0:indicSitEstimeSilo></ns0:IdentificationStructInv><ns0:OccurStructInv><ns0:idOccurStructInv>SF_7029267</ns0:idOccurStructInv><ns0:idOccurParentStructInv>SF_7029268</ns0:idOccurParentStructInv><ns0:montantOccurSupportInv>20441.69</ns0:montantOccurSupportInv><ns0:deviseOccurSupportInv>EUR</ns0:deviseOccurSupportInv><ns0:ContributionInv><ns0:identifiantContributionInvestissement>7029267</ns0:identifiantContributionInvestissement><ns0:codeContributionInv>VERLIB</ns0:codeContributionInv><ns0:libContributionInv>Versement Libre</ns0:libContributionInv><ns0:libContributionInvSilo>Versement libre</ns0:libContributionInvSilo><ns0:txRepartitionContribution>0.2428</ns0:txRepartitionContribution></ns0:ContributionInv></ns0:OccurStructInv><ns0:OccurStructInv><ns0:idOccurStructInv>SF_11520769</ns0:idOccurStructInv><ns0:idOccurParentStructInv>SF_7029267</ns0:idOccurParentStructInv><ns0:codeModeGestionInv>PILHRZ</ns0:codeModeGestionInv><ns0:libModeGestionInv>Gestion pilotée horizon</ns0:libModeGestionInv><ns0:codeModeGestionInvSilo>GP</ns0:codeModeGestionInvSilo><ns0:libModeGestionInvSilo>Gestion pilotée</ns0:libModeGestionInvSilo><ns0:codeNatureSupportInv>FDSGES</ns0:codeNatureSupportInv><ns0:libNatureSupportInv>Fonds Euro</ns0:libNatureSupportInv><ns0:codeNatureSupportInvSilo>FG</ns0:codeNatureSupportInvSilo><ns0:libNatureSupportInvSilo>Fond en Devises</ns0:libNatureSupportInvSilo><ns0:montantOccurSupportInv>310.37</ns0:montantOccurSupportInv><ns0:deviseOccurSupportInv>EUR</ns0:deviseOccurSupportInv><ns0:GrilleInv><ns0:idGrilleInv>5644</ns0:idGrilleInv><ns0:nomGrilleInv>Gestion PARIS HABITAT</ns0:nomGrilleInv><ns0:txRepartitionGrilleInv>0.0152</ns0:txRepartitionGrilleInv></ns0:GrilleInv></ns0:OccurStructInv><ns0:OccurStructInv><ns0:idOccurStructInv>SF_11520769 SI_5645</ns0:idOccurStructInv><ns0:idOccurParentStructInv>SF_11520769</ns0:idOccurParentStructInv><ns0:codeNatureSupportInv>FDSGES</ns0:codeNatureSupportInv><ns0:libNatureSupportInv>Fonds Euro</ns0:libNatureSupportInv><ns0:codeNatureSupportInvSilo>FG</ns0:codeNatureSupportInvSilo><ns0:libNatureSupportInvSilo>Fond en Devises</ns0:libNatureSupportInvSilo><ns0:montantOccurSupportInv>310.37</ns0:montantOccurSupportInv><ns0:deviseOccurSupportInv>EUR</ns0:deviseOccurSupportInv><ns0:HorizonInv><ns0:idHorizonInv>5645</ns0:idHorizonInv><ns0:nomHorizonInv>1 an</ns0:nomHorizonInv><ns0:borneMaxDeplacerCapitalInvesti>23</ns0:borneMaxDeplacerCapitalInvesti></ns0:HorizonInv></ns0:OccurStructInv><ns0:OccurStructInv><ns0:idOccurStructInv>SF_11520769 SI_5645 SI_212</ns0:idOccurStructInv><ns0:idOccurParentStructInv>SF_11520769 SI_5645</ns0:idOccurParentStructInv><ns0:codeNatureSupportInv>FDSGES</ns0:codeNatureSupportInv><ns0:libNatureSupportInv>Fonds Euro</ns0:libNatureSupportInv><ns0:codeNatureSupportInvSilo>FG</ns0:codeNatureSupportInvSilo><ns0:libNatureSupportInvSilo>Fond en Devises</ns0:libNatureSupportInvSilo><ns0:montantOccurSupportInv>310.37</ns0:montantOccurSupportInv><ns0:deviseOccurSupportInv>EUR</ns0:deviseOccurSupportInv><ns0:ProfilInv><ns0:idProfilInv>212</ns0:idProfilInv><ns0:nomProfilInv>Actif en euros</ns0:nomProfilInv><ns0:txRepartitionProfilInv>1.0</ns0:txRepartitionProfilInv></ns0:ProfilInv></ns0:OccurStructInv><ns0:OccurStructInv><ns0:idOccurStructInv>SF_11520769 SI_5645 SI_212 SU_1612</ns0:idOccurStructInv><ns0:idOccurParentStructInv>SF_11520769 SI_5645 SI_212</ns0:idOccurParentStructInv><ns0:codeNatureSupportInv>FDSGES</ns0:codeNatureSupportInv><ns0:libNatureSupportInv>Fonds Euro</ns0:libNatureSupportInv><ns0:codeNatureSupportInvSilo>FG</ns0:codeNatureSupportInvSilo><ns0:libNatureSupportInvSilo>Fond en Devises</ns0:libNatureSupportInvSilo><ns0:montantOccurSupportInv>310.37</ns0:montantOccurSupportInv><ns0:deviseOccurSupportInv>EUR</ns0:deviseOccurSupportInv><ns0:SupportInv><ns0:idSupportInv>1612</ns0:idSupportInv><ns0:nomSupportInv>Actif en euros</ns0:nomSupportInv><ns0:codeCategorieFonds>FDPR</ns0:codeCategorieFonds><ns0:libCategorieFonds>Fonds propres</ns0:libCategorieFonds><ns0:codeCategorieFondsSilo>FPR</ns0:codeCategorieFondsSilo><ns0:libCategorieFondsSilo>Fonds propres</ns0:libCategorieFondsSilo><ns0:txRepartitionSupportInv>1.0</ns0:txRepartitionSupportInv><ns0:deviseFonds>EUR</ns0:deviseFonds></ns0:SupportInv></ns0:OccurStructInv><ns0:OccurStructInv><ns0:idOccurStructInv>SF_7123813</ns0:idOccurStructInv><ns0:idOccurParentStructInv>SF_7029267</ns0:idOccurParentStructInv><ns0:codeModeGestionInv>LIBRE</ns0:codeModeGestionInv><ns0:libModeGestionInv>Gestion libre</ns0:libModeGestionInv><ns0:codeModeGestionInvSilo>GL</ns0:codeModeGestionInvSilo><ns0:libModeGestionInvSilo>Gestion libre</ns0:libModeGestionInvSilo><ns0:codeNatureSupportInv>FDSGES</ns0:codeNatureSupportInv><ns0:libNatureSupportInv>Fonds Euro</ns0:libNatureSupportInv><ns0:codeNatureSupportInvSilo>FG</ns0:codeNatureSupportInvSilo><ns0:libNatureSupportInvSilo>Fond en Devises</ns0:libNatureSupportInvSilo><ns0:montantOccurSupportInv>20131.32</ns0:montantOccurSupportInv><ns0:deviseOccurSupportInv>EUR</ns0:deviseOccurSupportInv><ns0:ProfilInv><ns0:idProfilInv>238</ns0:idProfilInv><ns0:nomProfilInv>Fonds club 2</ns0:nomProfilInv><ns0:txRepartitionProfilInv>0.9848</ns0:txRepartitionProfilInv></ns0:ProfilInv></ns0:OccurStructInv><ns0:OccurStructInv><ns0:idOccurStructInv>SF_7123813 SU_2214</ns0:idOccurStructInv><ns0:idOccurParentStructInv>SF_7123813</ns0:idOccurParentStructInv><ns0:codeNatureSupportInv>FDSGES</ns0:codeNatureSupportInv><ns0:libNatureSupportInv>Fonds Euro</ns0:libNatureSupportInv><ns0:codeNatureSupportInvSilo>FG</ns0:codeNatureSupportInvSilo><ns0:libNatureSupportInvSilo>Fond en Devises</ns0:libNatureSupportInvSilo><ns0:montantOccurSupportInv>20131.32</ns0:montantOccurSupportInv><ns0:deviseOccurSupportInv>EUR</ns0:deviseOccurSupportInv><ns0:SupportInv><ns0:idSupportInv>2214</ns0:idSupportInv><ns0:nomSupportInv>Fonds Club 2</ns0:nomSupportInv><ns0:codeCategorieFonds>FDDD</ns0:codeCategorieFonds><ns0:libCategorieFonds>Fonds dédiés</ns0:libCategorieFonds><ns0:codeCategorieFondsSilo>FDD</ns0:codeCategorieFondsSilo><ns0:libCategorieFondsSilo>Fonds dédiés</ns0:libCategorieFondsSilo><ns0:txRepartitionSupportInv>1.0</ns0:txRepartitionSupportInv><ns0:deviseFonds>EUR</ns0:deviseFonds></ns0:SupportInv></ns0:OccurStructInv><ns0:OccurStructInv><ns0:idOccurStructInv>SF_7029264</ns0:idOccurStructInv><ns0:idOccurParentStructInv>SF_7029268</ns0:idOccurParentStructInv><ns0:montantOccurSupportInv>63758.86</ns0:montantOccurSupportInv><ns0:deviseOccurSupportInv>EUR</ns0:deviseOccurSupportInv><ns0:ContributionInv><ns0:identifiantContributionInvestissement>7029264</ns0:identifiantContributionInvestissement><ns0:codeContributionInv>PPATRO</ns0:codeContributionInv><ns0:libContributionInv>Part Patronale</ns0:libContributionInv><ns0:libContributionInvSilo>Part patronale</ns0:libContributionInvSilo><ns0:txRepartitionContribution>0.7572</ns0:txRepartitionContribution></ns0:ContributionInv></ns0:OccurStructInv><ns0:OccurStructInv><ns0:idOccurStructInv>SF_11520767</ns0:idOccurStructInv><ns0:idOccurParentStructInv>SF_7029264</ns0:idOccurParentStructInv><ns0:codeModeGestionInv>PILHRZ</ns0:codeModeGestionInv><ns0:libModeGestionInv>Gestion pilotée horizon</ns0:libModeGestionInv><ns0:codeModeGestionInvSilo>GP</ns0:codeModeGestionInvSilo><ns0:libModeGestionInvSilo>Gestion pilotée</ns0:libModeGestionInvSilo><ns0:codeNatureSupportInv>FDSGES</ns0:codeNatureSupportInv><ns0:libNatureSupportInv>Fonds Euro</ns0:libNatureSupportInv><ns0:codeNatureSupportInvSilo>FG</ns0:codeNatureSupportInvSilo><ns0:libNatureSupportInvSilo>Fond en Devises</ns0:libNatureSupportInvSilo><ns0:montantOccurSupportInv>4295.98</ns0:montantOccurSupportInv><ns0:deviseOccurSupportInv>EUR</ns0:deviseOccurSupportInv><ns0:GrilleInv><ns0:idGrilleInv>5644</ns0:idGrilleInv><ns0:nomGrilleInv>Gestion PARIS HABITAT</ns0:nomGrilleInv><ns0:txRepartitionGrilleInv>0.0674</ns0:txRepartitionGrilleInv></ns0:GrilleInv></ns0:OccurStructInv><ns0:OccurStructInv><ns0:idOccurStructInv>SF_11520767 SI_5645</ns0:idOccurStructInv><ns0:idOccurParentStructInv>SF_11520767</ns0:idOccurParentStructInv><ns0:codeNatureSupportInv>FDSGES</ns0:codeNatureSupportInv><ns0:libNatureSupportInv>Fonds Euro</ns0:libNatureSupportInv><ns0:codeNatureSupportInvSilo>FG</ns0:codeNatureSupportInvSilo><ns0:libNatureSupportInvSilo>Fond en Devises</ns0:libNatureSupportInvSilo><ns0:montantOccurSupportInv>4295.98</ns0:montantOccurSupportInv><ns0:deviseOccurSupportInv>EUR</ns0:deviseOccurSupportInv><ns0:HorizonInv><ns0:idHorizonInv>5645</ns0:idHorizonInv><ns0:nomHorizonInv>1 an</ns0:nomHorizonInv><ns0:borneMaxDeplacerCapitalInvesti>23</ns0:borneMaxDeplacerCapitalInvesti></ns0:HorizonInv></ns0:OccurStructInv><ns0:OccurStructInv><ns0:idOccurStructInv>SF_11520767 SI_5645 SI_212</ns0:idOccurStructInv><ns0:idOccurParentStructInv>SF_11520767 SI_5645</ns0:idOccurParentStructInv><ns0:codeNatureSupportInv>FDSGES</ns0:codeNatureSupportInv><ns0:libNatureSupportInv>Fonds Euro</ns0:libNatureSupportInv><ns0:codeNatureSupportInvSilo>FG</ns0:codeNatureSupportInvSilo><ns0:libNatureSupportInvSilo>Fond en Devises</ns0:libNatureSupportInvSilo><ns0:montantOccurSupportInv>4295.98</ns0:montantOccurSupportInv><ns0:deviseOccurSupportInv>EUR</ns0:deviseOccurSupportInv><ns0:ProfilInv><ns0:idProfilInv>212</ns0:idProfilInv><ns0:nomProfilInv>Actif en euros</ns0:nomProfilInv><ns0:txRepartitionProfilInv>1.0</ns0:txRepartitionProfilInv></ns0:ProfilInv></ns0:OccurStructInv><ns0:OccurStructInv><ns0:idOccurStructInv>SF_11520767 SI_5645 SI_212 SU_1612</ns0:idOccurStructInv><ns0:idOccurParentStructInv>SF_11520767 SI_5645 SI_212</ns0:idOccurParentStructInv><ns0:codeNatureSupportInv>FDSGES</ns0:codeNatureSupportInv><ns0:libNatureSupportInv>Fonds Euro</ns0:libNatureSupportInv><ns0:codeNatureSupportInvSilo>FG</ns0:codeNatureSupportInvSilo><ns0:libNatureSupportInvSilo>Fond en Devises</ns0:libNatureSupportInvSilo><ns0:montantOccurSupportInv>4295.98</ns0:montantOccurSupportInv><ns0:deviseOccurSupportInv>EUR</ns0:deviseOccurSupportInv><ns0:SupportInv><ns0:idSupportInv>1612</ns0:idSupportInv><ns0:nomSupportInv>Actif en euros</ns0:nomSupportInv><ns0:codeCategorieFonds>FDPR</ns0:codeCategorieFonds><ns0:libCategorieFonds>Fonds propres</ns0:libCategorieFonds><ns0:codeCategorieFondsSilo>FPR</ns0:codeCategorieFondsSilo><ns0:libCategorieFondsSilo>Fonds propres</ns0:libCategorieFondsSilo><ns0:txRepartitionSupportInv>1.0</ns0:txRepartitionSupportInv><ns0:deviseFonds>EUR</ns0:deviseFonds></ns0:SupportInv></ns0:OccurStructInv><ns0:OccurStructInv><ns0:idOccurStructInv>SF_7123812</ns0:idOccurStructInv><ns0:idOccurParentStructInv>SF_7029264</ns0:idOccurParentStructInv><ns0:codeModeGestionInv>LIBRE</ns0:codeModeGestionInv><ns0:libModeGestionInv>Gestion libre</ns0:libModeGestionInv><ns0:codeModeGestionInvSilo>GL</ns0:codeModeGestionInvSilo><ns0:libModeGestionInvSilo>Gestion libre</ns0:libModeGestionInvSilo><ns0:codeNatureSupportInv>FDSGES</ns0:codeNatureSupportInv><ns0:libNatureSupportInv>Fonds Euro</ns0:libNatureSupportInv><ns0:codeNatureSupportInvSilo>FG</ns0:codeNatureSupportInvSilo><ns0:libNatureSupportInvSilo>Fond en Devises</ns0:libNatureSupportInvSilo><ns0:montantOccurSupportInv>59462.88</ns0:montantOccurSupportInv><ns0:deviseOccurSupportInv>EUR</ns0:deviseOccurSupportInv><ns0:ProfilInv><ns0:idProfilInv>238</ns0:idProfilInv><ns0:nomProfilInv>Fonds club 2</ns0:nomProfilInv><ns0:txRepartitionProfilInv>0.9326</ns0:txRepartitionProfilInv></ns0:ProfilInv></ns0:OccurStructInv><ns0:OccurStructInv><ns0:idOccurStructInv>SF_7123812 SU_2214</ns0:idOccurStructInv><ns0:idOccurParentStructInv>SF_7123812</ns0:idOccurParentStructInv><ns0:codeNatureSupportInv>FDSGES</ns0:codeNatureSupportInv><ns0:libNatureSupportInv>Fonds Euro</ns0:libNatureSupportInv><ns0:codeNatureSupportInvSilo>FG</ns0:codeNatureSupportInvSilo><ns0:libNatureSupportInvSilo>Fond en Devises</ns0:libNatureSupportInvSilo><ns0:montantOccurSupportInv>59462.88</ns0:montantOccurSupportInv><ns0:deviseOccurSupportInv>EUR</ns0:deviseOccurSupportInv><ns0:SupportInv><ns0:idSupportInv>2214</ns0:idSupportInv><ns0:nomSupportInv>Fonds Club 2</ns0:nomSupportInv><ns0:codeCategorieFonds>FDDD</ns0:codeCategorieFonds><ns0:libCategorieFonds>Fonds dédiés</ns0:libCategorieFonds><ns0:codeCategorieFondsSilo>FDD</ns0:codeCategorieFondsSilo><ns0:libCategorieFondsSilo>Fonds dédiés</ns0:libCategorieFondsSilo><ns0:txRepartitionSupportInv>1.0</ns0:txRepartitionSupportInv><ns0:deviseFonds>EUR</ns0:deviseFonds></ns0:SupportInv></ns0:OccurStructInv></ns0:StructInv></ns0:CalculerEncoursContratFunc></ns0:CalculerEncoursContratResponse></SOAP-ENV:Body></SOAP-ENV:Envelope>