<SOAP-ENV:Envelope xmlns:SOAP-ENV="http://schemas.xmlsoap.org/soap/envelope/"><SOAP-ENV:Header><ns:WSResponseMetaInfo xmlns:ns="http://www.fmk.com/ESB/Framework/ESBTechPivotSchema" xmlns:ns0="http://schemas.xmlsoap.org/soap/envelope/" xmlns:xs="http://www.w3.org/2001/XMLSchema" xmlns:xsi="http://www.w3.org/2001/XMLSchema-instance"><ns:FuncFault/><ns:BusinessHeader/></ns:WSResponseMetaInfo></SOAP-ENV:Header><SOAP-ENV:Body><ns0:CalculerEncoursContratResponse xmlns:ns0="http://www.alm.com/esb/service/GestContratTer_2/CalculerEncoursContrat_3"><ns0:CalculerEncoursContratFunc><ns0:StructInv><ns0:IdentificationStructInv><ns0:idStructInv>SF_10068732</ns0:idStructInv><ns0:codeSituationStructInv>ENCOU</ns0:codeSituationStructInv><ns0:libSituationStructInv>En cours</ns0:libSituationStructInv><ns0:codeSituationStructInvSilo>E</ns0:codeSituationStructInvSilo><ns0:libSituationStructInvSilo>En cours</ns0:libSituationStructInvSilo><ns0:montantEncours>4811.77</ns0:montantEncours><ns0:deviseEncours>EUR</ns0:deviseEncours><ns0:dateValeurFG>2020-06-18</ns0:dateValeurFG><ns0:dateValeurUC>2020-06-18</ns0:dateValeurUC><ns0:codeTypeEncoursSilo>TAUX_PROVISOIRE</ns0:codeTypeEncoursSilo><ns0:libTypeEncoursSilo>Encours au taux provisoire</ns0:libTypeEncoursSilo><ns0:indicSitEstimeSilo>false</ns0:indicSitEstimeSilo></ns0:IdentificationStructInv><ns0:OccurStructInv><ns0:idOccurStructInv>SF_10068728</ns0:idOccurStructInv><ns0:idOccurParentStructInv>SF_10068732</ns0:idOccurParentStructInv><ns0:montantOccurSupportInv>4811.77</ns0:montantOccurSupportInv><ns0:deviseOccurSupportInv>EUR</ns0:deviseOccurSupportInv><ns0:ContributionInv><ns0:identifiantContributionInvestissement>10068728</ns0:identifiantContributionInvestissement><ns0:codeContributionInv>PPATRO</ns0:codeContributionInv><ns0:libContributionInv>Part Patronale</ns0:libContributionInv><ns0:libContributionInvSilo>Part patronale</ns0:libContributionInvSilo><ns0:txRepartitionContribution>1.0</ns0:txRepartitionContribution></ns0:ContributionInv></ns0:OccurStructInv><ns0:OccurStructInv><ns0:idOccurStructInv>SF_10068726</ns0:idOccurStructInv><ns0:idOccurParentStructInv>SF_10068728</ns0:idOccurParentStructInv><ns0:codeModeGestionInv>LIBRE</ns0:codeModeGestionInv><ns0:libModeGestionInv>Gestion libre</ns0:libModeGestionInv><ns0:codeModeGestionInvSilo>GL</ns0:codeModeGestionInvSilo><ns0:libModeGestionInvSilo>Gestion libre</ns0:libModeGestionInvSilo><ns0:codeNatureSupportInv>FDSGES</ns0:codeNatureSupportInv><ns0:libNatureSupportInv>Fonds Euro</ns0:libNatureSupportInv><ns0:codeNatureSupportInvSilo>FG</ns0:codeNatureSupportInvSilo><ns0:libNatureSupportInvSilo>Fond en Devises</ns0:libNatureSupportInvSilo><ns0:montantOccurSupportInv>4811.77</ns0:montantOccurSupportInv><ns0:deviseOccurSupportInv>EUR</ns0:deviseOccurSupportInv><ns0:ProfilInv><ns0:idProfilInv>2918</ns0:idProfilInv><ns0:nomProfilInv>Fonds Euro EDF</ns0:nomProfilInv><ns0:txRepartitionProfilInv>1.0</ns0:txRepartitionProfilInv></ns0:ProfilInv></ns0:OccurStructInv><ns0:OccurStructInv><ns0:idOccurStructInv>SF_10068726 SU_3437 ST_221</ns0:idOccurStructInv><ns0:idOccurParentStructInv>SF_10068726 SU_3437</ns0:idOccurParentStructInv><ns0:codeNatureSupportInv>FDSGES</ns0:codeNatureSupportInv><ns0:libNatureSupportInv>Fonds Euro</ns0:libNatureSupportInv><ns0:codeNatureSupportInvSilo>FG</ns0:codeNatureSupportInvSilo><ns0:libNatureSupportInvSilo>Fond en Devises</ns0:libNatureSupportInvSilo><ns0:montantOccurSupportInv>142.13</ns0:montantOccurSupportInv><ns0:deviseOccurSupportInv>EUR</ns0:deviseOccurSupportInv><ns0:TarifInv><ns0:idTarifInv>221</ns0:idTarifInv><ns0:nomTarifInv>Tarif 09</ns0:nomTarifInv><ns0:txRepartitionTarifInv>0.029537</ns0:txRepartitionTarifInv></ns0:TarifInv></ns0:OccurStructInv><ns0:OccurStructInv><ns0:idOccurStructInv>SF_10068726 SU_3437 ST_401</ns0:idOccurStructInv><ns0:idOccurParentStructInv>SF_10068726 SU_3437</ns0:idOccurParentStructInv><ns0:codeNatureSupportInv>FDSGES</ns0:codeNatureSupportInv><ns0:libNatureSupportInv>Fonds Euro</ns0:libNatureSupportInv><ns0:codeNatureSupportInvSilo>FG</ns0:codeNatureSupportInvSilo><ns0:libNatureSupportInvSilo>Fond en Devises</ns0:libNatureSupportInvSilo><ns0:montantOccurSupportInv>154.19</ns0:montantOccurSupportInv><ns0:deviseOccurSupportInv>EUR</ns0:deviseOccurSupportInv><ns0:TarifInv><ns0:idTarifInv>401</ns0:idTarifInv><ns0:nomTarifInv>Tarif 08</ns0:nomTarifInv><ns0:txRepartitionTarifInv>0.032045</ns0:txRepartitionTarifInv></ns0:TarifInv></ns0:OccurStructInv><ns0:OccurStructInv><ns0:idOccurStructInv>SF_10068726 SU_3437 ST_24035</ns0:idOccurStructInv><ns0:idOccurParentStructInv>SF_10068726 SU_3437</ns0:idOccurParentStructInv><ns0:codeNatureSupportInv>FDSGES</ns0:codeNatureSupportInv><ns0:libNatureSupportInv>Fonds Euro</ns0:libNatureSupportInv><ns0:codeNatureSupportInvSilo>FG</ns0:codeNatureSupportInvSilo><ns0:libNatureSupportInvSilo>Fond en Devises</ns0:libNatureSupportInvSilo><ns0:montantOccurSupportInv>382.78</ns0:montantOccurSupportInv><ns0:deviseOccurSupportInv>EUR</ns0:deviseOccurSupportInv><ns0:TarifInv><ns0:idTarifInv>24035</ns0:idTarifInv><ns0:nomTarifInv>Tarif 01</ns0:nomTarifInv><ns0:txRepartitionTarifInv>0.07955</ns0:txRepartitionTarifInv></ns0:TarifInv></ns0:OccurStructInv><ns0:OccurStructInv><ns0:idOccurStructInv>SF_10068726 SU_3437 ST_1901</ns0:idOccurStructInv><ns0:idOccurParentStructInv>SF_10068726 SU_3437</ns0:idOccurParentStructInv><ns0:codeNatureSupportInv>FDSGES</ns0:codeNatureSupportInv><ns0:libNatureSupportInv>Fonds Euro</ns0:libNatureSupportInv><ns0:codeNatureSupportInvSilo>FG</ns0:codeNatureSupportInvSilo><ns0:libNatureSupportInvSilo>Fond en Devises</ns0:libNatureSupportInvSilo><ns0:montantOccurSupportInv>1684.56</ns0:montantOccurSupportInv><ns0:deviseOccurSupportInv>EUR</ns0:deviseOccurSupportInv><ns0:TarifInv><ns0:idTarifInv>1901</ns0:idTarifInv><ns0:nomTarifInv>Tarif 02</ns0:nomTarifInv><ns0:txRepartitionTarifInv>0.350092</ns0:txRepartitionTarifInv></ns0:TarifInv></ns0:OccurStructInv><ns0:OccurStructInv><ns0:idOccurStructInv>SF_10068726 SU_3437 ST_1650</ns0:idOccurStructInv><ns0:idOccurParentStructInv>SF_10068726 SU_3437</ns0:idOccurParentStructInv><ns0:codeNatureSupportInv>FDSGES</ns0:codeNatureSupportInv><ns0:libNatureSupportInv>Fonds Euro</ns0:libNatureSupportInv><ns0:codeNatureSupportInvSilo>FG</ns0:codeNatureSupportInvSilo><ns0:libNatureSupportInvSilo>Fond en Devises</ns0:libNatureSupportInvSilo><ns0:montantOccurSupportInv>496.13</ns0:montantOccurSupportInv><ns0:deviseOccurSupportInv>EUR</ns0:deviseOccurSupportInv><ns0:TarifInv><ns0:idTarifInv>1650</ns0:idTarifInv><ns0:nomTarifInv>Tarif 03</ns0:nomTarifInv><ns0:txRepartitionTarifInv>0.103108</ns0:txRepartitionTarifInv></ns0:TarifInv></ns0:OccurStructInv><ns0:OccurStructInv><ns0:idOccurStructInv>SF_10068726 SU_3437 ST_1490</ns0:idOccurStructInv><ns0:idOccurParentStructInv>SF_10068726 SU_3437</ns0:idOccurParentStructInv><ns0:codeNatureSupportInv>FDSGES</ns0:codeNatureSupportInv><ns0:libNatureSupportInv>Fonds Euro</ns0:libNatureSupportInv><ns0:codeNatureSupportInvSilo>FG</ns0:codeNatureSupportInvSilo><ns0:libNatureSupportInvSilo>Fond en Devises</ns0:libNatureSupportInvSilo><ns0:montantOccurSupportInv>231.64</ns0:montantOccurSupportInv><ns0:deviseOccurSupportInv>EUR</ns0:deviseOccurSupportInv><ns0:TarifInv><ns0:idTarifInv>1490</ns0:idTarifInv><ns0:nomTarifInv>Tarif 04</ns0:nomTarifInv><ns0:txRepartitionTarifInv>0.04814</ns0:txRepartitionTarifInv></ns0:TarifInv></ns0:OccurStructInv><ns0:OccurStructInv><ns0:idOccurStructInv>SF_10068726 SU_3437 ST_1101</ns0:idOccurStructInv><ns0:idOccurParentStructInv>SF_10068726 SU_3437</ns0:idOccurParentStructInv><ns0:codeNatureSupportInv>FDSGES</ns0:codeNatureSupportInv><ns0:libNatureSupportInv>Fonds Euro</ns0:libNatureSupportInv><ns0:codeNatureSupportInvSilo>FG</ns0:codeNatureSupportInvSilo><ns0:libNatureSupportInvSilo>Fond en Devises</ns0:libNatureSupportInvSilo><ns0:montantOccurSupportInv>872.86</ns0:montantOccurSupportInv><ns0:deviseOccurSupportInv>EUR</ns0:deviseOccurSupportInv><ns0:TarifInv><ns0:idTarifInv>1101</ns0:idTarifInv><ns0:nomTarifInv>Tarif 06</ns0:nomTarifInv><ns0:txRepartitionTarifInv>0.181401</ns0:txRepartitionTarifInv></ns0:TarifInv></ns0:OccurStructInv><ns0:OccurStructInv><ns0:idOccurStructInv>SF_10068726 SU_3437 ST_448</ns0:idOccurStructInv><ns0:idOccurParentStructInv>SF_10068726 SU_3437</ns0:idOccurParentStructInv><ns0:codeNatureSupportInv>FDSGES</ns0:codeNatureSupportInv><ns0:libNatureSupportInv>Fonds Euro</ns0:libNatureSupportInv><ns0:codeNatureSupportInvSilo>FG</ns0:codeNatureSupportInvSilo><ns0:libNatureSupportInvSilo>Fond en Devises</ns0:libNatureSupportInvSilo><ns0:montantOccurSupportInv>173.22</ns0:montantOccurSupportInv><ns0:deviseOccurSupportInv>EUR</ns0:deviseOccurSupportInv><ns0:TarifInv><ns0:idTarifInv>448</ns0:idTarifInv><ns0:nomTarifInv>Tarif 09</ns0:nomTarifInv><ns0:txRepartitionTarifInv>0.035999</ns0:txRepartitionTarifInv></ns0:TarifInv></ns0:OccurStructInv><ns0:OccurStructInv><ns0:idOccurStructInv>SF_10068726 SU_3437 ST_621</ns0:idOccurStructInv><ns0:idOccurParentStructInv>SF_10068726 SU_3437</ns0:idOccurParentStructInv><ns0:codeNatureSupportInv>FDSGES</ns0:codeNatureSupportInv><ns0:libNatureSupportInv>Fonds Euro</ns0:libNatureSupportInv><ns0:codeNatureSupportInvSilo>FG</ns0:codeNatureSupportInvSilo><ns0:libNatureSupportInvSilo>Fond en Devises</ns0:libNatureSupportInvSilo><ns0:montantOccurSupportInv>558.26</ns0:montantOccurSupportInv><ns0:deviseOccurSupportInv>EUR</ns0:deviseOccurSupportInv><ns0:TarifInv><ns0:idTarifInv>621</ns0:idTarifInv><ns0:nomTarifInv>Tarif 08</ns0:nomTarifInv><ns0:txRepartitionTarifInv>0.11602</ns0:txRepartitionTarifInv></ns0:TarifInv></ns0:OccurStructInv><ns0:OccurStructInv><ns0:idOccurStructInv>SF_10068726 SU_3437 ST_941</ns0:idOccurStructInv><ns0:idOccurParentStructInv>SF_10068726 SU_3437</ns0:idOccurParentStructInv><ns0:codeNatureSupportInv>FDSGES</ns0:codeNatureSupportInv><ns0:libNatureSupportInv>Fonds Euro</ns0:libNatureSupportInv><ns0:codeNatureSupportInvSilo>FG</ns0:codeNatureSupportInvSilo><ns0:libNatureSupportInvSilo>Fond en Devises</ns0:libNatureSupportInvSilo><ns0:montantOccurSupportInv>116.0</ns0:montantOccurSupportInv><ns0:deviseOccurSupportInv>EUR</ns0:deviseOccurSupportInv><ns0:TarifInv><ns0:idTarifInv>941</ns0:idTarifInv><ns0:nomTarifInv>Tarif 07</ns0:nomTarifInv><ns0:txRepartitionTarifInv>0.024107</ns0:txRepartitionTarifInv></ns0:TarifInv></ns0:OccurStructInv><ns0:OccurStructInv><ns0:idOccurStructInv>SF_10068726 SU_3437</ns0:idOccurStructInv><ns0:idOccurParentStructInv>SF_10068726</ns0:idOccurParentStructInv><ns0:codeNatureSupportInv>FDSGES</ns0:codeNatureSupportInv><ns0:libNatureSupportInv>Fonds Euro</ns0:libNatureSupportInv><ns0:codeNatureSupportInvSilo>FG</ns0:codeNatureSupportInvSilo><ns0:libNatureSupportInvSilo>Fond en Devises</ns0:libNatureSupportInvSilo><ns0:montantOccurSupportInv>4811.77</ns0:montantOccurSupportInv><ns0:deviseOccurSupportInv>EUR</ns0:deviseOccurSupportInv><ns0:SupportInv><ns0:idSupportInv>3437</ns0:idSupportInv><ns0:nomSupportInv>Fonds Euro EDF</ns0:nomSupportInv><ns0:codeCategorieFonds>FDPR</ns0:codeCategorieFonds><ns0:libCategorieFonds>Fonds propres</ns0:libCategorieFonds><ns0:codeCategorieFondsSilo>FPR</ns0:codeCategorieFondsSilo><ns0:libCategorieFondsSilo>Fonds propres</ns0:libCategorieFondsSilo><ns0:txRepartitionSupportInv>1.0</ns0:txRepartitionSupportInv><ns0:deviseFonds>EUR</ns0:deviseFonds></ns0:SupportInv></ns0:OccurStructInv></ns0:StructInv></ns0:CalculerEncoursContratFunc></ns0:CalculerEncoursContratResponse></SOAP-ENV:Body></SOAP-ENV:Envelope>