<SOAP-ENV:Envelope xmlns:SOAP-ENV="http://schemas.xmlsoap.org/soap/envelope/"><SOAP-ENV:Header><ns:WSResponseMetaInfo xmlns:ns="http://www.fmk.com/ESB/Framework/ESBTechPivotSchema" xmlns:ns0="http://schemas.xmlsoap.org/soap/envelope/" xmlns:xs="http://www.w3.org/2001/XMLSchema" xmlns:xsi="http://www.w3.org/2001/XMLSchema-instance"><ns:FuncFault/><ns:BusinessHeader/></ns:WSResponseMetaInfo></SOAP-ENV:Header><SOAP-ENV:Body><ns0:CalculerEncoursContratResponse xmlns:ns0="http://www.alm.com/esb/service/GestContratTer_2/CalculerEncoursContrat_3"><ns0:CalculerEncoursContratFunc><ns0:StructInv><ns0:IdentificationStructInv><ns0:idStructInv>RA204322158000</ns0:idStructInv><ns0:montantEncours>5710.55</ns0:montantEncours><ns0:deviseEncours>EUR</ns0:deviseEncours><ns0:dateValeurFG>2020-01-12</ns0:dateValeurFG><ns0:dateValeurUC>2020-01-12</ns0:dateValeurUC><ns0:codeTypeEncoursSilo>TAUX_PROVISOIRE</ns0:codeTypeEncoursSilo><ns0:libTypeEncoursSilo>ENCOURS AU TAUX PROVISOIRE</ns0:libTypeEncoursSilo><ns0:indicSitEstimeSilo>true</ns0:indicSitEstimeSilo></ns0:IdentificationStructInv><ns0:OccurStructInv><ns0:idOccurStructInv>RA204322158000_VL</ns0:idOccurStructInv><ns0:idOccurParentStructInv>RA204322158000</ns0:idOccurParentStructInv><ns0:montantOccurSupportInv>5710.55</ns0:montantOccurSupportInv><ns0:deviseOccurSupportInv>EUR</ns0:deviseOccurSupportInv><ns0:ContributionInv><ns0:identifiantContributionInvestissement>VL</ns0:identifiantContributionInvestissement><ns0:codeContributionInvSilo>VL</ns0:codeContributionInvSilo><ns0:libContributionInvSilo>VERSEMENT LIBRE</ns0:libContributionInvSilo><ns0:txRepartitionContribution>100.0</ns0:txRepartitionContribution><ns0:indicTxDerogeableContributionInv>false</ns0:indicTxDerogeableContributionInv></ns0:ContributionInv></ns0:OccurStructInv><ns0:OccurStructInv><ns0:idOccurStructInv>RA204322158000_VL_02</ns0:idOccurStructInv><ns0:idOccurParentStructInv>RA204322158000_VL</ns0:idOccurParentStructInv><ns0:montantOccurSupportInv>5710.55</ns0:montantOccurSupportInv><ns0:deviseOccurSupportInv>EUR</ns0:deviseOccurSupportInv><ns0:GrilleInv><ns0:idGrilleInv>02</ns0:idGrilleInv><ns0:nomGrilleInv>HORIZON PERP</ns0:nomGrilleInv><ns0:txRepartitionGrilleInv>100.0</ns0:txRepartitionGrilleInv><ns0:indicTxDerogeableGrilleInv>false</ns0:indicTxDerogeableGrilleInv></ns0:GrilleInv></ns0:OccurStructInv><ns0:OccurStructInv><ns0:idOccurStructInv>RA204322158000_VL_02_02/021/024</ns0:idOccurStructInv><ns0:idOccurParentStructInv>RA204322158000_VL_02</ns0:idOccurParentStructInv><ns0:montantOccurSupportInv>5710.55</ns0:montantOccurSupportInv><ns0:deviseOccurSupportInv>EUR</ns0:deviseOccurSupportInv><ns0:HorizonInv><ns0:idHorizonInv>02/021/024</ns0:idHorizonInv><ns0:nomHorizonInv>DE021A024</ns0:nomHorizonInv><ns0:borneMinDeplacerCapitalInvesti>21</ns0:borneMinDeplacerCapitalInvesti><ns0:borneMaxDeplacerCapitalInvesti>24</ns0:borneMaxDeplacerCapitalInvesti></ns0:HorizonInv></ns0:OccurStructInv><ns0:OccurStructInv><ns0:idOccurStructInv>RA204322158000_VL_02_02/021/024_50000009</ns0:idOccurStructInv><ns0:idOccurParentStructInv>RA204322158000_VL_02_02/021/024</ns0:idOccurParentStructInv><ns0:montantOccurSupportInv>280.58</ns0:montantOccurSupportInv><ns0:deviseOccurSupportInv>EUR</ns0:deviseOccurSupportInv><ns0:ProfilInv><ns0:idProfilInv>50000009</ns0:idProfilInv><ns0:nomProfilInv>FONDS EUROS</ns0:nomProfilInv><ns0:txRepartitionProfilInv>0.04913362</ns0:txRepartitionProfilInv><ns0:indicTxDerogeableProfilInv>false</ns0:indicTxDerogeableProfilInv></ns0:ProfilInv></ns0:OccurStructInv><ns0:OccurStructInv><ns0:idOccurStructInv>RA204322158000_VL_02_02/021/024_50000009_0003154</ns0:idOccurStructInv><ns0:idOccurParentStructInv>RA204322158000_VL_02_02/021/024_50000009</ns0:idOccurParentStructInv><ns0:codeNatureSupportInv>FDSGES</ns0:codeNatureSupportInv><ns0:libNatureSupportInv>Fonds Euro</ns0:libNatureSupportInv><ns0:codeNatureSupportInvSilo>FG</ns0:codeNatureSupportInvSilo><ns0:libNatureSupportInvSilo>FONDS DE GESTION</ns0:libNatureSupportInvSilo><ns0:montantOccurSupportInv>280.58</ns0:montantOccurSupportInv><ns0:deviseOccurSupportInv>EUR</ns0:deviseOccurSupportInv><ns0:SupportInv><ns0:idSupportInv>0003154</ns0:idSupportInv><ns0:nomSupportInv>FONDS EUROS</ns0:nomSupportInv><ns0:txRepartitionSupportInv>1.0</ns0:txRepartitionSupportInv><ns0:valeurLiquidativeFond>0.0</ns0:valeurLiquidativeFond><ns0:nbePartFonds>0.0</ns0:nbePartFonds><ns0:deviseFonds>EUR</ns0:deviseFonds></ns0:SupportInv></ns0:OccurStructInv><ns0:OccurStructInv><ns0:idOccurStructInv>RA204322158000_VL_02_02/021/024_50000011</ns0:idOccurStructInv><ns0:idOccurParentStructInv>RA204322158000_VL_02_02/021/024</ns0:idOccurParentStructInv><ns0:montantOccurSupportInv>2629.64</ns0:montantOccurSupportInv><ns0:deviseOccurSupportInv>EUR</ns0:deviseOccurSupportInv><ns0:ProfilInv><ns0:idProfilInv>50000011</ns0:idProfilInv><ns0:nomProfilInv>ALM ACTIONS FRANCE</ns0:nomProfilInv><ns0:txRepartitionProfilInv>0.46048804</ns0:txRepartitionProfilInv><ns0:indicTxDerogeableProfilInv>false</ns0:indicTxDerogeableProfilInv></ns0:ProfilInv></ns0:OccurStructInv><ns0:OccurStructInv><ns0:idOccurStructInv>RA204322158000_VL_02_02/021/024_50000011_0004630</ns0:idOccurStructInv><ns0:idOccurParentStructInv>RA204322158000_VL_02_02/021/024_50000011</ns0:idOccurParentStructInv><ns0:codeNatureSupportInv>UNICPT</ns0:codeNatureSupportInv><ns0:libNatureSupportInv>UC</ns0:libNatureSupportInv><ns0:codeNatureSupportInvSilo>UC</ns0:codeNatureSupportInvSilo><ns0:libNatureSupportInvSilo>UNITE DE COMPTE</ns0:libNatureSupportInvSilo><ns0:montantOccurSupportInv>2629.64</ns0:montantOccurSupportInv><ns0:deviseOccurSupportInv>EUR</ns0:deviseOccurSupportInv><ns0:SupportInv><ns0:idSupportInv>0004630</ns0:idSupportInv><ns0:codeISIN>FR0013256740</ns0:codeISIN><ns0:nomSupportInv>PERP ALM ACTIONS FRANCE</ns0:nomSupportInv><ns0:txRepartitionSupportInv>1.0</ns0:txRepartitionSupportInv><ns0:valeurLiquidativeFond>316.23</ns0:valeurLiquidativeFond><ns0:dateValeurLiquidative>2020-01-05</ns0:dateValeurLiquidative><ns0:nbePartFonds>8.3156</ns0:nbePartFonds><ns0:deviseFonds>EUR</ns0:deviseFonds></ns0:SupportInv></ns0:OccurStructInv><ns0:OccurStructInv><ns0:idOccurStructInv>RA204322158000_VL_02_02/021/024_50000010</ns0:idOccurStructInv><ns0:idOccurParentStructInv>RA204322158000_VL_02_02/021/024</ns0:idOccurParentStructInv><ns0:montantOccurSupportInv>2800.33</ns0:montantOccurSupportInv><ns0:deviseOccurSupportInv>EUR</ns0:deviseOccurSupportInv><ns0:ProfilInv><ns0:idProfilInv>50000010</ns0:idProfilInv><ns0:nomProfilInv>ALM ACTIONS MONDE</ns0:nomProfilInv><ns0:txRepartitionProfilInv>0.49037833</ns0:txRepartitionProfilInv><ns0:indicTxDerogeableProfilInv>false</ns0:indicTxDerogeableProfilInv></ns0:ProfilInv></ns0:OccurStructInv><ns0:OccurStructInv><ns0:idOccurStructInv>RA204322158000_VL_02_02/021/024_50000010_0004411</ns0:idOccurStructInv><ns0:idOccurParentStructInv>RA204322158000_VL_02_02/021/024_50000010</ns0:idOccurParentStructInv><ns0:codeNatureSupportInv>UNICPT</ns0:codeNatureSupportInv><ns0:libNatureSupportInv>UC</ns0:libNatureSupportInv><ns0:codeNatureSupportInvSilo>UC</ns0:codeNatureSupportInvSilo><ns0:libNatureSupportInvSilo>UNITE DE COMPTE</ns0:libNatureSupportInvSilo><ns0:montantOccurSupportInv>2800.33</ns0:montantOccurSupportInv><ns0:deviseOccurSupportInv>EUR</ns0:deviseOccurSupportInv><ns0:SupportInv><ns0:idSupportInv>0004411</ns0:idSupportInv><ns0:codeISIN>FR0007045554</ns0:codeISIN><ns0:nomSupportInv>PERP ALM ACTIONS MONDE</ns0:nomSupportInv><ns0:codeCategorieFondsSilo>PAC</ns0:codeCategorieFondsSilo><ns0:libCategorieFondsSilo>OPCVM A TENDANCE ACTIONS</ns0:libCategorieFondsSilo><ns0:txRepartitionSupportInv>1.0</ns0:txRepartitionSupportInv><ns0:valeurLiquidativeFond>227.22</ns0:valeurLiquidativeFond><ns0:dateValeurLiquidative>2020-01-05</ns0:dateValeurLiquidative><ns0:nbePartFonds>12.3243</ns0:nbePartFonds><ns0:deviseFonds>EUR</ns0:deviseFonds></ns0:SupportInv></ns0:OccurStructInv></ns0:StructInv></ns0:CalculerEncoursContratFunc></ns0:CalculerEncoursContratResponse></SOAP-ENV:Body></SOAP-ENV:Envelope>