<SOAP-ENV:Envelope xmlns:SOAP-ENV="http://schemas.xmlsoap.org/soap/envelope/"><SOAP-ENV:Header><ns:WSResponseMetaInfo xmlns:ns="http://www.fmk.com/ESB/Framework/ESBTechPivotSchema" xmlns:ns0="http://schemas.xmlsoap.org/soap/envelope/" xmlns:xs="http://www.w3.org/2001/XMLSchema" xmlns:xsi="http://www.w3.org/2001/XMLSchema-instance" xmlns:SOAP-ENV="http://schemas.xmlsoap.org/soap/envelope/"><ns:FuncFault/><ns:BusinessHeader/></ns:WSResponseMetaInfo></SOAP-ENV:Header><SOAP-ENV:Body><ns0:CalculerEncoursContratResponse xmlns:ns0="http://www.alm.com/esb/service/GestContratTer_2/CalculerEncoursContrat_3"><ns0:CalculerEncoursContratFunc><ns0:StructInv><ns0:IdentificationStructInv><ns0:idStructInv>SF_16045267</ns0:idStructInv><ns0:codeSituationStructInv>ENCOU</ns0:codeSituationStructInv><ns0:libSituationStructInv>En cours</ns0:libSituationStructInv><ns0:codeSituationStructInvSilo>E</ns0:codeSituationStructInvSilo><ns0:libSituationStructInvSilo>En cours</ns0:libSituationStructInvSilo><ns0:montantEncours>1433.01</ns0:montantEncours><ns0:deviseEncours>EUR</ns0:deviseEncours><ns0:dateValeurFG>2020-10-01</ns0:dateValeurFG><ns0:dateValeurUC>2020-09-25</ns0:dateValeurUC><ns0:codeTypeEncoursSilo>TAUX_PROVISOIRE</ns0:codeTypeEncoursSilo><ns0:libTypeEncoursSilo>Encours au taux provisoire</ns0:libTypeEncoursSilo><ns0:indicSitEstimeSilo>true</ns0:indicSitEstimeSilo></ns0:IdentificationStructInv><ns0:OccurStructInv><ns0:idOccurStructInv>SF_16045266</ns0:idOccurStructInv><ns0:idOccurParentStructInv>SF_16045267</ns0:idOccurParentStructInv><ns0:montantOccurSupportInv>1433.01</ns0:montantOccurSupportInv><ns0:deviseOccurSupportInv>EUR</ns0:deviseOccurSupportInv><ns0:ContributionInv><ns0:identifiantContributionInvestissement>16045266</ns0:identifiantContributionInvestissement><ns0:codeContributionInv>PPATRO</ns0:codeContributionInv><ns0:libContributionInv>Part Patronale</ns0:libContributionInv><ns0:libContributionInvSilo>Part patronale</ns0:libContributionInvSilo><ns0:txRepartitionContribution>1.0</ns0:txRepartitionContribution></ns0:ContributionInv></ns0:OccurStructInv><ns0:OccurStructInv><ns0:idOccurStructInv>SF_16059471</ns0:idOccurStructInv><ns0:idOccurParentStructInv>SF_16045266</ns0:idOccurParentStructInv><ns0:codeModeGestionInv>PILHRZ</ns0:codeModeGestionInv><ns0:libModeGestionInv>Gestion pilotée horizon</ns0:libModeGestionInv><ns0:codeModeGestionInvSilo>GP</ns0:codeModeGestionInvSilo><ns0:libModeGestionInvSilo>Gestion pilotée</ns0:libModeGestionInvSilo><ns0:codeNatureSupportInv>MIXTE</ns0:codeNatureSupportInv><ns0:libNatureSupportInv>Mixte</ns0:libNatureSupportInv><ns0:codeNatureSupportInvSilo>MI</ns0:codeNatureSupportInvSilo><ns0:libNatureSupportInvSilo>Mixte</ns0:libNatureSupportInvSilo><ns0:montantOccurSupportInv>1433.01</ns0:montantOccurSupportInv><ns0:deviseOccurSupportInv>EUR</ns0:deviseOccurSupportInv><ns0:GrilleInv><ns0:idGrilleInv>4412</ns0:idGrilleInv><ns0:nomGrilleInv>Prudente Profil B - Nouvelle Offre</ns0:nomGrilleInv><ns0:txRepartitionGrilleInv>1.0</ns0:txRepartitionGrilleInv></ns0:GrilleInv></ns0:OccurStructInv><ns0:OccurStructInv><ns0:idOccurStructInv>SF_16059471 SI_4436</ns0:idOccurStructInv><ns0:idOccurParentStructInv>SF_16059471</ns0:idOccurParentStructInv><ns0:codeNatureSupportInv>MIXTE</ns0:codeNatureSupportInv><ns0:libNatureSupportInv>Mixte</ns0:libNatureSupportInv><ns0:codeNatureSupportInvSilo>MI</ns0:codeNatureSupportInvSilo><ns0:libNatureSupportInvSilo>Mixte</ns0:libNatureSupportInvSilo><ns0:montantOccurSupportInv>1433.01</ns0:montantOccurSupportInv><ns0:deviseOccurSupportInv>EUR</ns0:deviseOccurSupportInv><ns0:HorizonInv><ns0:idHorizonInv>4436</ns0:idHorizonInv><ns0:nomHorizonInv>Plus de 18 ans</ns0:nomHorizonInv><ns0:borneMinDeplacerCapitalInvesti>228</ns0:borneMinDeplacerCapitalInvesti></ns0:HorizonInv></ns0:OccurStructInv><ns0:OccurStructInv><ns0:idOccurStructInv>SF_16059471 SI_4436 SI_4302</ns0:idOccurStructInv><ns0:idOccurParentStructInv>SF_16059471 SI_4436</ns0:idOccurParentStructInv><ns0:codeNatureSupportInv>UNICPT</ns0:codeNatureSupportInv><ns0:libNatureSupportInv>UC</ns0:libNatureSupportInv><ns0:codeNatureSupportInvSilo>UC</ns0:codeNatureSupportInvSilo><ns0:libNatureSupportInvSilo>Unité de Compte</ns0:libNatureSupportInvSilo><ns0:montantOccurSupportInv>70.93</ns0:montantOccurSupportInv><ns0:deviseOccurSupportInv>EUR</ns0:deviseOccurSupportInv><ns0:ProfilInv><ns0:idProfilInv>4302</ns0:idProfilInv><ns0:nomProfilInv>ACTIONS</ns0:nomProfilInv><ns0:txRepartitionProfilInv>0.0495</ns0:txRepartitionProfilInv></ns0:ProfilInv></ns0:OccurStructInv><ns0:OccurStructInv><ns0:idOccurStructInv>SF_16059471 SI_4436 SI_4302 SI_4300</ns0:idOccurStructInv><ns0:idOccurParentStructInv>SF_16059471 SI_4436 SI_4302</ns0:idOccurParentStructInv><ns0:codeNatureSupportInv>UNICPT</ns0:codeNatureSupportInv><ns0:libNatureSupportInv>UC</ns0:libNatureSupportInv><ns0:codeNatureSupportInvSilo>UC</ns0:codeNatureSupportInvSilo><ns0:libNatureSupportInvSilo>Unité de Compte</ns0:libNatureSupportInvSilo><ns0:montantOccurSupportInv>3.57</ns0:montantOccurSupportInv><ns0:deviseOccurSupportInv>EUR</ns0:deviseOccurSupportInv><ns0:ProfilInv><ns0:idProfilInv>4300</ns0:idProfilInv><ns0:nomProfilInv>ACTIONS PAYS EMERGENTS</ns0:nomProfilInv><ns0:txRepartitionProfilInv>0.0504</ns0:txRepartitionProfilInv></ns0:ProfilInv></ns0:OccurStructInv><ns0:OccurStructInv><ns0:idOccurStructInv>SF_16059471 SI_4436 SI_4302 SI_4300 SU_4460</ns0:idOccurStructInv><ns0:idOccurParentStructInv>SF_16059471 SI_4436 SI_4302 SI_4300</ns0:idOccurParentStructInv><ns0:codeNatureSupportInv>UNICPT</ns0:codeNatureSupportInv><ns0:libNatureSupportInv>UC</ns0:libNatureSupportInv><ns0:codeNatureSupportInvSilo>UC</ns0:codeNatureSupportInvSilo><ns0:libNatureSupportInvSilo>Unité de Compte</ns0:libNatureSupportInvSilo><ns0:montantOccurSupportInv>3.57</ns0:montantOccurSupportInv><ns0:deviseOccurSupportInv>EUR</ns0:deviseOccurSupportInv><ns0:SupportInv><ns0:idSupportInv>4460</ns0:idSupportInv><ns0:codeISIN>IE0003502493</ns0:codeISIN><ns0:nomSupportInv>RIC Emerging Markets Eq B</ns0:nomSupportInv><ns0:codeCategorieFonds>OPACT</ns0:codeCategorieFonds><ns0:libCategorieFonds>OPCVM à tendance actions</ns0:libCategorieFonds><ns0:codeCategorieFondsSilo>PAC</ns0:codeCategorieFondsSilo><ns0:libCategorieFondsSilo>OPCVM à tendance actions</ns0:libCategorieFondsSilo><ns0:txRepartitionSupportInv>1.0</ns0:txRepartitionSupportInv><ns0:valeurLiquidativeFond>23.92</ns0:valeurLiquidativeFond><ns0:dateValeurLiquidative>2020-09-25</ns0:dateValeurLiquidative><ns0:nbePartFonds>0.1740084858</ns0:nbePartFonds><ns0:deviseFonds>USD</ns0:deviseFonds></ns0:SupportInv></ns0:OccurStructInv><ns0:OccurStructInv><ns0:idOccurStructInv>SF_16059471 SI_4436 SI_4302 SI_4301</ns0:idOccurStructInv><ns0:idOccurParentStructInv>SF_16059471 SI_4436 SI_4302</ns0:idOccurParentStructInv><ns0:codeNatureSupportInv>UNICPT</ns0:codeNatureSupportInv><ns0:libNatureSupportInv>UC</ns0:libNatureSupportInv><ns0:codeNatureSupportInvSilo>UC</ns0:codeNatureSupportInvSilo><ns0:libNatureSupportInvSilo>Unité de Compte</ns0:libNatureSupportInvSilo><ns0:montantOccurSupportInv>3.78</ns0:montantOccurSupportInv><ns0:deviseOccurSupportInv>EUR</ns0:deviseOccurSupportInv><ns0:ProfilInv><ns0:idProfilInv>4301</ns0:idProfilInv><ns0:nomProfilInv>ACTIONS JAPON</ns0:nomProfilInv><ns0:txRepartitionProfilInv>0.0533</ns0:txRepartitionProfilInv></ns0:ProfilInv></ns0:OccurStructInv><ns0:OccurStructInv><ns0:idOccurStructInv>SF_16059471 SI_4436 SI_4302 SI_4301 SU_4459</ns0:idOccurStructInv><ns0:idOccurParentStructInv>SF_16059471 SI_4436 SI_4302 SI_4301</ns0:idOccurParentStructInv><ns0:codeNatureSupportInv>UNICPT</ns0:codeNatureSupportInv><ns0:libNatureSupportInv>UC</ns0:libNatureSupportInv><ns0:codeNatureSupportInvSilo>UC</ns0:codeNatureSupportInvSilo><ns0:libNatureSupportInvSilo>Unité de Compte</ns0:libNatureSupportInvSilo><ns0:montantOccurSupportInv>3.78</ns0:montantOccurSupportInv><ns0:deviseOccurSupportInv>EUR</ns0:deviseOccurSupportInv><ns0:SupportInv><ns0:idSupportInv>4459</ns0:idSupportInv><ns0:codeISIN>IE0031503448</ns0:codeISIN><ns0:nomSupportInv>RIC PLC - INVEST JAPAN EQUITY F</ns0:nomSupportInv><ns0:codeCategorieFonds>OPACT</ns0:codeCategorieFonds><ns0:libCategorieFonds>OPCVM à tendance actions</ns0:libCategorieFonds><ns0:codeCategorieFondsSilo>PAC</ns0:codeCategorieFondsSilo><ns0:libCategorieFondsSilo>OPCVM à tendance actions</ns0:libCategorieFondsSilo><ns0:txRepartitionSupportInv>1.0</ns0:txRepartitionSupportInv><ns0:valeurLiquidativeFond>1834.18</ns0:valeurLiquidativeFond><ns0:dateValeurLiquidative>2020-09-25</ns0:dateValeurLiquidative><ns0:nbePartFonds>0.0020615544</ns0:nbePartFonds><ns0:deviseFonds>EUR</ns0:deviseFonds></ns0:SupportInv></ns0:OccurStructInv><ns0:OccurStructInv><ns0:idOccurStructInv>SF_16059471 SI_4436 SI_4302 SI_4298</ns0:idOccurStructInv><ns0:idOccurParentStructInv>SF_16059471 SI_4436 SI_4302</ns0:idOccurParentStructInv><ns0:codeNatureSupportInv>UNICPT</ns0:codeNatureSupportInv><ns0:libNatureSupportInv>UC</ns0:libNatureSupportInv><ns0:codeNatureSupportInvSilo>UC</ns0:codeNatureSupportInvSilo><ns0:libNatureSupportInvSilo>Unité de Compte</ns0:libNatureSupportInvSilo><ns0:montantOccurSupportInv>14.43</ns0:montantOccurSupportInv><ns0:deviseOccurSupportInv>EUR</ns0:deviseOccurSupportInv><ns0:ProfilInv><ns0:idProfilInv>4298</ns0:idProfilInv><ns0:nomProfilInv>ACTIONS ETATS UNIS</ns0:nomProfilInv><ns0:txRepartitionProfilInv>0.2034</ns0:txRepartitionProfilInv></ns0:ProfilInv></ns0:OccurStructInv><ns0:OccurStructInv><ns0:idOccurStructInv>SF_16059471 SI_4436 SI_4302 SI_4298 SU_4540</ns0:idOccurStructInv><ns0:idOccurParentStructInv>SF_16059471 SI_4436 SI_4302 SI_4298</ns0:idOccurParentStructInv><ns0:codeNatureSupportInv>UNICPT</ns0:codeNatureSupportInv><ns0:libNatureSupportInv>UC</ns0:libNatureSupportInv><ns0:codeNatureSupportInvSilo>UC</ns0:codeNatureSupportInvSilo><ns0:libNatureSupportInvSilo>Unité de Compte</ns0:libNatureSupportInvSilo><ns0:montantOccurSupportInv>3.61</ns0:montantOccurSupportInv><ns0:deviseOccurSupportInv>EUR</ns0:deviseOccurSupportInv><ns0:SupportInv><ns0:idSupportInv>4540</ns0:idSupportInv><ns0:codeISIN>IE0031179298</ns0:codeISIN><ns0:nomSupportInv>RIC 2 PLC - INVEST US QUANT FD C</ns0:nomSupportInv><ns0:codeCategorieFonds>OPACT</ns0:codeCategorieFonds><ns0:libCategorieFonds>OPCVM à tendance actions</ns0:libCategorieFonds><ns0:codeCategorieFondsSilo>PAC</ns0:codeCategorieFondsSilo><ns0:libCategorieFondsSilo>OPCVM à tendance actions</ns0:libCategorieFondsSilo><ns0:txRepartitionSupportInv>0.2499</ns0:txRepartitionSupportInv><ns0:valeurLiquidativeFond>2165.72</ns0:valeurLiquidativeFond><ns0:dateValeurLiquidative>2020-09-25</ns0:dateValeurLiquidative><ns0:nbePartFonds>0.0016648875</ns0:nbePartFonds><ns0:deviseFonds>EUR</ns0:deviseFonds></ns0:SupportInv></ns0:OccurStructInv><ns0:OccurStructInv><ns0:idOccurStructInv>SF_16059471 SI_4436 SI_4302 SI_4298 SU_4458</ns0:idOccurStructInv><ns0:idOccurParentStructInv>SF_16059471 SI_4436 SI_4302 SI_4298</ns0:idOccurParentStructInv><ns0:codeNatureSupportInv>UNICPT</ns0:codeNatureSupportInv><ns0:libNatureSupportInv>UC</ns0:libNatureSupportInv><ns0:codeNatureSupportInvSilo>UC</ns0:codeNatureSupportInvSilo><ns0:libNatureSupportInvSilo>Unité de Compte</ns0:libNatureSupportInvSilo><ns0:montantOccurSupportInv>10.82</ns0:montantOccurSupportInv><ns0:deviseOccurSupportInv>EUR</ns0:deviseOccurSupportInv><ns0:SupportInv><ns0:idSupportInv>4458</ns0:idSupportInv><ns0:codeISIN>IE0003507831</ns0:codeISIN><ns0:nomSupportInv>RIC PLC - INVEST US EQUITY B</ns0:nomSupportInv><ns0:codeCategorieFonds>OPACT</ns0:codeCategorieFonds><ns0:libCategorieFonds>OPCVM à tendance actions</ns0:libCategorieFonds><ns0:codeCategorieFondsSilo>PAC</ns0:codeCategorieFondsSilo><ns0:libCategorieFondsSilo>OPCVM à tendance actions</ns0:libCategorieFondsSilo><ns0:txRepartitionSupportInv>0.7501</ns0:txRepartitionSupportInv><ns0:valeurLiquidativeFond>22.97</ns0:valeurLiquidativeFond><ns0:dateValeurLiquidative>2020-09-25</ns0:dateValeurLiquidative><ns0:nbePartFonds>0.5501185875</ns0:nbePartFonds><ns0:deviseFonds>USD</ns0:deviseFonds></ns0:SupportInv></ns0:OccurStructInv><ns0:OccurStructInv><ns0:idOccurStructInv>SF_16059471 SI_4436 SI_4302 SI_4299</ns0:idOccurStructInv><ns0:idOccurParentStructInv>SF_16059471 SI_4436 SI_4302</ns0:idOccurParentStructInv><ns0:codeNatureSupportInv>UNICPT</ns0:codeNatureSupportInv><ns0:libNatureSupportInv>UC</ns0:libNatureSupportInv><ns0:codeNatureSupportInvSilo>UC</ns0:codeNatureSupportInvSilo><ns0:libNatureSupportInvSilo>Unité de Compte</ns0:libNatureSupportInvSilo><ns0:montantOccurSupportInv>49.15</ns0:montantOccurSupportInv><ns0:deviseOccurSupportInv>EUR</ns0:deviseOccurSupportInv><ns0:ProfilInv><ns0:idProfilInv>4299</ns0:idProfilInv><ns0:nomProfilInv>ACTIONS EUROPE</ns0:nomProfilInv><ns0:txRepartitionProfilInv>0.6929</ns0:txRepartitionProfilInv></ns0:ProfilInv></ns0:OccurStructInv><ns0:OccurStructInv><ns0:idOccurStructInv>SF_16059471 SI_4436 SI_4302 SI_4299 SU_4457</ns0:idOccurStructInv><ns0:idOccurParentStructInv>SF_16059471 SI_4436 SI_4302 SI_4299</ns0:idOccurParentStructInv><ns0:codeNatureSupportInv>UNICPT</ns0:codeNatureSupportInv><ns0:libNatureSupportInv>UC</ns0:libNatureSupportInv><ns0:codeNatureSupportInvSilo>UC</ns0:codeNatureSupportInvSilo><ns0:libNatureSupportInvSilo>Unité de Compte</ns0:libNatureSupportInvSilo><ns0:montantOccurSupportInv>7.16</ns0:montantOccurSupportInv><ns0:deviseOccurSupportInv>EUR</ns0:deviseOccurSupportInv><ns0:SupportInv><ns0:idSupportInv>4457</ns0:idSupportInv><ns0:codeISIN>IE0004307934</ns0:codeISIN><ns0:nomSupportInv>MSMM  European Small Cap Eq</ns0:nomSupportInv><ns0:codeCategorieFonds>OPACT</ns0:codeCategorieFonds><ns0:libCategorieFonds>OPCVM à tendance actions</ns0:libCategorieFonds><ns0:codeCategorieFondsSilo>PAC</ns0:codeCategorieFondsSilo><ns0:libCategorieFondsSilo>OPCVM à tendance actions</ns0:libCategorieFondsSilo><ns0:txRepartitionSupportInv>0.1457</ns0:txRepartitionSupportInv><ns0:valeurLiquidativeFond>2612.04</ns0:valeurLiquidativeFond><ns0:dateValeurLiquidative>2020-09-25</ns0:dateValeurLiquidative><ns0:nbePartFonds>0.0027426315</ns0:nbePartFonds><ns0:deviseFonds>EUR</ns0:deviseFonds></ns0:SupportInv></ns0:OccurStructInv><ns0:OccurStructInv><ns0:idOccurStructInv>SF_16059471 SI_4436 SI_4302 SI_4299 SU_4463</ns0:idOccurStructInv><ns0:idOccurParentStructInv>SF_16059471 SI_4436 SI_4302 SI_4299</ns0:idOccurParentStructInv><ns0:codeNatureSupportInv>UNICPT</ns0:codeNatureSupportInv><ns0:libNatureSupportInv>UC</ns0:libNatureSupportInv><ns0:codeNatureSupportInvSilo>UC</ns0:codeNatureSupportInvSilo><ns0:libNatureSupportInvSilo>Unité de Compte</ns0:libNatureSupportInvSilo><ns0:montantOccurSupportInv>11.76</ns0:montantOccurSupportInv><ns0:deviseOccurSupportInv>EUR</ns0:deviseOccurSupportInv><ns0:SupportInv><ns0:idSupportInv>4463</ns0:idSupportInv><ns0:codeISIN>IE00B0DD1V33</ns0:codeISIN><ns0:nomSupportInv>MSMM EUROZONE EQ FUND A</ns0:nomSupportInv><ns0:codeCategorieFonds>OPACT</ns0:codeCategorieFonds><ns0:libCategorieFonds>OPCVM à tendance actions</ns0:libCategorieFonds><ns0:codeCategorieFondsSilo>PAC</ns0:codeCategorieFondsSilo><ns0:libCategorieFondsSilo>OPCVM à tendance actions</ns0:libCategorieFondsSilo><ns0:txRepartitionSupportInv>0.2393</ns0:txRepartitionSupportInv><ns0:valeurLiquidativeFond>961.89</ns0:valeurLiquidativeFond><ns0:dateValeurLiquidative>2020-09-25</ns0:dateValeurLiquidative><ns0:nbePartFonds>0.0122294275</ns0:nbePartFonds><ns0:deviseFonds>EUR</ns0:deviseFonds></ns0:SupportInv></ns0:OccurStructInv><ns0:OccurStructInv><ns0:idOccurStructInv>SF_16059471 SI_4436 SI_4302 SI_4299 SU_4456</ns0:idOccurStructInv><ns0:idOccurParentStructInv>SF_16059471 SI_4436 SI_4302 SI_4299</ns0:idOccurParentStructInv><ns0:codeNatureSupportInv>UNICPT</ns0:codeNatureSupportInv><ns0:libNatureSupportInv>UC</ns0:libNatureSupportInv><ns0:codeNatureSupportInvSilo>UC</ns0:codeNatureSupportInvSilo><ns0:libNatureSupportInvSilo>Unité de Compte</ns0:libNatureSupportInvSilo><ns0:montantOccurSupportInv>12.68</ns0:montantOccurSupportInv><ns0:deviseOccurSupportInv>EUR</ns0:deviseOccurSupportInv><ns0:SupportInv><ns0:idSupportInv>4456</ns0:idSupportInv><ns0:codeISIN>IE0031180304</ns0:codeISIN><ns0:nomSupportInv>RIC II PLC - INV PAN EUROP EQU F</ns0:nomSupportInv><ns0:codeCategorieFonds>OPACT</ns0:codeCategorieFonds><ns0:libCategorieFonds>OPCVM à tendance actions</ns0:libCategorieFonds><ns0:codeCategorieFondsSilo>PAC</ns0:codeCategorieFondsSilo><ns0:libCategorieFondsSilo>OPCVM à tendance actions</ns0:libCategorieFondsSilo><ns0:txRepartitionSupportInv>0.2579</ns0:txRepartitionSupportInv><ns0:valeurLiquidativeFond>1724.81</ns0:valeurLiquidativeFond><ns0:dateValeurLiquidative>2020-09-25</ns0:dateValeurLiquidative><ns0:nbePartFonds>0.00734922</ns0:nbePartFonds><ns0:deviseFonds>EUR</ns0:deviseFonds></ns0:SupportInv></ns0:OccurStructInv><ns0:OccurStructInv><ns0:idOccurStructInv>SF_16059471 SI_4436 SI_4302 SI_4299 SU_4455</ns0:idOccurStructInv><ns0:idOccurParentStructInv>SF_16059471 SI_4436 SI_4302 SI_4299</ns0:idOccurParentStructInv><ns0:codeNatureSupportInv>UNICPT</ns0:codeNatureSupportInv><ns0:libNatureSupportInv>UC</ns0:libNatureSupportInv><ns0:codeNatureSupportInvSilo>UC</ns0:codeNatureSupportInvSilo><ns0:libNatureSupportInvSilo>Unité de Compte</ns0:libNatureSupportInvSilo><ns0:montantOccurSupportInv>17.55</ns0:montantOccurSupportInv><ns0:deviseOccurSupportInv>EUR</ns0:deviseOccurSupportInv><ns0:SupportInv><ns0:idSupportInv>4455</ns0:idSupportInv><ns0:codeISIN>IE0007356581</ns0:codeISIN><ns0:nomSupportInv>RIC PLC - INV CONTI EUROP EQUI C</ns0:nomSupportInv><ns0:codeCategorieFonds>OPACT</ns0:codeCategorieFonds><ns0:libCategorieFonds>OPCVM à tendance actions</ns0:libCategorieFonds><ns0:codeCategorieFondsSilo>PAC</ns0:codeCategorieFondsSilo><ns0:libCategorieFondsSilo>OPCVM à tendance actions</ns0:libCategorieFondsSilo><ns0:txRepartitionSupportInv>0.3571</ns0:txRepartitionSupportInv><ns0:valeurLiquidativeFond>104.51</ns0:valeurLiquidativeFond><ns0:dateValeurLiquidative>2020-09-25</ns0:dateValeurLiquidative><ns0:nbePartFonds>0.167936848</ns0:nbePartFonds><ns0:deviseFonds>EUR</ns0:deviseFonds></ns0:SupportInv></ns0:OccurStructInv><ns0:OccurStructInv><ns0:idOccurStructInv>SF_16059471 SI_4436 SI_4303</ns0:idOccurStructInv><ns0:idOccurParentStructInv>SF_16059471 SI_4436</ns0:idOccurParentStructInv><ns0:codeNatureSupportInv>UNICPT</ns0:codeNatureSupportInv><ns0:libNatureSupportInv>UC</ns0:libNatureSupportInv><ns0:codeNatureSupportInvSilo>UC</ns0:codeNatureSupportInvSilo><ns0:libNatureSupportInvSilo>Unité de Compte</ns0:libNatureSupportInvSilo><ns0:montantOccurSupportInv>145.29</ns0:montantOccurSupportInv><ns0:deviseOccurSupportInv>EUR</ns0:deviseOccurSupportInv><ns0:ProfilInv><ns0:idProfilInv>4303</ns0:idProfilInv><ns0:nomProfilInv>ALM Patrimoine</ns0:nomProfilInv><ns0:txRepartitionProfilInv>0.1014</ns0:txRepartitionProfilInv></ns0:ProfilInv></ns0:OccurStructInv><ns0:OccurStructInv><ns0:idOccurStructInv>SF_16059471 SI_4436 SI_4303 SU_4700</ns0:idOccurStructInv><ns0:idOccurParentStructInv>SF_16059471 SI_4436 SI_4303</ns0:idOccurParentStructInv><ns0:codeNatureSupportInv>UNICPT</ns0:codeNatureSupportInv><ns0:libNatureSupportInv>UC</ns0:libNatureSupportInv><ns0:codeNatureSupportInvSilo>UC</ns0:codeNatureSupportInvSilo><ns0:libNatureSupportInvSilo>Unité de Compte</ns0:libNatureSupportInvSilo><ns0:montantOccurSupportInv>57.99</ns0:montantOccurSupportInv><ns0:deviseOccurSupportInv>EUR</ns0:deviseOccurSupportInv><ns0:SupportInv><ns0:idSupportInv>4700</ns0:idSupportInv><ns0:codeISIN>LU1276000236</ns0:codeISIN><ns0:nomSupportInv>EDR FD INCOME EUROPE R</ns0:nomSupportInv><ns0:codeCategorieFonds>OPOBL</ns0:codeCategorieFonds><ns0:libCategorieFonds>OPCVM à tendance obligations</ns0:libCategorieFonds><ns0:codeCategorieFondsSilo>POB</ns0:codeCategorieFondsSilo><ns0:libCategorieFondsSilo>OPCVM à tendance obligations</ns0:libCategorieFondsSilo><ns0:txRepartitionSupportInv>0.3991</ns0:txRepartitionSupportInv><ns0:valeurLiquidativeFond>97.08</ns0:valeurLiquidativeFond><ns0:dateValeurLiquidative>2020-09-25</ns0:dateValeurLiquidative><ns0:nbePartFonds>0.5973091571</ns0:nbePartFonds><ns0:deviseFonds>EUR</ns0:deviseFonds></ns0:SupportInv></ns0:OccurStructInv><ns0:OccurStructInv><ns0:idOccurStructInv>SF_16059471 SI_4436 SI_4303 SU_4541</ns0:idOccurStructInv><ns0:idOccurParentStructInv>SF_16059471 SI_4436 SI_4303</ns0:idOccurParentStructInv><ns0:codeNatureSupportInv>UNICPT</ns0:codeNatureSupportInv><ns0:libNatureSupportInv>UC</ns0:libNatureSupportInv><ns0:codeNatureSupportInvSilo>UC</ns0:codeNatureSupportInvSilo><ns0:libNatureSupportInvSilo>Unité de Compte</ns0:libNatureSupportInvSilo><ns0:montantOccurSupportInv>87.3</ns0:montantOccurSupportInv><ns0:deviseOccurSupportInv>EUR</ns0:deviseOccurSupportInv><ns0:SupportInv><ns0:idSupportInv>4541</ns0:idSupportInv><ns0:codeISIN>FR0012739407</ns0:codeISIN><ns0:nomSupportInv>ALM PATRIMOINE RA</ns0:nomSupportInv><ns0:codeCategorieFonds>OPACT</ns0:codeCategorieFonds><ns0:libCategorieFonds>OPCVM à tendance actions</ns0:libCategorieFonds><ns0:codeCategorieFondsSilo>PAC</ns0:codeCategorieFondsSilo><ns0:libCategorieFondsSilo>OPCVM à tendance actions</ns0:libCategorieFondsSilo><ns0:txRepartitionSupportInv>0.6009</ns0:txRepartitionSupportInv><ns0:valeurLiquidativeFond>102.49</ns0:valeurLiquidativeFond><ns0:dateValeurLiquidative>2020-06-19</ns0:dateValeurLiquidative><ns0:nbePartFonds>0.8518168251</ns0:nbePartFonds><ns0:deviseFonds>EUR</ns0:deviseFonds></ns0:SupportInv></ns0:OccurStructInv><ns0:OccurStructInv><ns0:idOccurStructInv>SF_16059471 SI_4436 SI_4226</ns0:idOccurStructInv><ns0:idOccurParentStructInv>SF_16059471 SI_4436</ns0:idOccurParentStructInv><ns0:codeNatureSupportInv>FDSGES</ns0:codeNatureSupportInv><ns0:libNatureSupportInv>Fonds Euro</ns0:libNatureSupportInv><ns0:codeNatureSupportInvSilo>FG</ns0:codeNatureSupportInvSilo><ns0:libNatureSupportInvSilo>Fond en Devises</ns0:libNatureSupportInvSilo><ns0:montantOccurSupportInv>1216.79</ns0:montantOccurSupportInv><ns0:deviseOccurSupportInv>EUR</ns0:deviseOccurSupportInv><ns0:ProfilInv><ns0:idProfilInv>4226</ns0:idProfilInv><ns0:nomProfilInv>Actif en euros</ns0:nomProfilInv><ns0:txRepartitionProfilInv>0.8491</ns0:txRepartitionProfilInv></ns0:ProfilInv></ns0:OccurStructInv><ns0:OccurStructInv><ns0:idOccurStructInv>SF_16059471 SI_4436 SI_4226 SU_4548</ns0:idOccurStructInv><ns0:idOccurParentStructInv>SF_16059471 SI_4436 SI_4226</ns0:idOccurParentStructInv><ns0:codeNatureSupportInv>FDSGES</ns0:codeNatureSupportInv><ns0:libNatureSupportInv>Fonds Euro</ns0:libNatureSupportInv><ns0:codeNatureSupportInvSilo>FG</ns0:codeNatureSupportInvSilo><ns0:libNatureSupportInvSilo>Fond en Devises</ns0:libNatureSupportInvSilo><ns0:montantOccurSupportInv>1216.79</ns0:montantOccurSupportInv><ns0:deviseOccurSupportInv>EUR</ns0:deviseOccurSupportInv><ns0:SupportInv><ns0:idSupportInv>4548</ns0:idSupportInv><ns0:nomSupportInv>Actif en euros</ns0:nomSupportInv><ns0:codeCategorieFonds>FDPR</ns0:codeCategorieFonds><ns0:libCategorieFonds>Fonds propres</ns0:libCategorieFonds><ns0:codeCategorieFondsSilo>FPR</ns0:codeCategorieFondsSilo><ns0:libCategorieFondsSilo>Fonds propres</ns0:libCategorieFondsSilo><ns0:txRepartitionSupportInv>1.0</ns0:txRepartitionSupportInv><ns0:deviseFonds>EUR</ns0:deviseFonds></ns0:SupportInv></ns0:OccurStructInv></ns0:StructInv></ns0:CalculerEncoursContratFunc></ns0:CalculerEncoursContratResponse></SOAP-ENV:Body></SOAP-ENV:Envelope>