<SOAP-ENV:Envelope xmlns:SOAP-ENV="http://schemas.xmlsoap.org/soap/envelope/"><SOAP-ENV:Header><ns:WSResponseMetaInfo xmlns:ns="http://www.fmk.com/ESB/Framework/ESBTechPivotSchema" xmlns:ns0="http://schemas.xmlsoap.org/soap/envelope/" xmlns:xs="http://www.w3.org/2001/XMLSchema" xmlns:xsi="http://www.w3.org/2001/XMLSchema-instance"><ns:FuncFault/><ns:BusinessHeader/></ns:WSResponseMetaInfo></SOAP-ENV:Header><SOAP-ENV:Body><ns0:CalculerEncoursContratResponse xmlns:ns0="http://www.alm.com/esb/service/GestContratTer_2/CalculerEncoursContrat_3"><ns0:CalculerEncoursContratFunc><ns0:StructInv><ns0:IdentificationStructInv><ns0:idStructInv>RA226218259000</ns0:idStructInv><ns0:montantEncours>310502.7</ns0:montantEncours><ns0:deviseEncours>EUR</ns0:deviseEncours><ns0:dateValeurFG>2020-01-01</ns0:dateValeurFG><ns0:dateValeurUC>2020-01-01</ns0:dateValeurUC><ns0:codeTypeEncoursSilo>TAUX_DEFINITIF</ns0:codeTypeEncoursSilo><ns0:libTypeEncoursSilo>ENCOURS AU TAUX DEFINITIF</ns0:libTypeEncoursSilo><ns0:indicSitEstimeSilo>true</ns0:indicSitEstimeSilo></ns0:IdentificationStructInv><ns0:OccurStructInv><ns0:idOccurStructInv>RA226218259000_VL</ns0:idOccurStructInv><ns0:idOccurParentStructInv>RA226218259000</ns0:idOccurParentStructInv><ns0:montantOccurSupportInv>310502.7</ns0:montantOccurSupportInv><ns0:deviseOccurSupportInv>EUR</ns0:deviseOccurSupportInv><ns0:ContributionInv><ns0:identifiantContributionInvestissement>VL</ns0:identifiantContributionInvestissement><ns0:codeContributionInvSilo>VL</ns0:codeContributionInvSilo><ns0:libContributionInvSilo>VERSEMENT LIBRE</ns0:libContributionInvSilo><ns0:txRepartitionContribution>100.0</ns0:txRepartitionContribution><ns0:indicTxDerogeableContributionInv>false</ns0:indicTxDerogeableContributionInv></ns0:ContributionInv></ns0:OccurStructInv><ns0:OccurStructInv><ns0:idOccurStructInv>RA226218259000_VL_41</ns0:idOccurStructInv><ns0:idOccurParentStructInv>RA226218259000_VL</ns0:idOccurParentStructInv><ns0:montantOccurSupportInv>310502.7</ns0:montantOccurSupportInv><ns0:deviseOccurSupportInv>EUR</ns0:deviseOccurSupportInv><ns0:GrilleInv><ns0:idGrilleInv>41</ns0:idGrilleInv><ns0:nomGrilleInv>GESTION LIBRE</ns0:nomGrilleInv><ns0:txRepartitionGrilleInv>100.0</ns0:txRepartitionGrilleInv><ns0:indicTxDerogeableGrilleInv>false</ns0:indicTxDerogeableGrilleInv></ns0:GrilleInv></ns0:OccurStructInv><ns0:OccurStructInv><ns0:idOccurStructInv>RA226218259000_VL_41_50000052</ns0:idOccurStructInv><ns0:idOccurParentStructInv>RA226218259000_VL_41</ns0:idOccurParentStructInv><ns0:montantOccurSupportInv>8381.76</ns0:montantOccurSupportInv><ns0:deviseOccurSupportInv>EUR</ns0:deviseOccurSupportInv><ns0:ProfilInv><ns0:idProfilInv>50000052</ns0:idProfilInv><ns0:nomProfilInv>ACTIF GENERAL</ns0:nomProfilInv><ns0:txRepartitionProfilInv>0.02699416</ns0:txRepartitionProfilInv><ns0:indicTxDerogeableProfilInv>true</ns0:indicTxDerogeableProfilInv></ns0:ProfilInv></ns0:OccurStructInv><ns0:OccurStructInv><ns0:idOccurStructInv>RA226218259000_VL_41_50000052_0000054</ns0:idOccurStructInv><ns0:idOccurParentStructInv>RA226218259000_VL_41_50000052</ns0:idOccurParentStructInv><ns0:codeNatureSupportInv>FDSGES</ns0:codeNatureSupportInv><ns0:libNatureSupportInv>Fonds Euro</ns0:libNatureSupportInv><ns0:codeNatureSupportInvSilo>FG</ns0:codeNatureSupportInvSilo><ns0:libNatureSupportInvSilo>FONDS DE GESTION</ns0:libNatureSupportInvSilo><ns0:montantOccurSupportInv>8381.76</ns0:montantOccurSupportInv><ns0:deviseOccurSupportInv>EUR</ns0:deviseOccurSupportInv><ns0:SupportInv><ns0:idSupportInv>0000054</ns0:idSupportInv><ns0:nomSupportInv>FONDS EUROS</ns0:nomSupportInv><ns0:txRepartitionSupportInv>1.0</ns0:txRepartitionSupportInv><ns0:valeurLiquidativeFond>0.0</ns0:valeurLiquidativeFond><ns0:nbePartFonds>0.0</ns0:nbePartFonds><ns0:deviseFonds>EUR</ns0:deviseFonds></ns0:SupportInv></ns0:OccurStructInv><ns0:OccurStructInv><ns0:idOccurStructInv>RA226218259000_VL_41_50000053</ns0:idOccurStructInv><ns0:idOccurParentStructInv>RA226218259000_VL_41</ns0:idOccurParentStructInv><ns0:montantOccurSupportInv>13056.86</ns0:montantOccurSupportInv><ns0:deviseOccurSupportInv>EUR</ns0:deviseOccurSupportInv><ns0:ProfilInv><ns0:idProfilInv>50000053</ns0:idProfilInv><ns0:nomProfilInv>ALM OBLIGATIONS EURO ISR RA</ns0:nomProfilInv><ns0:txRepartitionProfilInv>0.04205071</ns0:txRepartitionProfilInv><ns0:indicTxDerogeableProfilInv>true</ns0:indicTxDerogeableProfilInv></ns0:ProfilInv></ns0:OccurStructInv><ns0:OccurStructInv><ns0:idOccurStructInv>RA226218259000_VL_41_50000053_0004923</ns0:idOccurStructInv><ns0:idOccurParentStructInv>RA226218259000_VL_41_50000053</ns0:idOccurParentStructInv><ns0:codeNatureSupportInv>UNICPT</ns0:codeNatureSupportInv><ns0:libNatureSupportInv>UC</ns0:libNatureSupportInv><ns0:codeNatureSupportInvSilo>UC</ns0:codeNatureSupportInvSilo><ns0:libNatureSupportInvSilo>UNITE DE COMPTE</ns0:libNatureSupportInvSilo><ns0:montantOccurSupportInv>13056.86</ns0:montantOccurSupportInv><ns0:deviseOccurSupportInv>EUR</ns0:deviseOccurSupportInv><ns0:SupportInv><ns0:idSupportInv>0004923</ns0:idSupportInv><ns0:codeISIN>FR0011516756</ns0:codeISIN><ns0:nomSupportInv>ALM OBLIGATIONS EURO ISR RA</ns0:nomSupportInv><ns0:codeCategorieFondsSilo>PAC</ns0:codeCategorieFondsSilo><ns0:libCategorieFondsSilo>OPCVM A TENDANCE ACTIONS</ns0:libCategorieFondsSilo><ns0:txRepartitionSupportInv>1.0</ns0:txRepartitionSupportInv><ns0:valeurLiquidativeFond>1605.18</ns0:valeurLiquidativeFond><ns0:dateValeurLiquidative>2020-01-01</ns0:dateValeurLiquidative><ns0:nbePartFonds>8.1342</ns0:nbePartFonds><ns0:deviseFonds>EUR</ns0:deviseFonds></ns0:SupportInv></ns0:OccurStructInv><ns0:OccurStructInv><ns0:idOccurStructInv>RA226218259000_VL_41_50000054</ns0:idOccurStructInv><ns0:idOccurParentStructInv>RA226218259000_VL_41</ns0:idOccurParentStructInv><ns0:montantOccurSupportInv>11201.37</ns0:montantOccurSupportInv><ns0:deviseOccurSupportInv>EUR</ns0:deviseOccurSupportInv><ns0:ProfilInv><ns0:idProfilInv>50000054</ns0:idProfilInv><ns0:nomProfilInv>ALM CREDIT EURO ISR RA</ns0:nomProfilInv><ns0:txRepartitionProfilInv>0.03607495</ns0:txRepartitionProfilInv><ns0:indicTxDerogeableProfilInv>true</ns0:indicTxDerogeableProfilInv></ns0:ProfilInv></ns0:OccurStructInv><ns0:OccurStructInv><ns0:idOccurStructInv>RA226218259000_VL_41_50000054_0004940</ns0:idOccurStructInv><ns0:idOccurParentStructInv>RA226218259000_VL_41_50000054</ns0:idOccurParentStructInv><ns0:codeNatureSupportInv>UNICPT</ns0:codeNatureSupportInv><ns0:libNatureSupportInv>UC</ns0:libNatureSupportInv><ns0:codeNatureSupportInvSilo>UC</ns0:codeNatureSupportInvSilo><ns0:libNatureSupportInvSilo>UNITE DE COMPTE</ns0:libNatureSupportInvSilo><ns0:montantOccurSupportInv>11201.37</ns0:montantOccurSupportInv><ns0:deviseOccurSupportInv>EUR</ns0:deviseOccurSupportInv><ns0:SupportInv><ns0:idSupportInv>0004940</ns0:idSupportInv><ns0:codeISIN>FR0013459054</ns0:codeISIN><ns0:nomSupportInv>ALM CREDIT EURO ISR RA</ns0:nomSupportInv><ns0:codeCategorieFondsSilo>PAC</ns0:codeCategorieFondsSilo><ns0:libCategorieFondsSilo>OPCVM A TENDANCE ACTIONS</ns0:libCategorieFondsSilo><ns0:txRepartitionSupportInv>1.0</ns0:txRepartitionSupportInv><ns0:valeurLiquidativeFond>97.8</ns0:valeurLiquidativeFond><ns0:dateValeurLiquidative>2020-01-01</ns0:dateValeurLiquidative><ns0:nbePartFonds>114.5334</ns0:nbePartFonds><ns0:deviseFonds>EUR</ns0:deviseFonds></ns0:SupportInv></ns0:OccurStructInv><ns0:OccurStructInv><ns0:idOccurStructInv>RA226218259000_VL_41_50000055</ns0:idOccurStructInv><ns0:idOccurParentStructInv>RA226218259000_VL_41</ns0:idOccurParentStructInv><ns0:montantOccurSupportInv>12376.27</ns0:montantOccurSupportInv><ns0:deviseOccurSupportInv>EUR</ns0:deviseOccurSupportInv><ns0:ProfilInv><ns0:idProfilInv>50000055</ns0:idProfilInv><ns0:nomProfilInv>ALM CLASSIC</ns0:nomProfilInv><ns0:txRepartitionProfilInv>0.03985881</ns0:txRepartitionProfilInv><ns0:indicTxDerogeableProfilInv>true</ns0:indicTxDerogeableProfilInv></ns0:ProfilInv></ns0:OccurStructInv><ns0:OccurStructInv><ns0:idOccurStructInv>RA226218259000_VL_41_50000055_0004924</ns0:idOccurStructInv><ns0:idOccurParentStructInv>RA226218259000_VL_41_50000055</ns0:idOccurParentStructInv><ns0:codeNatureSupportInv>UNICPT</ns0:codeNatureSupportInv><ns0:libNatureSupportInv>UC</ns0:libNatureSupportInv><ns0:codeNatureSupportInvSilo>UC</ns0:codeNatureSupportInvSilo><ns0:libNatureSupportInvSilo>UNITE DE COMPTE</ns0:libNatureSupportInvSilo><ns0:montantOccurSupportInv>12376.27</ns0:montantOccurSupportInv><ns0:deviseOccurSupportInv>EUR</ns0:deviseOccurSupportInv><ns0:SupportInv><ns0:idSupportInv>0004924</ns0:idSupportInv><ns0:codeISIN>FR0007025192</ns0:codeISIN><ns0:nomSupportInv>ALM CLASSIC</ns0:nomSupportInv><ns0:codeCategorieFondsSilo>FDF</ns0:codeCategorieFondsSilo><ns0:libCategorieFondsSilo>FONDS DE FONDS</ns0:libCategorieFondsSilo><ns0:txRepartitionSupportInv>1.0</ns0:txRepartitionSupportInv><ns0:valeurLiquidativeFond>315.52</ns0:valeurLiquidativeFond><ns0:dateValeurLiquidative>2020-01-01</ns0:dateValeurLiquidative><ns0:nbePartFonds>39.225</ns0:nbePartFonds><ns0:deviseFonds>EUR</ns0:deviseFonds></ns0:SupportInv></ns0:OccurStructInv><ns0:OccurStructInv><ns0:idOccurStructInv>RA226218259000_VL_41_50000056</ns0:idOccurStructInv><ns0:idOccurParentStructInv>RA226218259000_VL_41</ns0:idOccurParentStructInv><ns0:montantOccurSupportInv>11022.43</ns0:montantOccurSupportInv><ns0:deviseOccurSupportInv>EUR</ns0:deviseOccurSupportInv><ns0:ProfilInv><ns0:idProfilInv>50000056</ns0:idProfilInv><ns0:nomProfilInv>ALM DYNAMIC</ns0:nomProfilInv><ns0:txRepartitionProfilInv>0.03549866</ns0:txRepartitionProfilInv><ns0:indicTxDerogeableProfilInv>true</ns0:indicTxDerogeableProfilInv></ns0:ProfilInv></ns0:OccurStructInv><ns0:OccurStructInv><ns0:idOccurStructInv>RA226218259000_VL_41_50000056_0004925</ns0:idOccurStructInv><ns0:idOccurParentStructInv>RA226218259000_VL_41_50000056</ns0:idOccurParentStructInv><ns0:codeNatureSupportInv>UNICPT</ns0:codeNatureSupportInv><ns0:libNatureSupportInv>UC</ns0:libNatureSupportInv><ns0:codeNatureSupportInvSilo>UC</ns0:codeNatureSupportInvSilo><ns0:libNatureSupportInvSilo>UNITE DE COMPTE</ns0:libNatureSupportInvSilo><ns0:montantOccurSupportInv>11022.43</ns0:montantOccurSupportInv><ns0:deviseOccurSupportInv>EUR</ns0:deviseOccurSupportInv><ns0:SupportInv><ns0:idSupportInv>0004925</ns0:idSupportInv><ns0:codeISIN>FR0007025184</ns0:codeISIN><ns0:nomSupportInv>ALM DYNAMIC</ns0:nomSupportInv><ns0:codeCategorieFondsSilo>FDF</ns0:codeCategorieFondsSilo><ns0:libCategorieFondsSilo>FONDS DE FONDS</ns0:libCategorieFondsSilo><ns0:txRepartitionSupportInv>1.0</ns0:txRepartitionSupportInv><ns0:valeurLiquidativeFond>332.19</ns0:valeurLiquidativeFond><ns0:dateValeurLiquidative>2020-01-01</ns0:dateValeurLiquidative><ns0:nbePartFonds>33.1811</ns0:nbePartFonds><ns0:deviseFonds>EUR</ns0:deviseFonds></ns0:SupportInv></ns0:OccurStructInv><ns0:OccurStructInv><ns0:idOccurStructInv>RA226218259000_VL_41_50000057</ns0:idOccurStructInv><ns0:idOccurParentStructInv>RA226218259000_VL_41</ns0:idOccurParentStructInv><ns0:montantOccurSupportInv>10708.65</ns0:montantOccurSupportInv><ns0:deviseOccurSupportInv>EUR</ns0:deviseOccurSupportInv><ns0:ProfilInv><ns0:idProfilInv>50000057</ns0:idProfilInv><ns0:nomProfilInv>ALM OFFENSIF</ns0:nomProfilInv><ns0:txRepartitionProfilInv>0.0344881</ns0:txRepartitionProfilInv><ns0:indicTxDerogeableProfilInv>true</ns0:indicTxDerogeableProfilInv></ns0:ProfilInv></ns0:OccurStructInv><ns0:OccurStructInv><ns0:idOccurStructInv>RA226218259000_VL_41_50000057_0004926</ns0:idOccurStructInv><ns0:idOccurParentStructInv>RA226218259000_VL_41_50000057</ns0:idOccurParentStructInv><ns0:codeNatureSupportInv>UNICPT</ns0:codeNatureSupportInv><ns0:libNatureSupportInv>UC</ns0:libNatureSupportInv><ns0:codeNatureSupportInvSilo>UC</ns0:codeNatureSupportInvSilo><ns0:libNatureSupportInvSilo>UNITE DE COMPTE</ns0:libNatureSupportInvSilo><ns0:montantOccurSupportInv>10708.65</ns0:montantOccurSupportInv><ns0:deviseOccurSupportInv>EUR</ns0:deviseOccurSupportInv><ns0:SupportInv><ns0:idSupportInv>0004926</ns0:idSupportInv><ns0:codeISIN>FR0007044797</ns0:codeISIN><ns0:nomSupportInv>ALM OFFENSIF</ns0:nomSupportInv><ns0:codeCategorieFondsSilo>FDF</ns0:codeCategorieFondsSilo><ns0:libCategorieFondsSilo>FONDS DE FONDS</ns0:libCategorieFondsSilo><ns0:txRepartitionSupportInv>1.0</ns0:txRepartitionSupportInv><ns0:valeurLiquidativeFond>201.69</ns0:valeurLiquidativeFond><ns0:dateValeurLiquidative>2020-01-01</ns0:dateValeurLiquidative><ns0:nbePartFonds>53.0946</ns0:nbePartFonds><ns0:deviseFonds>EUR</ns0:deviseFonds></ns0:SupportInv></ns0:OccurStructInv><ns0:OccurStructInv><ns0:idOccurStructInv>RA226218259000_VL_41_50000058</ns0:idOccurStructInv><ns0:idOccurParentStructInv>RA226218259000_VL_41</ns0:idOccurParentStructInv><ns0:montantOccurSupportInv>10597.22</ns0:montantOccurSupportInv><ns0:deviseOccurSupportInv>EUR</ns0:deviseOccurSupportInv><ns0:ProfilInv><ns0:idProfilInv>50000058</ns0:idProfilInv><ns0:nomProfilInv>DNCA EVOLUTIF C</ns0:nomProfilInv><ns0:txRepartitionProfilInv>0.03412923</ns0:txRepartitionProfilInv><ns0:indicTxDerogeableProfilInv>true</ns0:indicTxDerogeableProfilInv></ns0:ProfilInv></ns0:OccurStructInv><ns0:OccurStructInv><ns0:idOccurStructInv>RA226218259000_VL_41_50000058_0004927</ns0:idOccurStructInv><ns0:idOccurParentStructInv>RA226218259000_VL_41_50000058</ns0:idOccurParentStructInv><ns0:codeNatureSupportInv>UNICPT</ns0:codeNatureSupportInv><ns0:libNatureSupportInv>UC</ns0:libNatureSupportInv><ns0:codeNatureSupportInvSilo>UC</ns0:codeNatureSupportInvSilo><ns0:libNatureSupportInvSilo>UNITE DE COMPTE</ns0:libNatureSupportInvSilo><ns0:montantOccurSupportInv>10597.22</ns0:montantOccurSupportInv><ns0:deviseOccurSupportInv>EUR</ns0:deviseOccurSupportInv><ns0:SupportInv><ns0:idSupportInv>0004927</ns0:idSupportInv><ns0:codeISIN>FR0007050190</ns0:codeISIN><ns0:nomSupportInv>DNCA EVOLUTIF C</ns0:nomSupportInv><ns0:codeCategorieFondsSilo>PAC</ns0:codeCategorieFondsSilo><ns0:libCategorieFondsSilo>FCP MIXTES EURO</ns0:libCategorieFondsSilo><ns0:txRepartitionSupportInv>1.0</ns0:txRepartitionSupportInv><ns0:valeurLiquidativeFond>110.16</ns0:valeurLiquidativeFond><ns0:dateValeurLiquidative>2020-01-01</ns0:dateValeurLiquidative><ns0:nbePartFonds>96.1984</ns0:nbePartFonds><ns0:deviseFonds>EUR</ns0:deviseFonds></ns0:SupportInv></ns0:OccurStructInv><ns0:OccurStructInv><ns0:idOccurStructInv>RA226218259000_VL_41_50000059</ns0:idOccurStructInv><ns0:idOccurParentStructInv>RA226218259000_VL_41</ns0:idOccurParentStructInv><ns0:montantOccurSupportInv>9630.16</ns0:montantOccurSupportInv><ns0:deviseOccurSupportInv>EUR</ns0:deviseOccurSupportInv><ns0:ProfilInv><ns0:idProfilInv>50000059</ns0:idProfilInv><ns0:nomProfilInv>ALM ACTIONS FRANCE</ns0:nomProfilInv><ns0:txRepartitionProfilInv>0.03101473</ns0:txRepartitionProfilInv><ns0:indicTxDerogeableProfilInv>true</ns0:indicTxDerogeableProfilInv></ns0:ProfilInv></ns0:OccurStructInv><ns0:OccurStructInv><ns0:idOccurStructInv>RA226218259000_VL_41_50000059_0004928</ns0:idOccurStructInv><ns0:idOccurParentStructInv>RA226218259000_VL_41_50000059</ns0:idOccurParentStructInv><ns0:codeNatureSupportInv>UNICPT</ns0:codeNatureSupportInv><ns0:libNatureSupportInv>UC</ns0:libNatureSupportInv><ns0:codeNatureSupportInvSilo>UC</ns0:codeNatureSupportInvSilo><ns0:libNatureSupportInvSilo>UNITE DE COMPTE</ns0:libNatureSupportInvSilo><ns0:montantOccurSupportInv>9630.16</ns0:montantOccurSupportInv><ns0:deviseOccurSupportInv>EUR</ns0:deviseOccurSupportInv><ns0:SupportInv><ns0:idSupportInv>0004928</ns0:idSupportInv><ns0:codeISIN>FR0013256740</ns0:codeISIN><ns0:nomSupportInv>ALM ACTIONS FRANCE</ns0:nomSupportInv><ns0:codeCategorieFondsSilo>PAC</ns0:codeCategorieFondsSilo><ns0:libCategorieFondsSilo>OPCVM A TENDANCE ACTIONS</ns0:libCategorieFondsSilo><ns0:txRepartitionSupportInv>1.0</ns0:txRepartitionSupportInv><ns0:valeurLiquidativeFond>276.74</ns0:valeurLiquidativeFond><ns0:dateValeurLiquidative>2020-01-01</ns0:dateValeurLiquidative><ns0:nbePartFonds>34.7986</ns0:nbePartFonds><ns0:deviseFonds>EUR</ns0:deviseFonds></ns0:SupportInv></ns0:OccurStructInv><ns0:OccurStructInv><ns0:idOccurStructInv>RA226218259000_VL_41_50000060</ns0:idOccurStructInv><ns0:idOccurParentStructInv>RA226218259000_VL_41</ns0:idOccurParentStructInv><ns0:montantOccurSupportInv>9275.75</ns0:montantOccurSupportInv><ns0:deviseOccurSupportInv>EUR</ns0:deviseOccurSupportInv><ns0:ProfilInv><ns0:idProfilInv>50000060</ns0:idProfilInv><ns0:nomProfilInv>ALM ACTIONS ZONE EURO ISR RA</ns0:nomProfilInv><ns0:txRepartitionProfilInv>0.02987333</ns0:txRepartitionProfilInv><ns0:indicTxDerogeableProfilInv>true</ns0:indicTxDerogeableProfilInv></ns0:ProfilInv></ns0:OccurStructInv><ns0:OccurStructInv><ns0:idOccurStructInv>RA226218259000_VL_41_50000060_0004929</ns0:idOccurStructInv><ns0:idOccurParentStructInv>RA226218259000_VL_41_50000060</ns0:idOccurParentStructInv><ns0:codeNatureSupportInv>UNICPT</ns0:codeNatureSupportInv><ns0:libNatureSupportInv>UC</ns0:libNatureSupportInv><ns0:codeNatureSupportInvSilo>UC</ns0:codeNatureSupportInvSilo><ns0:libNatureSupportInvSilo>UNITE DE COMPTE</ns0:libNatureSupportInvSilo><ns0:montantOccurSupportInv>9275.75</ns0:montantOccurSupportInv><ns0:deviseOccurSupportInv>EUR</ns0:deviseOccurSupportInv><ns0:SupportInv><ns0:idSupportInv>0004929</ns0:idSupportInv><ns0:codeISIN>FR0011511815</ns0:codeISIN><ns0:nomSupportInv>ALM ACTIONS ZONE EURO ISR RA</ns0:nomSupportInv><ns0:codeCategorieFondsSilo>PAC</ns0:codeCategorieFondsSilo><ns0:libCategorieFondsSilo>OPCVM A TENDANCE ACTIONS</ns0:libCategorieFondsSilo><ns0:txRepartitionSupportInv>1.0</ns0:txRepartitionSupportInv><ns0:valeurLiquidativeFond>10.57</ns0:valeurLiquidativeFond><ns0:dateValeurLiquidative>2020-01-01</ns0:dateValeurLiquidative><ns0:nbePartFonds>877.5544</ns0:nbePartFonds><ns0:deviseFonds>EUR</ns0:deviseFonds></ns0:SupportInv></ns0:OccurStructInv><ns0:OccurStructInv><ns0:idOccurStructInv>RA226218259000_VL_41_50000061</ns0:idOccurStructInv><ns0:idOccurParentStructInv>RA226218259000_VL_41</ns0:idOccurParentStructInv><ns0:montantOccurSupportInv>9944.48</ns0:montantOccurSupportInv><ns0:deviseOccurSupportInv>EUR</ns0:deviseOccurSupportInv><ns0:ProfilInv><ns0:idProfilInv>50000061</ns0:idProfilInv><ns0:nomProfilInv>ALM ACTIONS EUROPE ISR RA</ns0:nomProfilInv><ns0:txRepartitionProfilInv>0.03202703</ns0:txRepartitionProfilInv><ns0:indicTxDerogeableProfilInv>true</ns0:indicTxDerogeableProfilInv></ns0:ProfilInv></ns0:OccurStructInv><ns0:OccurStructInv><ns0:idOccurStructInv>RA226218259000_VL_41_50000061_0004930</ns0:idOccurStructInv><ns0:idOccurParentStructInv>RA226218259000_VL_41_50000061</ns0:idOccurParentStructInv><ns0:codeNatureSupportInv>UNICPT</ns0:codeNatureSupportInv><ns0:libNatureSupportInv>UC</ns0:libNatureSupportInv><ns0:codeNatureSupportInvSilo>UC</ns0:codeNatureSupportInvSilo><ns0:libNatureSupportInvSilo>UNITE DE COMPTE</ns0:libNatureSupportInvSilo><ns0:montantOccurSupportInv>9944.48</ns0:montantOccurSupportInv><ns0:deviseOccurSupportInv>EUR</ns0:deviseOccurSupportInv><ns0:SupportInv><ns0:idSupportInv>0004930</ns0:idSupportInv><ns0:codeISIN>FR0011516715</ns0:codeISIN><ns0:nomSupportInv>ALM ACTIONS EUROPE ISR RA</ns0:nomSupportInv><ns0:codeCategorieFondsSilo>PAC</ns0:codeCategorieFondsSilo><ns0:libCategorieFondsSilo>OPCVM A TENDANCE ACTIONS</ns0:libCategorieFondsSilo><ns0:txRepartitionSupportInv>1.0</ns0:txRepartitionSupportInv><ns0:valeurLiquidativeFond>136.89</ns0:valeurLiquidativeFond><ns0:dateValeurLiquidative>2020-01-01</ns0:dateValeurLiquidative><ns0:nbePartFonds>72.6458</ns0:nbePartFonds><ns0:deviseFonds>EUR</ns0:deviseFonds></ns0:SupportInv></ns0:OccurStructInv><ns0:OccurStructInv><ns0:idOccurStructInv>RA226218259000_VL_41_50000062</ns0:idOccurStructInv><ns0:idOccurParentStructInv>RA226218259000_VL_41</ns0:idOccurParentStructInv><ns0:montantOccurSupportInv>10034.42</ns0:montantOccurSupportInv><ns0:deviseOccurSupportInv>EUR</ns0:deviseOccurSupportInv><ns0:ProfilInv><ns0:idProfilInv>50000062</ns0:idProfilInv><ns0:nomProfilInv>PICTET EUROPE INDEX R</ns0:nomProfilInv><ns0:txRepartitionProfilInv>0.03231669</ns0:txRepartitionProfilInv><ns0:indicTxDerogeableProfilInv>true</ns0:indicTxDerogeableProfilInv></ns0:ProfilInv></ns0:OccurStructInv><ns0:OccurStructInv><ns0:idOccurStructInv>RA226218259000_VL_41_50000062_0004931</ns0:idOccurStructInv><ns0:idOccurParentStructInv>RA226218259000_VL_41_50000062</ns0:idOccurParentStructInv><ns0:codeNatureSupportInv>UNICPT</ns0:codeNatureSupportInv><ns0:libNatureSupportInv>UC</ns0:libNatureSupportInv><ns0:codeNatureSupportInvSilo>UC</ns0:codeNatureSupportInvSilo><ns0:libNatureSupportInvSilo>UNITE DE COMPTE</ns0:libNatureSupportInvSilo><ns0:montantOccurSupportInv>10034.42</ns0:montantOccurSupportInv><ns0:deviseOccurSupportInv>EUR</ns0:deviseOccurSupportInv><ns0:SupportInv><ns0:idSupportInv>0004931</ns0:idSupportInv><ns0:codeISIN>LU0130731713</ns0:codeISIN><ns0:nomSupportInv>PICTET EUROPE INDEX R</ns0:nomSupportInv><ns0:codeCategorieFondsSilo>PAC</ns0:codeCategorieFondsSilo><ns0:libCategorieFondsSilo>OPCVM A TENDANCE ACTIONS</ns0:libCategorieFondsSilo><ns0:txRepartitionSupportInv>1.0</ns0:txRepartitionSupportInv><ns0:valeurLiquidativeFond>166.19</ns0:valeurLiquidativeFond><ns0:dateValeurLiquidative>2020-01-01</ns0:dateValeurLiquidative><ns0:nbePartFonds>60.3792</ns0:nbePartFonds><ns0:deviseFonds>EUR</ns0:deviseFonds></ns0:SupportInv></ns0:OccurStructInv><ns0:OccurStructInv><ns0:idOccurStructInv>RA226218259000_VL_41_50000063</ns0:idOccurStructInv><ns0:idOccurParentStructInv>RA226218259000_VL_41</ns0:idOccurParentStructInv><ns0:montantOccurSupportInv>11486.75</ns0:montantOccurSupportInv><ns0:deviseOccurSupportInv>EUR</ns0:deviseOccurSupportInv><ns0:ProfilInv><ns0:idProfilInv>50000063</ns0:idProfilInv><ns0:nomProfilInv>ALM ACTIONS MONDE  ISR</ns0:nomProfilInv><ns0:txRepartitionProfilInv>0.03699404</ns0:txRepartitionProfilInv><ns0:indicTxDerogeableProfilInv>true</ns0:indicTxDerogeableProfilInv></ns0:ProfilInv></ns0:OccurStructInv><ns0:OccurStructInv><ns0:idOccurStructInv>RA226218259000_VL_41_50000063_0004932</ns0:idOccurStructInv><ns0:idOccurParentStructInv>RA226218259000_VL_41_50000063</ns0:idOccurParentStructInv><ns0:codeNatureSupportInv>UNICPT</ns0:codeNatureSupportInv><ns0:libNatureSupportInv>UC</ns0:libNatureSupportInv><ns0:codeNatureSupportInvSilo>UC</ns0:codeNatureSupportInvSilo><ns0:libNatureSupportInvSilo>UNITE DE COMPTE</ns0:libNatureSupportInvSilo><ns0:montantOccurSupportInv>11486.75</ns0:montantOccurSupportInv><ns0:deviseOccurSupportInv>EUR</ns0:deviseOccurSupportInv><ns0:SupportInv><ns0:idSupportInv>0004932</ns0:idSupportInv><ns0:codeISIN>FR0007045554</ns0:codeISIN><ns0:nomSupportInv>ALM ACTIONS MONDE ISR</ns0:nomSupportInv><ns0:codeCategorieFondsSilo>PAC</ns0:codeCategorieFondsSilo><ns0:libCategorieFondsSilo>OPCVM A TENDANCE ACTIONS</ns0:libCategorieFondsSilo><ns0:txRepartitionSupportInv>1.0</ns0:txRepartitionSupportInv><ns0:valeurLiquidativeFond>212.97</ns0:valeurLiquidativeFond><ns0:dateValeurLiquidative>2020-01-01</ns0:dateValeurLiquidative><ns0:nbePartFonds>53.936</ns0:nbePartFonds><ns0:deviseFonds>EUR</ns0:deviseFonds></ns0:SupportInv></ns0:OccurStructInv><ns0:OccurStructInv><ns0:idOccurStructInv>RA226218259000_VL_41_50000064</ns0:idOccurStructInv><ns0:idOccurParentStructInv>RA226218259000_VL_41</ns0:idOccurParentStructInv><ns0:montantOccurSupportInv>12300.94</ns0:montantOccurSupportInv><ns0:deviseOccurSupportInv>EUR</ns0:deviseOccurSupportInv><ns0:ProfilInv><ns0:idProfilInv>50000064</ns0:idProfilInv><ns0:nomProfilInv>AMUNDI INDEX SeP 500 A4E</ns0:nomProfilInv><ns0:txRepartitionProfilInv>0.0396162</ns0:txRepartitionProfilInv><ns0:indicTxDerogeableProfilInv>true</ns0:indicTxDerogeableProfilInv></ns0:ProfilInv></ns0:OccurStructInv><ns0:OccurStructInv><ns0:idOccurStructInv>RA226218259000_VL_41_50000064_0004933</ns0:idOccurStructInv><ns0:idOccurParentStructInv>RA226218259000_VL_41_50000064</ns0:idOccurParentStructInv><ns0:codeNatureSupportInv>UNICPT</ns0:codeNatureSupportInv><ns0:libNatureSupportInv>UC</ns0:libNatureSupportInv><ns0:codeNatureSupportInvSilo>UC</ns0:codeNatureSupportInvSilo><ns0:libNatureSupportInvSilo>UNITE DE COMPTE</ns0:libNatureSupportInvSilo><ns0:montantOccurSupportInv>12300.94</ns0:montantOccurSupportInv><ns0:deviseOccurSupportInv>EUR</ns0:deviseOccurSupportInv><ns0:SupportInv><ns0:idSupportInv>0004933</ns0:idSupportInv><ns0:codeISIN>LU0996179262</ns0:codeISIN><ns0:nomSupportInv>AMUNDI INDEX SeP 500 A4E</ns0:nomSupportInv><ns0:codeCategorieFondsSilo>PAC</ns0:codeCategorieFondsSilo><ns0:libCategorieFondsSilo>OPCVM A TENDANCE ACTIONS</ns0:libCategorieFondsSilo><ns0:txRepartitionSupportInv>1.0</ns0:txRepartitionSupportInv><ns0:valeurLiquidativeFond>434.13</ns0:valeurLiquidativeFond><ns0:dateValeurLiquidative>2020-01-01</ns0:dateValeurLiquidative><ns0:nbePartFonds>28.3347</ns0:nbePartFonds><ns0:deviseFonds>EUR</ns0:deviseFonds></ns0:SupportInv></ns0:OccurStructInv><ns0:OccurStructInv><ns0:idOccurStructInv>RA226218259000_VL_41_50000065</ns0:idOccurStructInv><ns0:idOccurParentStructInv>RA226218259000_VL_41</ns0:idOccurParentStructInv><ns0:montantOccurSupportInv>8050.18</ns0:montantOccurSupportInv><ns0:deviseOccurSupportInv>EUR</ns0:deviseOccurSupportInv><ns0:ProfilInv><ns0:idProfilInv>50000065</ns0:idProfilInv><ns0:nomProfilInv>ALM SOLIDAIRE ISR RA</ns0:nomProfilInv><ns0:txRepartitionProfilInv>0.02592628</ns0:txRepartitionProfilInv><ns0:indicTxDerogeableProfilInv>true</ns0:indicTxDerogeableProfilInv></ns0:ProfilInv></ns0:OccurStructInv><ns0:OccurStructInv><ns0:idOccurStructInv>RA226218259000_VL_41_50000065_0004935</ns0:idOccurStructInv><ns0:idOccurParentStructInv>RA226218259000_VL_41_50000065</ns0:idOccurParentStructInv><ns0:codeNatureSupportInv>UNICPT</ns0:codeNatureSupportInv><ns0:libNatureSupportInv>UC</ns0:libNatureSupportInv><ns0:codeNatureSupportInvSilo>UC</ns0:codeNatureSupportInvSilo><ns0:libNatureSupportInvSilo>UNITE DE COMPTE</ns0:libNatureSupportInvSilo><ns0:montantOccurSupportInv>8050.18</ns0:montantOccurSupportInv><ns0:deviseOccurSupportInv>EUR</ns0:deviseOccurSupportInv><ns0:SupportInv><ns0:idSupportInv>0004935</ns0:idSupportInv><ns0:codeISIN>FR0013410297</ns0:codeISIN><ns0:nomSupportInv>ALM SOLIDAIRE ISR RA</ns0:nomSupportInv><ns0:codeCategorieFondsSilo>PAC</ns0:codeCategorieFondsSilo><ns0:libCategorieFondsSilo>SICAV MIXTES EURO</ns0:libCategorieFondsSilo><ns0:txRepartitionSupportInv>1.0</ns0:txRepartitionSupportInv><ns0:valeurLiquidativeFond>92.44</ns0:valeurLiquidativeFond><ns0:dateValeurLiquidative>2020-01-01</ns0:dateValeurLiquidative><ns0:nbePartFonds>87.0855</ns0:nbePartFonds><ns0:deviseFonds>EUR</ns0:deviseFonds></ns0:SupportInv></ns0:OccurStructInv><ns0:OccurStructInv><ns0:idOccurStructInv>RA226218259000_VL_41_50000066</ns0:idOccurStructInv><ns0:idOccurParentStructInv>RA226218259000_VL_41</ns0:idOccurParentStructInv><ns0:montantOccurSupportInv>8103.7</ns0:montantOccurSupportInv><ns0:deviseOccurSupportInv>EUR</ns0:deviseOccurSupportInv><ns0:ProfilInv><ns0:idProfilInv>50000066</ns0:idProfilInv><ns0:nomProfilInv>VONTOBEL SUSTAINABLE EML</ns0:nomProfilInv><ns0:txRepartitionProfilInv>0.02609864</ns0:txRepartitionProfilInv><ns0:indicTxDerogeableProfilInv>true</ns0:indicTxDerogeableProfilInv></ns0:ProfilInv></ns0:OccurStructInv><ns0:OccurStructInv><ns0:idOccurStructInv>RA226218259000_VL_41_50000066_0004934</ns0:idOccurStructInv><ns0:idOccurParentStructInv>RA226218259000_VL_41_50000066</ns0:idOccurParentStructInv><ns0:codeNatureSupportInv>UNICPT</ns0:codeNatureSupportInv><ns0:libNatureSupportInv>UC</ns0:libNatureSupportInv><ns0:codeNatureSupportInvSilo>UC</ns0:codeNatureSupportInvSilo><ns0:libNatureSupportInvSilo>UNITE DE COMPTE</ns0:libNatureSupportInvSilo><ns0:montantOccurSupportInv>8103.7</ns0:montantOccurSupportInv><ns0:deviseOccurSupportInv>EUR</ns0:deviseOccurSupportInv><ns0:SupportInv><ns0:idSupportInv>0004934</ns0:idSupportInv><ns0:codeISIN>LU1646585114</ns0:codeISIN><ns0:nomSupportInv>VONTOBEL SUSTAINABLE EML</ns0:nomSupportInv><ns0:codeCategorieFondsSilo>PAC</ns0:codeCategorieFondsSilo><ns0:libCategorieFondsSilo>OPCVM A TENDANCE ACTIONS</ns0:libCategorieFondsSilo><ns0:txRepartitionSupportInv>1.0</ns0:txRepartitionSupportInv><ns0:valeurLiquidativeFond>94.84</ns0:valeurLiquidativeFond><ns0:dateValeurLiquidative>2020-01-01</ns0:dateValeurLiquidative><ns0:nbePartFonds>85.446</ns0:nbePartFonds><ns0:deviseFonds>EUR</ns0:deviseFonds></ns0:SupportInv></ns0:OccurStructInv><ns0:OccurStructInv><ns0:idOccurStructInv>RA226218259000_VL_41_50000067</ns0:idOccurStructInv><ns0:idOccurParentStructInv>RA226218259000_VL_41</ns0:idOccurParentStructInv><ns0:montantOccurSupportInv>9776.29</ns0:montantOccurSupportInv><ns0:deviseOccurSupportInv>EUR</ns0:deviseOccurSupportInv><ns0:ProfilInv><ns0:idProfilInv>50000067</ns0:idProfilInv><ns0:nomProfilInv>PICTET GLOBAL ENV P</ns0:nomProfilInv><ns0:txRepartitionProfilInv>0.03148536</ns0:txRepartitionProfilInv><ns0:indicTxDerogeableProfilInv>true</ns0:indicTxDerogeableProfilInv></ns0:ProfilInv></ns0:OccurStructInv><ns0:OccurStructInv><ns0:idOccurStructInv>RA226218259000_VL_41_50000067_0004936</ns0:idOccurStructInv><ns0:idOccurParentStructInv>RA226218259000_VL_41_50000067</ns0:idOccurParentStructInv><ns0:codeNatureSupportInv>UNICPT</ns0:codeNatureSupportInv><ns0:libNatureSupportInv>UC</ns0:libNatureSupportInv><ns0:codeNatureSupportInvSilo>UC</ns0:codeNatureSupportInvSilo><ns0:libNatureSupportInvSilo>UNITE DE COMPTE</ns0:libNatureSupportInvSilo><ns0:montantOccurSupportInv>9776.29</ns0:montantOccurSupportInv><ns0:deviseOccurSupportInv>EUR</ns0:deviseOccurSupportInv><ns0:SupportInv><ns0:idSupportInv>0004936</ns0:idSupportInv><ns0:codeISIN>LU0503631714</ns0:codeISIN><ns0:nomSupportInv>PICTET GLOBAL ENV P</ns0:nomSupportInv><ns0:codeCategorieFondsSilo>PAC</ns0:codeCategorieFondsSilo><ns0:libCategorieFondsSilo>OPCVM A TENDANCE ACTIONS</ns0:libCategorieFondsSilo><ns0:txRepartitionSupportInv>1.0</ns0:txRepartitionSupportInv><ns0:valeurLiquidativeFond>217.81</ns0:valeurLiquidativeFond><ns0:dateValeurLiquidative>2020-01-01</ns0:dateValeurLiquidative><ns0:nbePartFonds>44.8845</ns0:nbePartFonds><ns0:deviseFonds>EUR</ns0:deviseFonds></ns0:SupportInv></ns0:OccurStructInv><ns0:OccurStructInv><ns0:idOccurStructInv>RA226218259000_VL_41_50000068</ns0:idOccurStructInv><ns0:idOccurParentStructInv>RA226218259000_VL_41</ns0:idOccurParentStructInv><ns0:montantOccurSupportInv>14251.61</ns0:montantOccurSupportInv><ns0:deviseOccurSupportInv>EUR</ns0:deviseOccurSupportInv><ns0:ProfilInv><ns0:idProfilInv>50000068</ns0:idProfilInv><ns0:nomProfilInv>SYCOMORE HAPPY @T WORK</ns0:nomProfilInv><ns0:txRepartitionProfilInv>0.0458985</ns0:txRepartitionProfilInv><ns0:indicTxDerogeableProfilInv>true</ns0:indicTxDerogeableProfilInv></ns0:ProfilInv></ns0:OccurStructInv><ns0:OccurStructInv><ns0:idOccurStructInv>RA226218259000_VL_41_50000068_0004937</ns0:idOccurStructInv><ns0:idOccurParentStructInv>RA226218259000_VL_41_50000068</ns0:idOccurParentStructInv><ns0:codeNatureSupportInv>UNICPT</ns0:codeNatureSupportInv><ns0:libNatureSupportInv>UC</ns0:libNatureSupportInv><ns0:codeNatureSupportInvSilo>UC</ns0:codeNatureSupportInvSilo><ns0:libNatureSupportInvSilo>UNITE DE COMPTE</ns0:libNatureSupportInvSilo><ns0:montantOccurSupportInv>14251.61</ns0:montantOccurSupportInv><ns0:deviseOccurSupportInv>EUR</ns0:deviseOccurSupportInv><ns0:SupportInv><ns0:idSupportInv>0004937</ns0:idSupportInv><ns0:codeISIN>LU1301026388</ns0:codeISIN><ns0:nomSupportInv>SYCOMORE HAPPY @T WORK</ns0:nomSupportInv><ns0:codeCategorieFondsSilo>PAC</ns0:codeCategorieFondsSilo><ns0:libCategorieFondsSilo>OPCVM A TENDANCE ACTIONS</ns0:libCategorieFondsSilo><ns0:txRepartitionSupportInv>1.0</ns0:txRepartitionSupportInv><ns0:valeurLiquidativeFond>113.41</ns0:valeurLiquidativeFond><ns0:dateValeurLiquidative>2020-01-01</ns0:dateValeurLiquidative><ns0:nbePartFonds>125.6645</ns0:nbePartFonds><ns0:deviseFonds>EUR</ns0:deviseFonds></ns0:SupportInv></ns0:OccurStructInv><ns0:OccurStructInv><ns0:idOccurStructInv>RA226218259000_VL_41_50000069</ns0:idOccurStructInv><ns0:idOccurParentStructInv>RA226218259000_VL_41</ns0:idOccurParentStructInv><ns0:montantOccurSupportInv>130303.86</ns0:montantOccurSupportInv><ns0:deviseOccurSupportInv>EUR</ns0:deviseOccurSupportInv><ns0:ProfilInv><ns0:idProfilInv>50000069</ns0:idProfilInv><ns0:nomProfilInv>BSO BIO SANTE C</ns0:nomProfilInv><ns0:txRepartitionProfilInv>0.41965451</ns0:txRepartitionProfilInv><ns0:indicTxDerogeableProfilInv>true</ns0:indicTxDerogeableProfilInv></ns0:ProfilInv></ns0:OccurStructInv><ns0:OccurStructInv><ns0:idOccurStructInv>RA226218259000_VL_41_50000069_0004938</ns0:idOccurStructInv><ns0:idOccurParentStructInv>RA226218259000_VL_41_50000069</ns0:idOccurParentStructInv><ns0:codeNatureSupportInv>UNICPT</ns0:codeNatureSupportInv><ns0:libNatureSupportInv>UC</ns0:libNatureSupportInv><ns0:codeNatureSupportInvSilo>UC</ns0:codeNatureSupportInvSilo><ns0:libNatureSupportInvSilo>UNITE DE COMPTE</ns0:libNatureSupportInvSilo><ns0:montantOccurSupportInv>130303.86</ns0:montantOccurSupportInv><ns0:deviseOccurSupportInv>EUR</ns0:deviseOccurSupportInv><ns0:SupportInv><ns0:idSupportInv>0004938</ns0:idSupportInv><ns0:codeISIN>FR0007005764</ns0:codeISIN><ns0:nomSupportInv>BSO BIO SANTE C</ns0:nomSupportInv><ns0:codeCategorieFondsSilo>PAC</ns0:codeCategorieFondsSilo><ns0:libCategorieFondsSilo>OPCVM A TENDANCE ACTIONS</ns0:libCategorieFondsSilo><ns0:txRepartitionSupportInv>1.0</ns0:txRepartitionSupportInv><ns0:valeurLiquidativeFond>1043.04</ns0:valeurLiquidativeFond><ns0:dateValeurLiquidative>2020-01-01</ns0:dateValeurLiquidative><ns0:nbePartFonds>124.927</ns0:nbePartFonds><ns0:deviseFonds>EUR</ns0:deviseFonds></ns0:SupportInv></ns0:OccurStructInv></ns0:StructInv></ns0:CalculerEncoursContratFunc></ns0:CalculerEncoursContratResponse></SOAP-ENV:Body></SOAP-ENV:Envelope>