<SOAP-ENV:Envelope xmlns:SOAP-ENV="http://schemas.xmlsoap.org/soap/envelope/"><SOAP-ENV:Header><ns:WSResponseMetaInfo xmlns:ns="http://www.fmk.com/ESB/Framework/ESBTechPivotSchema" xmlns:ns0="http://schemas.xmlsoap.org/soap/envelope/" xmlns:xs="http://www.w3.org/2001/XMLSchema" xmlns:xsi="http://www.w3.org/2001/XMLSchema-instance"><ns:FuncFault/><ns:BusinessHeader/></ns:WSResponseMetaInfo></SOAP-ENV:Header><SOAP-ENV:Body><ns0:CalculerEncoursContratResponse xmlns:ns0="http://www.alm.com/esb/service/GestContratTer_2/CalculerEncoursContrat_3"><ns0:CalculerEncoursContratFunc><ns0:StructInv><ns0:IdentificationStructInv><ns0:idStructInv>RA226235428000</ns0:idStructInv><ns0:montantEncours>16460.71</ns0:montantEncours><ns0:deviseEncours>EUR</ns0:deviseEncours><ns0:dateValeurFG>2020-01-01</ns0:dateValeurFG><ns0:dateValeurUC>2020-01-01</ns0:dateValeurUC><ns0:codeTypeEncoursSilo>TAUX_DEFINITIF</ns0:codeTypeEncoursSilo><ns0:libTypeEncoursSilo>ENCOURS AU TAUX DEFINITIF</ns0:libTypeEncoursSilo><ns0:indicSitEstimeSilo>true</ns0:indicSitEstimeSilo></ns0:IdentificationStructInv><ns0:OccurStructInv><ns0:idOccurStructInv>RA226235428000_VL</ns0:idOccurStructInv><ns0:idOccurParentStructInv>RA226235428000</ns0:idOccurParentStructInv><ns0:montantOccurSupportInv>16460.71</ns0:montantOccurSupportInv><ns0:deviseOccurSupportInv>EUR</ns0:deviseOccurSupportInv><ns0:ContributionInv><ns0:identifiantContributionInvestissement>VL</ns0:identifiantContributionInvestissement><ns0:codeContributionInvSilo>VL</ns0:codeContributionInvSilo><ns0:libContributionInvSilo>VERSEMENT LIBRE</ns0:libContributionInvSilo><ns0:txRepartitionContribution>100.0</ns0:txRepartitionContribution><ns0:indicTxDerogeableContributionInv>false</ns0:indicTxDerogeableContributionInv></ns0:ContributionInv></ns0:OccurStructInv><ns0:OccurStructInv><ns0:idOccurStructInv>RA226235428000_VL_45</ns0:idOccurStructInv><ns0:idOccurParentStructInv>RA226235428000_VL</ns0:idOccurParentStructInv><ns0:montantOccurSupportInv>16460.71</ns0:montantOccurSupportInv><ns0:deviseOccurSupportInv>EUR</ns0:deviseOccurSupportInv><ns0:GrilleInv><ns0:idGrilleInv>45</ns0:idGrilleInv><ns0:nomGrilleInv>HORIZON DYNAMIQUE</ns0:nomGrilleInv><ns0:txRepartitionGrilleInv>100.0</ns0:txRepartitionGrilleInv><ns0:indicTxDerogeableGrilleInv>false</ns0:indicTxDerogeableGrilleInv></ns0:GrilleInv></ns0:OccurStructInv><ns0:OccurStructInv><ns0:idOccurStructInv>RA226235428000_VL_45_45/004/004</ns0:idOccurStructInv><ns0:idOccurParentStructInv>RA226235428000_VL_45</ns0:idOccurParentStructInv><ns0:montantOccurSupportInv>16460.71</ns0:montantOccurSupportInv><ns0:deviseOccurSupportInv>EUR</ns0:deviseOccurSupportInv><ns0:HorizonInv><ns0:idHorizonInv>45/004/004</ns0:idHorizonInv><ns0:nomHorizonInv>DE004A004</ns0:nomHorizonInv><ns0:borneMinDeplacerCapitalInvesti>4</ns0:borneMinDeplacerCapitalInvesti><ns0:borneMaxDeplacerCapitalInvesti>4</ns0:borneMaxDeplacerCapitalInvesti></ns0:HorizonInv></ns0:OccurStructInv><ns0:OccurStructInv><ns0:idOccurStructInv>RA226235428000_VL_45_45/004/004_50000053</ns0:idOccurStructInv><ns0:idOccurParentStructInv>RA226235428000_VL_45_45/004/004</ns0:idOccurParentStructInv><ns0:montantOccurSupportInv>1660.88</ns0:montantOccurSupportInv><ns0:deviseOccurSupportInv>EUR</ns0:deviseOccurSupportInv><ns0:ProfilInv><ns0:idProfilInv>50000053</ns0:idProfilInv><ns0:nomProfilInv>ALM OBLIGATIONS EURO ISR RA</ns0:nomProfilInv><ns0:txRepartitionProfilInv>0.10089965</ns0:txRepartitionProfilInv><ns0:indicTxDerogeableProfilInv>false</ns0:indicTxDerogeableProfilInv></ns0:ProfilInv></ns0:OccurStructInv><ns0:OccurStructInv><ns0:idOccurStructInv>RA226235428000_VL_45_45/004/004_50000053_0004923</ns0:idOccurStructInv><ns0:idOccurParentStructInv>RA226235428000_VL_45_45/004/004_50000053</ns0:idOccurParentStructInv><ns0:codeNatureSupportInv>UNICPT</ns0:codeNatureSupportInv><ns0:libNatureSupportInv>UC</ns0:libNatureSupportInv><ns0:codeNatureSupportInvSilo>UC</ns0:codeNatureSupportInvSilo><ns0:libNatureSupportInvSilo>UNITE DE COMPTE</ns0:libNatureSupportInvSilo><ns0:montantOccurSupportInv>1660.88</ns0:montantOccurSupportInv><ns0:deviseOccurSupportInv>EUR</ns0:deviseOccurSupportInv><ns0:SupportInv><ns0:idSupportInv>0004923</ns0:idSupportInv><ns0:codeISIN>FR0011516756</ns0:codeISIN><ns0:nomSupportInv>ALM OBLIGATIONS EURO ISR RA</ns0:nomSupportInv><ns0:codeCategorieFondsSilo>PAC</ns0:codeCategorieFondsSilo><ns0:libCategorieFondsSilo>OPCVM A TENDANCE ACTIONS</ns0:libCategorieFondsSilo><ns0:txRepartitionSupportInv>1.0</ns0:txRepartitionSupportInv><ns0:valeurLiquidativeFond>1605.18</ns0:valeurLiquidativeFond><ns0:dateValeurLiquidative>2020-01-01</ns0:dateValeurLiquidative><ns0:nbePartFonds>1.0347</ns0:nbePartFonds><ns0:deviseFonds>EUR</ns0:deviseFonds></ns0:SupportInv></ns0:OccurStructInv><ns0:OccurStructInv><ns0:idOccurStructInv>RA226235428000_VL_45_45/004/004_50000060</ns0:idOccurStructInv><ns0:idOccurParentStructInv>RA226235428000_VL_45_45/004/004</ns0:idOccurParentStructInv><ns0:montantOccurSupportInv>519.72</ns0:montantOccurSupportInv><ns0:deviseOccurSupportInv>EUR</ns0:deviseOccurSupportInv><ns0:ProfilInv><ns0:idProfilInv>50000060</ns0:idProfilInv><ns0:nomProfilInv>ALM ACTIONS ZONE EURO ISR RA</ns0:nomProfilInv><ns0:txRepartitionProfilInv>0.03157336</ns0:txRepartitionProfilInv><ns0:indicTxDerogeableProfilInv>false</ns0:indicTxDerogeableProfilInv></ns0:ProfilInv></ns0:OccurStructInv><ns0:OccurStructInv><ns0:idOccurStructInv>RA226235428000_VL_45_45/004/004_50000060_0004929</ns0:idOccurStructInv><ns0:idOccurParentStructInv>RA226235428000_VL_45_45/004/004_50000060</ns0:idOccurParentStructInv><ns0:codeNatureSupportInv>UNICPT</ns0:codeNatureSupportInv><ns0:libNatureSupportInv>UC</ns0:libNatureSupportInv><ns0:codeNatureSupportInvSilo>UC</ns0:codeNatureSupportInvSilo><ns0:libNatureSupportInvSilo>UNITE DE COMPTE</ns0:libNatureSupportInvSilo><ns0:montantOccurSupportInv>519.72</ns0:montantOccurSupportInv><ns0:deviseOccurSupportInv>EUR</ns0:deviseOccurSupportInv><ns0:SupportInv><ns0:idSupportInv>0004929</ns0:idSupportInv><ns0:codeISIN>FR0011511815</ns0:codeISIN><ns0:nomSupportInv>ALM ACTIONS ZONE EURO ISR RA</ns0:nomSupportInv><ns0:codeCategorieFondsSilo>PAC</ns0:codeCategorieFondsSilo><ns0:libCategorieFondsSilo>OPCVM A TENDANCE ACTIONS</ns0:libCategorieFondsSilo><ns0:txRepartitionSupportInv>1.0</ns0:txRepartitionSupportInv><ns0:valeurLiquidativeFond>10.57</ns0:valeurLiquidativeFond><ns0:dateValeurLiquidative>2020-01-01</ns0:dateValeurLiquidative><ns0:nbePartFonds>49.1696</ns0:nbePartFonds><ns0:deviseFonds>EUR</ns0:deviseFonds></ns0:SupportInv></ns0:OccurStructInv><ns0:OccurStructInv><ns0:idOccurStructInv>RA226235428000_VL_45_45/004/004_50000063</ns0:idOccurStructInv><ns0:idOccurParentStructInv>RA226235428000_VL_45_45/004/004</ns0:idOccurParentStructInv><ns0:montantOccurSupportInv>617.7</ns0:montantOccurSupportInv><ns0:deviseOccurSupportInv>EUR</ns0:deviseOccurSupportInv><ns0:ProfilInv><ns0:idProfilInv>50000063</ns0:idProfilInv><ns0:nomProfilInv>ALM ACTIONS MONDE  ISR</ns0:nomProfilInv><ns0:txRepartitionProfilInv>0.03752572</ns0:txRepartitionProfilInv><ns0:indicTxDerogeableProfilInv>false</ns0:indicTxDerogeableProfilInv></ns0:ProfilInv></ns0:OccurStructInv><ns0:OccurStructInv><ns0:idOccurStructInv>RA226235428000_VL_45_45/004/004_50000063_0004932</ns0:idOccurStructInv><ns0:idOccurParentStructInv>RA226235428000_VL_45_45/004/004_50000063</ns0:idOccurParentStructInv><ns0:codeNatureSupportInv>UNICPT</ns0:codeNatureSupportInv><ns0:libNatureSupportInv>UC</ns0:libNatureSupportInv><ns0:codeNatureSupportInvSilo>UC</ns0:codeNatureSupportInvSilo><ns0:libNatureSupportInvSilo>UNITE DE COMPTE</ns0:libNatureSupportInvSilo><ns0:montantOccurSupportInv>617.7</ns0:montantOccurSupportInv><ns0:deviseOccurSupportInv>EUR</ns0:deviseOccurSupportInv><ns0:SupportInv><ns0:idSupportInv>0004932</ns0:idSupportInv><ns0:codeISIN>FR0007045554</ns0:codeISIN><ns0:nomSupportInv>ALM ACTIONS MONDE ISR</ns0:nomSupportInv><ns0:codeCategorieFondsSilo>PAC</ns0:codeCategorieFondsSilo><ns0:libCategorieFondsSilo>OPCVM A TENDANCE ACTIONS</ns0:libCategorieFondsSilo><ns0:txRepartitionSupportInv>1.0</ns0:txRepartitionSupportInv><ns0:valeurLiquidativeFond>212.97</ns0:valeurLiquidativeFond><ns0:dateValeurLiquidative>2020-01-01</ns0:dateValeurLiquidative><ns0:nbePartFonds>2.9004</ns0:nbePartFonds><ns0:deviseFonds>EUR</ns0:deviseFonds></ns0:SupportInv></ns0:OccurStructInv><ns0:OccurStructInv><ns0:idOccurStructInv>RA226235428000_VL_45_45/004/004_50000052</ns0:idOccurStructInv><ns0:idOccurParentStructInv>RA226235428000_VL_45_45/004/004</ns0:idOccurParentStructInv><ns0:montantOccurSupportInv>6761.09</ns0:montantOccurSupportInv><ns0:deviseOccurSupportInv>EUR</ns0:deviseOccurSupportInv><ns0:ProfilInv><ns0:idProfilInv>50000052</ns0:idProfilInv><ns0:nomProfilInv>ACTIF GENERAL</ns0:nomProfilInv><ns0:txRepartitionProfilInv>0.41074109</ns0:txRepartitionProfilInv><ns0:indicTxDerogeableProfilInv>false</ns0:indicTxDerogeableProfilInv></ns0:ProfilInv></ns0:OccurStructInv><ns0:OccurStructInv><ns0:idOccurStructInv>RA226235428000_VL_45_45/004/004_50000052_0000054</ns0:idOccurStructInv><ns0:idOccurParentStructInv>RA226235428000_VL_45_45/004/004_50000052</ns0:idOccurParentStructInv><ns0:codeNatureSupportInv>FDSGES</ns0:codeNatureSupportInv><ns0:libNatureSupportInv>Fonds Euro</ns0:libNatureSupportInv><ns0:codeNatureSupportInvSilo>FG</ns0:codeNatureSupportInvSilo><ns0:libNatureSupportInvSilo>FONDS DE GESTION</ns0:libNatureSupportInvSilo><ns0:montantOccurSupportInv>6761.09</ns0:montantOccurSupportInv><ns0:deviseOccurSupportInv>EUR</ns0:deviseOccurSupportInv><ns0:SupportInv><ns0:idSupportInv>0000054</ns0:idSupportInv><ns0:nomSupportInv>FONDS EUROS</ns0:nomSupportInv><ns0:txRepartitionSupportInv>1.0</ns0:txRepartitionSupportInv><ns0:valeurLiquidativeFond>0.0</ns0:valeurLiquidativeFond><ns0:nbePartFonds>0.0</ns0:nbePartFonds><ns0:deviseFonds>EUR</ns0:deviseFonds></ns0:SupportInv></ns0:OccurStructInv><ns0:OccurStructInv><ns0:idOccurStructInv>RA226235428000_VL_45_45/004/004_50000054</ns0:idOccurStructInv><ns0:idOccurParentStructInv>RA226235428000_VL_45_45/004/004</ns0:idOccurParentStructInv><ns0:montantOccurSupportInv>6901.32</ns0:montantOccurSupportInv><ns0:deviseOccurSupportInv>EUR</ns0:deviseOccurSupportInv><ns0:ProfilInv><ns0:idProfilInv>50000054</ns0:idProfilInv><ns0:nomProfilInv>ALM CREDIT EURO ISR RA</ns0:nomProfilInv><ns0:txRepartitionProfilInv>0.41926016</ns0:txRepartitionProfilInv><ns0:indicTxDerogeableProfilInv>false</ns0:indicTxDerogeableProfilInv></ns0:ProfilInv></ns0:OccurStructInv><ns0:OccurStructInv><ns0:idOccurStructInv>RA226235428000_VL_45_45/004/004_50000054_0004940</ns0:idOccurStructInv><ns0:idOccurParentStructInv>RA226235428000_VL_45_45/004/004_50000054</ns0:idOccurParentStructInv><ns0:codeNatureSupportInv>UNICPT</ns0:codeNatureSupportInv><ns0:libNatureSupportInv>UC</ns0:libNatureSupportInv><ns0:codeNatureSupportInvSilo>UC</ns0:codeNatureSupportInvSilo><ns0:libNatureSupportInvSilo>UNITE DE COMPTE</ns0:libNatureSupportInvSilo><ns0:montantOccurSupportInv>6901.32</ns0:montantOccurSupportInv><ns0:deviseOccurSupportInv>EUR</ns0:deviseOccurSupportInv><ns0:SupportInv><ns0:idSupportInv>0004940</ns0:idSupportInv><ns0:codeISIN>FR0013459054</ns0:codeISIN><ns0:nomSupportInv>ALM CREDIT EURO ISR RA</ns0:nomSupportInv><ns0:codeCategorieFondsSilo>PAC</ns0:codeCategorieFondsSilo><ns0:libCategorieFondsSilo>OPCVM A TENDANCE ACTIONS</ns0:libCategorieFondsSilo><ns0:txRepartitionSupportInv>1.0</ns0:txRepartitionSupportInv><ns0:valeurLiquidativeFond>97.8</ns0:valeurLiquidativeFond><ns0:dateValeurLiquidative>2020-01-01</ns0:dateValeurLiquidative><ns0:nbePartFonds>70.5656</ns0:nbePartFonds><ns0:deviseFonds>EUR</ns0:deviseFonds></ns0:SupportInv></ns0:OccurStructInv></ns0:StructInv></ns0:CalculerEncoursContratFunc></ns0:CalculerEncoursContratResponse></SOAP-ENV:Body></SOAP-ENV:Envelope>