<SOAP-ENV:Envelope xmlns:SOAP-ENV="http://schemas.xmlsoap.org/soap/envelope/"><SOAP-ENV:Header><ns:WSResponseMetaInfo xmlns:ns="http://www.fmk.com/ESB/Framework/ESBTechPivotSchema" xmlns:ns0="http://schemas.xmlsoap.org/soap/envelope/" xmlns:xs="http://www.w3.org/2001/XMLSchema" xmlns:xsi="http://www.w3.org/2001/XMLSchema-instance"><ns:FuncFault><ns1:ErreurInfos xmlns:ns1="http://context.shared.wof.unilog.com/tibco"><ns1:CodeErreur>A0443-FUNC-CALL-TUXEDO</ns1:CodeErreur><ns1:MessageErreur>[A0443] 2 :ERREUR TECHNIQUE</ns1:MessageErreur></ns1:ErreurInfos></ns:FuncFault><ns:BusinessHeader/></ns:WSResponseMetaInfo></SOAP-ENV:Header><SOAP-ENV:Body><ns0:CalculerEncoursContratResponse xmlns:ns0="http://www.alm.com/esb/service/GestContratTer_2/CalculerEncoursContrat_3"/></SOAP-ENV:Body></SOAP-ENV:Envelope>