<SOAP-ENV:Envelope xmlns:SOAP-ENV="http://schemas.xmlsoap.org/soap/envelope/"><SOAP-ENV:Header><ns:WSResponseMetaInfo xmlns:ns="http://www.fmk.com/ESB/Framework/ESBTechPivotSchema" xmlns:ns0="http://schemas.xmlsoap.org/soap/envelope/" xmlns:xs="http://www.w3.org/2001/XMLSchema" xmlns:xsi="http://www.w3.org/2001/XMLSchema-instance" xmlns:SOAP-ENV="http://schemas.xmlsoap.org/soap/envelope/"><ns:FuncFault/><ns:BusinessHeader/></ns:WSResponseMetaInfo></SOAP-ENV:Header><SOAP-ENV:Body><ns0:CalculerEncoursContratResponse xmlns:ns0="http://www.alm.com/esb/service/GestContratTer_2/CalculerEncoursContrat_3"><ns0:CalculerEncoursContratFunc><ns0:StructInv><ns0:IdentificationStructInv><ns0:idStructInv>SF_15722304</ns0:idStructInv><ns0:codeSituationStructInv>ENCOU</ns0:codeSituationStructInv><ns0:libSituationStructInv>En cours</ns0:libSituationStructInv><ns0:codeSituationStructInvSilo>E</ns0:codeSituationStructInvSilo><ns0:libSituationStructInvSilo>En cours</ns0:libSituationStructInvSilo><ns0:montantEncours>132.93</ns0:montantEncours><ns0:deviseEncours>EUR</ns0:deviseEncours><ns0:dateValeurFG>2020-08-21</ns0:dateValeurFG><ns0:dateValeurUC>2020-08-21</ns0:dateValeurUC><ns0:codeTypeEncoursSilo>TAUX_PROVISOIRE</ns0:codeTypeEncoursSilo><ns0:libTypeEncoursSilo>Encours au taux provisoire</ns0:libTypeEncoursSilo><ns0:indicSitEstimeSilo>true</ns0:indicSitEstimeSilo></ns0:IdentificationStructInv><ns0:OccurStructInv><ns0:idOccurStructInv>SF_15722303</ns0:idOccurStructInv><ns0:idOccurParentStructInv>SF_15722304</ns0:idOccurParentStructInv><ns0:montantOccurSupportInv>132.93</ns0:montantOccurSupportInv><ns0:deviseOccurSupportInv>EUR</ns0:deviseOccurSupportInv><ns0:ContributionInv><ns0:identifiantContributionInvestissement>15722303</ns0:identifiantContributionInvestissement><ns0:codeContributionInv>PPATRO</ns0:codeContributionInv><ns0:libContributionInv>Part Patronale</ns0:libContributionInv><ns0:libContributionInvSilo>Part patronale</ns0:libContributionInvSilo><ns0:txRepartitionContribution>1.0</ns0:txRepartitionContribution></ns0:ContributionInv></ns0:OccurStructInv><ns0:OccurStructInv><ns0:idOccurStructInv>SF_15722301</ns0:idOccurStructInv><ns0:idOccurParentStructInv>SF_15722303</ns0:idOccurParentStructInv><ns0:codeModeGestionInv>PILHRZ</ns0:codeModeGestionInv><ns0:libModeGestionInv>Gestion pilotée horizon</ns0:libModeGestionInv><ns0:codeModeGestionInvSilo>GP</ns0:codeModeGestionInvSilo><ns0:libModeGestionInvSilo>Gestion pilotée</ns0:libModeGestionInvSilo><ns0:codeNatureSupportInv>MIXTE</ns0:codeNatureSupportInv><ns0:libNatureSupportInv>Mixte</ns0:libNatureSupportInv><ns0:codeNatureSupportInvSilo>MI</ns0:codeNatureSupportInvSilo><ns0:libNatureSupportInvSilo>Mixte</ns0:libNatureSupportInvSilo><ns0:montantOccurSupportInv>132.93</ns0:montantOccurSupportInv><ns0:deviseOccurSupportInv>EUR</ns0:deviseOccurSupportInv><ns0:GrilleInv><ns0:idGrilleInv>12938</ns0:idGrilleInv><ns0:nomGrilleInv>G_E_B_Offre2020PERO_MERCER_EQUILIBR</ns0:nomGrilleInv><ns0:txRepartitionGrilleInv>1.0</ns0:txRepartitionGrilleInv></ns0:GrilleInv></ns0:OccurStructInv><ns0:OccurStructInv><ns0:idOccurStructInv>SF_15722301 SI_12962</ns0:idOccurStructInv><ns0:idOccurParentStructInv>SF_15722301</ns0:idOccurParentStructInv><ns0:codeNatureSupportInv>MIXTE</ns0:codeNatureSupportInv><ns0:libNatureSupportInv>Mixte</ns0:libNatureSupportInv><ns0:codeNatureSupportInvSilo>MI</ns0:codeNatureSupportInvSilo><ns0:libNatureSupportInvSilo>Mixte</ns0:libNatureSupportInvSilo><ns0:montantOccurSupportInv>132.93</ns0:montantOccurSupportInv><ns0:deviseOccurSupportInv>EUR</ns0:deviseOccurSupportInv><ns0:HorizonInv><ns0:idHorizonInv>12962</ns0:idHorizonInv><ns0:nomHorizonInv>23 ans</ns0:nomHorizonInv><ns0:borneMinDeplacerCapitalInvesti>276</ns0:borneMinDeplacerCapitalInvesti><ns0:borneMaxDeplacerCapitalInvesti>287</ns0:borneMaxDeplacerCapitalInvesti></ns0:HorizonInv></ns0:OccurStructInv><ns0:OccurStructInv><ns0:idOccurStructInv>SF_15722301 SI_12962 SI_12141</ns0:idOccurStructInv><ns0:idOccurParentStructInv>SF_15722301 SI_12962</ns0:idOccurParentStructInv><ns0:codeNatureSupportInv>MIXTE</ns0:codeNatureSupportInv><ns0:libNatureSupportInv>Mixte</ns0:libNatureSupportInv><ns0:codeNatureSupportInvSilo>MI</ns0:codeNatureSupportInvSilo><ns0:libNatureSupportInvSilo>Mixte</ns0:libNatureSupportInvSilo><ns0:montantOccurSupportInv>11.2</ns0:montantOccurSupportInv><ns0:deviseOccurSupportInv>EUR</ns0:deviseOccurSupportInv><ns0:ProfilInv><ns0:idProfilInv>12141</ns0:idProfilInv><ns0:nomProfilInv>A_E_B_Offre2020PERO_FAIBLERISQUE</ns0:nomProfilInv><ns0:txRepartitionProfilInv>0.0843</ns0:txRepartitionProfilInv></ns0:ProfilInv></ns0:OccurStructInv><ns0:OccurStructInv><ns0:idOccurStructInv>SF_15722301 SI_12962 SI_12141 SU_4975</ns0:idOccurStructInv><ns0:idOccurParentStructInv>SF_15722301 SI_12962 SI_12141</ns0:idOccurParentStructInv><ns0:codeNatureSupportInv>UNICPT</ns0:codeNatureSupportInv><ns0:libNatureSupportInv>UC</ns0:libNatureSupportInv><ns0:codeNatureSupportInvSilo>UC</ns0:codeNatureSupportInvSilo><ns0:libNatureSupportInvSilo>Unité de Compte</ns0:libNatureSupportInvSilo><ns0:montantOccurSupportInv>2.26</ns0:montantOccurSupportInv><ns0:deviseOccurSupportInv>EUR</ns0:deviseOccurSupportInv><ns0:SupportInv><ns0:idSupportInv>4975</ns0:idSupportInv><ns0:codeISIN>FR0013459070</ns0:codeISIN><ns0:nomSupportInv>ALM CREDIT EURO ISR RB</ns0:nomSupportInv><ns0:codeCategorieFonds>OPACT</ns0:codeCategorieFonds><ns0:libCategorieFonds>OPCVM à tendance actions</ns0:libCategorieFonds><ns0:codeCategorieFondsSilo>PAC</ns0:codeCategorieFondsSilo><ns0:libCategorieFondsSilo>OPCVM à tendance actions</ns0:libCategorieFondsSilo><ns0:txRepartitionSupportInv>0.2018</ns0:txRepartitionSupportInv><ns0:valeurLiquidativeFond>100.77</ns0:valeurLiquidativeFond><ns0:dateValeurLiquidative>2020-08-14</ns0:dateValeurLiquidative><ns0:nbePartFonds>0.0224646076</ns0:nbePartFonds><ns0:deviseFonds>EUR</ns0:deviseFonds></ns0:SupportInv></ns0:OccurStructInv><ns0:OccurStructInv><ns0:idOccurStructInv>SF_15722301 SI_12962 SI_12141 SU_4548</ns0:idOccurStructInv><ns0:idOccurParentStructInv>SF_15722301 SI_12962 SI_12141</ns0:idOccurParentStructInv><ns0:codeNatureSupportInv>FDSGES</ns0:codeNatureSupportInv><ns0:libNatureSupportInv>Fonds Euro</ns0:libNatureSupportInv><ns0:codeNatureSupportInvSilo>FG</ns0:codeNatureSupportInvSilo><ns0:libNatureSupportInvSilo>Fond en Devises</ns0:libNatureSupportInvSilo><ns0:montantOccurSupportInv>8.94</ns0:montantOccurSupportInv><ns0:deviseOccurSupportInv>EUR</ns0:deviseOccurSupportInv><ns0:SupportInv><ns0:idSupportInv>4548</ns0:idSupportInv><ns0:nomSupportInv>Actif en euros</ns0:nomSupportInv><ns0:codeCategorieFonds>FDPR</ns0:codeCategorieFonds><ns0:libCategorieFonds>Fonds propres</ns0:libCategorieFonds><ns0:codeCategorieFondsSilo>FPR</ns0:codeCategorieFondsSilo><ns0:libCategorieFondsSilo>Fonds propres</ns0:libCategorieFondsSilo><ns0:txRepartitionSupportInv>0.7982</ns0:txRepartitionSupportInv><ns0:deviseFonds>EUR</ns0:deviseFonds></ns0:SupportInv></ns0:OccurStructInv><ns0:OccurStructInv><ns0:idOccurStructInv>SF_15722301 SI_12962 SI_12128</ns0:idOccurStructInv><ns0:idOccurParentStructInv>SF_15722301 SI_12962</ns0:idOccurParentStructInv><ns0:codeNatureSupportInv>UNICPT</ns0:codeNatureSupportInv><ns0:libNatureSupportInv>UC</ns0:libNatureSupportInv><ns0:codeNatureSupportInvSilo>UC</ns0:codeNatureSupportInvSilo><ns0:libNatureSupportInvSilo>Unité de Compte</ns0:libNatureSupportInvSilo><ns0:montantOccurSupportInv>14.74</ns0:montantOccurSupportInv><ns0:deviseOccurSupportInv>EUR</ns0:deviseOccurSupportInv><ns0:ProfilInv><ns0:idProfilInv>12128</ns0:idProfilInv><ns0:nomProfilInv>A_B_Offre2020PERO_PEAPME</ns0:nomProfilInv><ns0:txRepartitionProfilInv>0.1109</ns0:txRepartitionProfilInv></ns0:ProfilInv></ns0:OccurStructInv><ns0:OccurStructInv><ns0:idOccurStructInv>SF_15722301 SI_12962 SI_12128 SU_4954</ns0:idOccurStructInv><ns0:idOccurParentStructInv>SF_15722301 SI_12962 SI_12128</ns0:idOccurParentStructInv><ns0:codeNatureSupportInv>UNICPT</ns0:codeNatureSupportInv><ns0:libNatureSupportInv>UC</ns0:libNatureSupportInv><ns0:codeNatureSupportInvSilo>UC</ns0:codeNatureSupportInvSilo><ns0:libNatureSupportInvSilo>Unité de Compte</ns0:libNatureSupportInvSilo><ns0:montantOccurSupportInv>14.74</ns0:montantOccurSupportInv><ns0:deviseOccurSupportInv>EUR</ns0:deviseOccurSupportInv><ns0:SupportInv><ns0:idSupportInv>4954</ns0:idSupportInv><ns0:codeISIN>FR0013419637</ns0:codeISIN><ns0:nomSupportInv>ALM SELECTION PEA PME RB</ns0:nomSupportInv><ns0:codeCategorieFonds>OPCVM</ns0:codeCategorieFonds><ns0:libCategorieFonds>OPVCM</ns0:libCategorieFonds><ns0:codeCategorieFondsSilo>OPC</ns0:codeCategorieFondsSilo><ns0:libCategorieFondsSilo>OPVCM</ns0:libCategorieFondsSilo><ns0:txRepartitionSupportInv>1.0</ns0:txRepartitionSupportInv><ns0:valeurLiquidativeFond>106.55</ns0:valeurLiquidativeFond><ns0:dateValeurLiquidative>2020-08-14</ns0:dateValeurLiquidative><ns0:nbePartFonds>0.1383847428</ns0:nbePartFonds><ns0:deviseFonds>EUR</ns0:deviseFonds></ns0:SupportInv></ns0:OccurStructInv><ns0:OccurStructInv><ns0:idOccurStructInv>SF_15722301 SI_12962 SI_12798</ns0:idOccurStructInv><ns0:idOccurParentStructInv>SF_15722301 SI_12962</ns0:idOccurParentStructInv><ns0:codeNatureSupportInv>UNICPT</ns0:codeNatureSupportInv><ns0:libNatureSupportInv>UC</ns0:libNatureSupportInv><ns0:codeNatureSupportInvSilo>UC</ns0:codeNatureSupportInvSilo><ns0:libNatureSupportInvSilo>Unité de Compte</ns0:libNatureSupportInvSilo><ns0:montantOccurSupportInv>34.38</ns0:montantOccurSupportInv><ns0:deviseOccurSupportInv>EUR</ns0:deviseOccurSupportInv><ns0:ProfilInv><ns0:idProfilInv>12798</ns0:idProfilInv><ns0:nomProfilInv>A_B_Offre2020_MERCER_ACTION</ns0:nomProfilInv><ns0:txRepartitionProfilInv>0.2586</ns0:txRepartitionProfilInv></ns0:ProfilInv></ns0:OccurStructInv><ns0:OccurStructInv><ns0:idOccurStructInv>SF_15722301 SI_12962 SI_12798 SU_4989</ns0:idOccurStructInv><ns0:idOccurParentStructInv>SF_15722301 SI_12962 SI_12798</ns0:idOccurParentStructInv><ns0:codeNatureSupportInv>UNICPT</ns0:codeNatureSupportInv><ns0:libNatureSupportInv>UC</ns0:libNatureSupportInv><ns0:codeNatureSupportInvSilo>UC</ns0:codeNatureSupportInvSilo><ns0:libNatureSupportInvSilo>Unité de Compte</ns0:libNatureSupportInvSilo><ns0:montantOccurSupportInv>13.47</ns0:montantOccurSupportInv><ns0:deviseOccurSupportInv>EUR</ns0:deviseOccurSupportInv><ns0:SupportInv><ns0:idSupportInv>4989</ns0:idSupportInv><ns0:codeISIN>IE00BFNS6416</ns0:codeISIN><ns0:nomSupportInv>RUSSELL MSMM EUROZONE EQUITY C CLASS</ns0:nomSupportInv><ns0:codeCategorieFonds>OPACT</ns0:codeCategorieFonds><ns0:libCategorieFonds>OPCVM à tendance actions</ns0:libCategorieFonds><ns0:codeCategorieFondsSilo>PAC</ns0:codeCategorieFondsSilo><ns0:libCategorieFondsSilo>OPCVM à tendance actions</ns0:libCategorieFondsSilo><ns0:txRepartitionSupportInv>0.3918</ns0:txRepartitionSupportInv><ns0:valeurLiquidativeFond>956.2</ns0:valeurLiquidativeFond><ns0:dateValeurLiquidative>2020-08-14</ns0:dateValeurLiquidative><ns0:nbePartFonds>0.0140818012</ns0:nbePartFonds><ns0:deviseFonds>EUR</ns0:deviseFonds></ns0:SupportInv></ns0:OccurStructInv><ns0:OccurStructInv><ns0:idOccurStructInv>SF_15722301 SI_12962 SI_12798 SU_4988</ns0:idOccurStructInv><ns0:idOccurParentStructInv>SF_15722301 SI_12962 SI_12798</ns0:idOccurParentStructInv><ns0:codeNatureSupportInv>UNICPT</ns0:codeNatureSupportInv><ns0:libNatureSupportInv>UC</ns0:libNatureSupportInv><ns0:codeNatureSupportInvSilo>UC</ns0:codeNatureSupportInvSilo><ns0:libNatureSupportInvSilo>Unité de Compte</ns0:libNatureSupportInvSilo><ns0:montantOccurSupportInv>20.92</ns0:montantOccurSupportInv><ns0:deviseOccurSupportInv>EUR</ns0:deviseOccurSupportInv><ns0:SupportInv><ns0:idSupportInv>4988</ns0:idSupportInv><ns0:codeISIN>IE00B1FRPP29</ns0:codeISIN><ns0:nomSupportInv>RIC World Equity Fund II</ns0:nomSupportInv><ns0:codeCategorieFonds>OPACT</ns0:codeCategorieFonds><ns0:libCategorieFonds>OPCVM à tendance actions</ns0:libCategorieFonds><ns0:codeCategorieFondsSilo>PAC</ns0:codeCategorieFondsSilo><ns0:libCategorieFondsSilo>OPCVM à tendance actions</ns0:libCategorieFondsSilo><ns0:txRepartitionSupportInv>0.6082</ns0:txRepartitionSupportInv><ns0:valeurLiquidativeFond>17.97</ns0:valeurLiquidativeFond><ns0:dateValeurLiquidative>2020-08-14</ns0:dateValeurLiquidative><ns0:nbePartFonds>1.3794133917</ns0:nbePartFonds><ns0:deviseFonds>USD</ns0:deviseFonds></ns0:SupportInv></ns0:OccurStructInv><ns0:OccurStructInv><ns0:idOccurStructInv>SF_15722301 SI_12962 SI_12797</ns0:idOccurStructInv><ns0:idOccurParentStructInv>SF_15722301 SI_12962</ns0:idOccurParentStructInv><ns0:codeNatureSupportInv>UNICPT</ns0:codeNatureSupportInv><ns0:libNatureSupportInv>UC</ns0:libNatureSupportInv><ns0:codeNatureSupportInvSilo>UC</ns0:codeNatureSupportInvSilo><ns0:libNatureSupportInvSilo>Unité de Compte</ns0:libNatureSupportInvSilo><ns0:montantOccurSupportInv>72.61</ns0:montantOccurSupportInv><ns0:deviseOccurSupportInv>EUR</ns0:deviseOccurSupportInv><ns0:ProfilInv><ns0:idProfilInv>12797</ns0:idProfilInv><ns0:nomProfilInv>A_B_Offre2020_MERCER_DIVERSIFIE</ns0:nomProfilInv><ns0:txRepartitionProfilInv>0.5462</ns0:txRepartitionProfilInv></ns0:ProfilInv></ns0:OccurStructInv><ns0:OccurStructInv><ns0:idOccurStructInv>SF_15722301 SI_12962 SI_12797 SU_4991</ns0:idOccurStructInv><ns0:idOccurParentStructInv>SF_15722301 SI_12962 SI_12797</ns0:idOccurParentStructInv><ns0:codeNatureSupportInv>UNICPT</ns0:codeNatureSupportInv><ns0:libNatureSupportInv>UC</ns0:libNatureSupportInv><ns0:codeNatureSupportInvSilo>UC</ns0:codeNatureSupportInvSilo><ns0:libNatureSupportInvSilo>Unité de Compte</ns0:libNatureSupportInvSilo><ns0:montantOccurSupportInv>28.74</ns0:montantOccurSupportInv><ns0:deviseOccurSupportInv>EUR</ns0:deviseOccurSupportInv><ns0:SupportInv><ns0:idSupportInv>4991</ns0:idSupportInv><ns0:codeISIN>LU1276000236</ns0:codeISIN><ns0:nomSupportInv>EDR FD INCOME EUROPE R</ns0:nomSupportInv><ns0:codeCategorieFonds>OPOBL</ns0:codeCategorieFonds><ns0:libCategorieFonds>OPCVM à tendance obligations</ns0:libCategorieFonds><ns0:codeCategorieFondsSilo>POB</ns0:codeCategorieFondsSilo><ns0:libCategorieFondsSilo>OPCVM à tendance obligations</ns0:libCategorieFondsSilo><ns0:txRepartitionSupportInv>0.3958</ns0:txRepartitionSupportInv><ns0:valeurLiquidativeFond>98.25</ns0:valeurLiquidativeFond><ns0:dateValeurLiquidative>2020-08-14</ns0:dateValeurLiquidative><ns0:nbePartFonds>0.2925165989</ns0:nbePartFonds><ns0:deviseFonds>EUR</ns0:deviseFonds></ns0:SupportInv></ns0:OccurStructInv><ns0:OccurStructInv><ns0:idOccurStructInv>SF_15722301 SI_12962 SI_12797 SU_5092</ns0:idOccurStructInv><ns0:idOccurParentStructInv>SF_15722301 SI_12962 SI_12797</ns0:idOccurParentStructInv><ns0:codeNatureSupportInv>UNICPT</ns0:codeNatureSupportInv><ns0:libNatureSupportInv>UC</ns0:libNatureSupportInv><ns0:codeNatureSupportInvSilo>UC</ns0:codeNatureSupportInvSilo><ns0:libNatureSupportInvSilo>Unité de Compte</ns0:libNatureSupportInvSilo><ns0:montantOccurSupportInv>43.87</ns0:montantOccurSupportInv><ns0:deviseOccurSupportInv>EUR</ns0:deviseOccurSupportInv><ns0:SupportInv><ns0:idSupportInv>5092</ns0:idSupportInv><ns0:codeISIN>FR0013328051</ns0:codeISIN><ns0:nomSupportInv>FIDIES EQUILIBRE C</ns0:nomSupportInv><ns0:codeCategorieFonds>OPCVM</ns0:codeCategorieFonds><ns0:libCategorieFonds>OPVCM</ns0:libCategorieFonds><ns0:codeCategorieFondsSilo>OPC</ns0:codeCategorieFondsSilo><ns0:libCategorieFondsSilo>OPVCM</ns0:libCategorieFondsSilo><ns0:txRepartitionSupportInv>0.6042</ns0:txRepartitionSupportInv><ns0:valeurLiquidativeFond>1062.44</ns0:valeurLiquidativeFond><ns0:dateValeurLiquidative>2020-08-14</ns0:dateValeurLiquidative><ns0:nbePartFonds>0.0412950252</ns0:nbePartFonds><ns0:deviseFonds>EUR</ns0:deviseFonds></ns0:SupportInv></ns0:OccurStructInv></ns0:StructInv></ns0:CalculerEncoursContratFunc></ns0:CalculerEncoursContratResponse></SOAP-ENV:Body></SOAP-ENV:Envelope>