<SOAP-ENV:Envelope xmlns:SOAP-ENV="http://schemas.xmlsoap.org/soap/envelope/"><SOAP-ENV:Header><ns:WSResponseMetaInfo xmlns:ns="http://www.fmk.com/ESB/Framework/ESBTechPivotSchema" xmlns:ns0="http://schemas.xmlsoap.org/soap/envelope/" xmlns:xs="http://www.w3.org/2001/XMLSchema" xmlns:xsi="http://www.w3.org/2001/XMLSchema-instance"><ns:FuncFault/><ns:BusinessHeader/></ns:WSResponseMetaInfo></SOAP-ENV:Header><SOAP-ENV:Body><ns0:CalculerEncoursContratResponse xmlns:ns0="http://www.alm.com/esb/service/GestContratTer_2/CalculerEncoursContrat_3"><ns0:CalculerEncoursContratFunc><ns0:StructInv><ns0:IdentificationStructInv><ns0:idStructInv>SF_4085658</ns0:idStructInv><ns0:codeSituationStructInv>ENCOU</ns0:codeSituationStructInv><ns0:libSituationStructInv>En cours</ns0:libSituationStructInv><ns0:codeSituationStructInvSilo>E</ns0:codeSituationStructInvSilo><ns0:libSituationStructInvSilo>En cours</ns0:libSituationStructInvSilo><ns0:montantEncours>3060.5</ns0:montantEncours><ns0:deviseEncours>EUR</ns0:deviseEncours><ns0:dateValeurFG>2020-05-04</ns0:dateValeurFG><ns0:dateValeurUC>2020-05-04</ns0:dateValeurUC><ns0:codeTypeEncoursSilo>TAUX_PROVISOIRE</ns0:codeTypeEncoursSilo><ns0:libTypeEncoursSilo>Encours au taux provisoire</ns0:libTypeEncoursSilo><ns0:indicSitEstimeSilo>false</ns0:indicSitEstimeSilo></ns0:IdentificationStructInv><ns0:OccurStructInv><ns0:idOccurStructInv>SF_4085657</ns0:idOccurStructInv><ns0:idOccurParentStructInv>SF_4085658</ns0:idOccurParentStructInv><ns0:montantOccurSupportInv>3060.5</ns0:montantOccurSupportInv><ns0:deviseOccurSupportInv>EUR</ns0:deviseOccurSupportInv><ns0:ContributionInv><ns0:identifiantContributionInvestissement>4085657</ns0:identifiantContributionInvestissement><ns0:codeContributionInv>PPATRO</ns0:codeContributionInv><ns0:libContributionInv>Part Patronale</ns0:libContributionInv><ns0:libContributionInvSilo>Part patronale</ns0:libContributionInvSilo><ns0:txRepartitionContribution>1.0</ns0:txRepartitionContribution></ns0:ContributionInv></ns0:OccurStructInv><ns0:OccurStructInv><ns0:idOccurStructInv>SF_4085655</ns0:idOccurStructInv><ns0:idOccurParentStructInv>SF_4085657</ns0:idOccurParentStructInv><ns0:codeModeGestionInv>LIBRE</ns0:codeModeGestionInv><ns0:libModeGestionInv>Gestion libre</ns0:libModeGestionInv><ns0:codeModeGestionInvSilo>GL</ns0:codeModeGestionInvSilo><ns0:libModeGestionInvSilo>Gestion libre</ns0:libModeGestionInvSilo><ns0:codeNatureSupportInv>FDSGES</ns0:codeNatureSupportInv><ns0:libNatureSupportInv>Fonds Euro</ns0:libNatureSupportInv><ns0:codeNatureSupportInvSilo>FG</ns0:codeNatureSupportInvSilo><ns0:libNatureSupportInvSilo>Fond en Devises</ns0:libNatureSupportInvSilo><ns0:montantOccurSupportInv>3060.5</ns0:montantOccurSupportInv><ns0:deviseOccurSupportInv>EUR</ns0:deviseOccurSupportInv><ns0:ProfilInv><ns0:idProfilInv>2918</ns0:idProfilInv><ns0:nomProfilInv>Fonds Euro EDF</ns0:nomProfilInv><ns0:txRepartitionProfilInv>1.0</ns0:txRepartitionProfilInv></ns0:ProfilInv></ns0:OccurStructInv><ns0:OccurStructInv><ns0:idOccurStructInv>SF_4085655 SU_3437 ST_2</ns0:idOccurStructInv><ns0:idOccurParentStructInv>SF_4085655 SU_3437</ns0:idOccurParentStructInv><ns0:codeNatureSupportInv>FDSGES</ns0:codeNatureSupportInv><ns0:libNatureSupportInv>Fonds Euro</ns0:libNatureSupportInv><ns0:codeNatureSupportInvSilo>FG</ns0:codeNatureSupportInvSilo><ns0:libNatureSupportInvSilo>Fond en Devises</ns0:libNatureSupportInvSilo><ns0:montantOccurSupportInv>254.25</ns0:montantOccurSupportInv><ns0:deviseOccurSupportInv>EUR</ns0:deviseOccurSupportInv><ns0:TarifInv><ns0:idTarifInv>2</ns0:idTarifInv><ns0:nomTarifInv>Tarif 11</ns0:nomTarifInv><ns0:txRepartitionTarifInv>0.083075</ns0:txRepartitionTarifInv></ns0:TarifInv></ns0:OccurStructInv><ns0:OccurStructInv><ns0:idOccurStructInv>SF_4085655 SU_3437 ST_6</ns0:idOccurStructInv><ns0:idOccurParentStructInv>SF_4085655 SU_3437</ns0:idOccurParentStructInv><ns0:codeNatureSupportInv>FDSGES</ns0:codeNatureSupportInv><ns0:libNatureSupportInv>Fonds Euro</ns0:libNatureSupportInv><ns0:codeNatureSupportInvSilo>FG</ns0:codeNatureSupportInvSilo><ns0:libNatureSupportInvSilo>Fond en Devises</ns0:libNatureSupportInvSilo><ns0:montantOccurSupportInv>1204.02</ns0:montantOccurSupportInv><ns0:deviseOccurSupportInv>EUR</ns0:deviseOccurSupportInv><ns0:TarifInv><ns0:idTarifInv>6</ns0:idTarifInv><ns0:nomTarifInv>Tarif 10</ns0:nomTarifInv><ns0:txRepartitionTarifInv>0.393407</ns0:txRepartitionTarifInv></ns0:TarifInv></ns0:OccurStructInv><ns0:OccurStructInv><ns0:idOccurStructInv>SF_4085655 SU_3437 ST_582</ns0:idOccurStructInv><ns0:idOccurParentStructInv>SF_4085655 SU_3437</ns0:idOccurParentStructInv><ns0:codeNatureSupportInv>FDSGES</ns0:codeNatureSupportInv><ns0:libNatureSupportInv>Fonds Euro</ns0:libNatureSupportInv><ns0:codeNatureSupportInvSilo>FG</ns0:codeNatureSupportInvSilo><ns0:libNatureSupportInvSilo>Fond en Devises</ns0:libNatureSupportInvSilo><ns0:montantOccurSupportInv>125.67</ns0:montantOccurSupportInv><ns0:deviseOccurSupportInv>EUR</ns0:deviseOccurSupportInv><ns0:TarifInv><ns0:idTarifInv>582</ns0:idTarifInv><ns0:nomTarifInv>Tarif 08</ns0:nomTarifInv><ns0:txRepartitionTarifInv>0.041061</ns0:txRepartitionTarifInv></ns0:TarifInv></ns0:OccurStructInv><ns0:OccurStructInv><ns0:idOccurStructInv>SF_4085655 SU_3437 ST_242</ns0:idOccurStructInv><ns0:idOccurParentStructInv>SF_4085655 SU_3437</ns0:idOccurParentStructInv><ns0:codeNatureSupportInv>FDSGES</ns0:codeNatureSupportInv><ns0:libNatureSupportInv>Fonds Euro</ns0:libNatureSupportInv><ns0:codeNatureSupportInvSilo>FG</ns0:codeNatureSupportInvSilo><ns0:libNatureSupportInvSilo>Fond en Devises</ns0:libNatureSupportInvSilo><ns0:montantOccurSupportInv>365.46</ns0:montantOccurSupportInv><ns0:deviseOccurSupportInv>EUR</ns0:deviseOccurSupportInv><ns0:TarifInv><ns0:idTarifInv>242</ns0:idTarifInv><ns0:nomTarifInv>Tarif 08</ns0:nomTarifInv><ns0:txRepartitionTarifInv>0.119412</ns0:txRepartitionTarifInv></ns0:TarifInv></ns0:OccurStructInv><ns0:OccurStructInv><ns0:idOccurStructInv>SF_4085655 SU_3437 ST_442</ns0:idOccurStructInv><ns0:idOccurParentStructInv>SF_4085655 SU_3437</ns0:idOccurParentStructInv><ns0:codeNatureSupportInv>FDSGES</ns0:codeNatureSupportInv><ns0:libNatureSupportInv>Fonds Euro</ns0:libNatureSupportInv><ns0:codeNatureSupportInvSilo>FG</ns0:codeNatureSupportInvSilo><ns0:libNatureSupportInvSilo>Fond en Devises</ns0:libNatureSupportInvSilo><ns0:montantOccurSupportInv>682.81</ns0:montantOccurSupportInv><ns0:deviseOccurSupportInv>EUR</ns0:deviseOccurSupportInv><ns0:TarifInv><ns0:idTarifInv>442</ns0:idTarifInv><ns0:nomTarifInv>Tarif 09</ns0:nomTarifInv><ns0:txRepartitionTarifInv>0.223104</ns0:txRepartitionTarifInv></ns0:TarifInv></ns0:OccurStructInv><ns0:OccurStructInv><ns0:idOccurStructInv>SF_4085655 SU_3437 ST_162</ns0:idOccurStructInv><ns0:idOccurParentStructInv>SF_4085655 SU_3437</ns0:idOccurParentStructInv><ns0:codeNatureSupportInv>FDSGES</ns0:codeNatureSupportInv><ns0:libNatureSupportInv>Fonds Euro</ns0:libNatureSupportInv><ns0:codeNatureSupportInvSilo>FG</ns0:codeNatureSupportInvSilo><ns0:libNatureSupportInvSilo>Fond en Devises</ns0:libNatureSupportInvSilo><ns0:montantOccurSupportInv>428.29</ns0:montantOccurSupportInv><ns0:deviseOccurSupportInv>EUR</ns0:deviseOccurSupportInv><ns0:TarifInv><ns0:idTarifInv>162</ns0:idTarifInv><ns0:nomTarifInv>Tarif 09</ns0:nomTarifInv><ns0:txRepartitionTarifInv>0.139941</ns0:txRepartitionTarifInv></ns0:TarifInv></ns0:OccurStructInv><ns0:OccurStructInv><ns0:idOccurStructInv>SF_4085655 SU_3437</ns0:idOccurStructInv><ns0:idOccurParentStructInv>SF_4085655</ns0:idOccurParentStructInv><ns0:codeNatureSupportInv>FDSGES</ns0:codeNatureSupportInv><ns0:libNatureSupportInv>Fonds Euro</ns0:libNatureSupportInv><ns0:codeNatureSupportInvSilo>FG</ns0:codeNatureSupportInvSilo><ns0:libNatureSupportInvSilo>Fond en Devises</ns0:libNatureSupportInvSilo><ns0:montantOccurSupportInv>3060.5</ns0:montantOccurSupportInv><ns0:deviseOccurSupportInv>EUR</ns0:deviseOccurSupportInv><ns0:SupportInv><ns0:idSupportInv>3437</ns0:idSupportInv><ns0:nomSupportInv>Fonds Euro EDF</ns0:nomSupportInv><ns0:codeCategorieFonds>FDPR</ns0:codeCategorieFonds><ns0:libCategorieFonds>Fonds propres</ns0:libCategorieFonds><ns0:codeCategorieFondsSilo>FPR</ns0:codeCategorieFondsSilo><ns0:libCategorieFondsSilo>Fonds propres</ns0:libCategorieFondsSilo><ns0:txRepartitionSupportInv>1.0</ns0:txRepartitionSupportInv><ns0:deviseFonds>EUR</ns0:deviseFonds></ns0:SupportInv></ns0:OccurStructInv></ns0:StructInv></ns0:CalculerEncoursContratFunc></ns0:CalculerEncoursContratResponse></SOAP-ENV:Body></SOAP-ENV:Envelope>