<SOAP-ENV:Envelope xmlns:SOAP-ENV="http://schemas.xmlsoap.org/soap/envelope/"><SOAP-ENV:Header><ns:WSResponseMetaInfo xmlns:ns="http://www.fmk.com/ESB/Framework/ESBTechPivotSchema" xmlns:ns0="http://schemas.xmlsoap.org/soap/envelope/" xmlns:xs="http://www.w3.org/2001/XMLSchema" xmlns:xsi="http://www.w3.org/2001/XMLSchema-instance"><ns:FuncFault/><ns:BusinessHeader/></ns:WSResponseMetaInfo></SOAP-ENV:Header><SOAP-ENV:Body><ns0:CalculerEncoursContratResponse xmlns:ns0="http://www.alm.com/esb/service/GestContratTer_2/CalculerEncoursContrat_3"><ns0:CalculerEncoursContratFunc><ns0:StructInv><ns0:IdentificationStructInv><ns0:idStructInv>SF_8094157</ns0:idStructInv><ns0:codeSituationStructInv>ENCOU</ns0:codeSituationStructInv><ns0:libSituationStructInv>En cours</ns0:libSituationStructInv><ns0:codeSituationStructInvSilo>E</ns0:codeSituationStructInvSilo><ns0:libSituationStructInvSilo>En cours</ns0:libSituationStructInvSilo><ns0:montantEncours>132007.2</ns0:montantEncours><ns0:deviseEncours>EUR</ns0:deviseEncours><ns0:dateValeurFG>2020-06-15</ns0:dateValeurFG><ns0:dateValeurUC>2020-06-15</ns0:dateValeurUC><ns0:codeTypeEncoursSilo>TAUX_PROVISOIRE</ns0:codeTypeEncoursSilo><ns0:libTypeEncoursSilo>Encours au taux provisoire</ns0:libTypeEncoursSilo><ns0:indicSitEstimeSilo>false</ns0:indicSitEstimeSilo></ns0:IdentificationStructInv><ns0:OccurStructInv><ns0:idOccurStructInv>SF_8094153</ns0:idOccurStructInv><ns0:idOccurParentStructInv>SF_8094157</ns0:idOccurParentStructInv><ns0:montantOccurSupportInv>132007.2</ns0:montantOccurSupportInv><ns0:deviseOccurSupportInv>EUR</ns0:deviseOccurSupportInv><ns0:ContributionInv><ns0:identifiantContributionInvestissement>8094153</ns0:identifiantContributionInvestissement><ns0:codeContributionInv>PPATRO</ns0:codeContributionInv><ns0:libContributionInv>Part Patronale</ns0:libContributionInv><ns0:libContributionInvSilo>Part patronale</ns0:libContributionInvSilo><ns0:txRepartitionContribution>1.0</ns0:txRepartitionContribution></ns0:ContributionInv></ns0:OccurStructInv><ns0:OccurStructInv><ns0:idOccurStructInv>SF_8094151</ns0:idOccurStructInv><ns0:idOccurParentStructInv>SF_8094153</ns0:idOccurParentStructInv><ns0:codeModeGestionInv>LIBRE</ns0:codeModeGestionInv><ns0:libModeGestionInv>Gestion libre</ns0:libModeGestionInv><ns0:codeModeGestionInvSilo>GL</ns0:codeModeGestionInvSilo><ns0:libModeGestionInvSilo>Gestion libre</ns0:libModeGestionInvSilo><ns0:codeNatureSupportInv>FDSGES</ns0:codeNatureSupportInv><ns0:libNatureSupportInv>Fonds Euro</ns0:libNatureSupportInv><ns0:codeNatureSupportInvSilo>FG</ns0:codeNatureSupportInvSilo><ns0:libNatureSupportInvSilo>Fond en Devises</ns0:libNatureSupportInvSilo><ns0:montantOccurSupportInv>132007.2</ns0:montantOccurSupportInv><ns0:deviseOccurSupportInv>EUR</ns0:deviseOccurSupportInv><ns0:ProfilInv><ns0:idProfilInv>3910</ns0:idProfilInv><ns0:nomProfilInv>RF VALOR NT</ns0:nomProfilInv><ns0:txRepartitionProfilInv>1.0</ns0:txRepartitionProfilInv></ns0:ProfilInv></ns0:OccurStructInv><ns0:OccurStructInv><ns0:idOccurStructInv>SF_8094151 SU_4417 ST_1741</ns0:idOccurStructInv><ns0:idOccurParentStructInv>SF_8094151 SU_4417</ns0:idOccurParentStructInv><ns0:codeNatureSupportInv>FDSGES</ns0:codeNatureSupportInv><ns0:libNatureSupportInv>Fonds Euro</ns0:libNatureSupportInv><ns0:codeNatureSupportInvSilo>FG</ns0:codeNatureSupportInvSilo><ns0:libNatureSupportInvSilo>Fond en Devises</ns0:libNatureSupportInvSilo><ns0:montantOccurSupportInv>12598.18</ns0:montantOccurSupportInv><ns0:deviseOccurSupportInv>EUR</ns0:deviseOccurSupportInv><ns0:TarifInv><ns0:idTarifInv>1741</ns0:idTarifInv><ns0:nomTarifInv>Tarif 30</ns0:nomTarifInv><ns0:txRepartitionTarifInv>0.095436</ns0:txRepartitionTarifInv></ns0:TarifInv></ns0:OccurStructInv><ns0:OccurStructInv><ns0:idOccurStructInv>SF_8094151 SU_4417 ST_1771</ns0:idOccurStructInv><ns0:idOccurParentStructInv>SF_8094151 SU_4417</ns0:idOccurParentStructInv><ns0:codeNatureSupportInv>FDSGES</ns0:codeNatureSupportInv><ns0:libNatureSupportInv>Fonds Euro</ns0:libNatureSupportInv><ns0:codeNatureSupportInvSilo>FG</ns0:codeNatureSupportInvSilo><ns0:libNatureSupportInvSilo>Fond en Devises</ns0:libNatureSupportInvSilo><ns0:montantOccurSupportInv>17609.86</ns0:montantOccurSupportInv><ns0:deviseOccurSupportInv>EUR</ns0:deviseOccurSupportInv><ns0:TarifInv><ns0:idTarifInv>1771</ns0:idTarifInv><ns0:nomTarifInv>Tarif 22</ns0:nomTarifInv><ns0:txRepartitionTarifInv>0.133401</ns0:txRepartitionTarifInv></ns0:TarifInv></ns0:OccurStructInv><ns0:OccurStructInv><ns0:idOccurStructInv>SF_8094151 SU_4417 ST_1773</ns0:idOccurStructInv><ns0:idOccurParentStructInv>SF_8094151 SU_4417</ns0:idOccurParentStructInv><ns0:codeNatureSupportInv>FDSGES</ns0:codeNatureSupportInv><ns0:libNatureSupportInv>Fonds Euro</ns0:libNatureSupportInv><ns0:codeNatureSupportInvSilo>FG</ns0:codeNatureSupportInvSilo><ns0:libNatureSupportInvSilo>Fond en Devises</ns0:libNatureSupportInvSilo><ns0:montantOccurSupportInv>15758.25</ns0:montantOccurSupportInv><ns0:deviseOccurSupportInv>EUR</ns0:deviseOccurSupportInv><ns0:TarifInv><ns0:idTarifInv>1773</ns0:idTarifInv><ns0:nomTarifInv>Tarif 24</ns0:nomTarifInv><ns0:txRepartitionTarifInv>0.119374</ns0:txRepartitionTarifInv></ns0:TarifInv></ns0:OccurStructInv><ns0:OccurStructInv><ns0:idOccurStructInv>SF_8094151 SU_4417 ST_2021</ns0:idOccurStructInv><ns0:idOccurParentStructInv>SF_8094151 SU_4417</ns0:idOccurParentStructInv><ns0:codeNatureSupportInv>FDSGES</ns0:codeNatureSupportInv><ns0:libNatureSupportInv>Fonds Euro</ns0:libNatureSupportInv><ns0:codeNatureSupportInvSilo>FG</ns0:codeNatureSupportInvSilo><ns0:libNatureSupportInvSilo>Fond en Devises</ns0:libNatureSupportInvSilo><ns0:montantOccurSupportInv>70958.57</ns0:montantOccurSupportInv><ns0:deviseOccurSupportInv>EUR</ns0:deviseOccurSupportInv><ns0:TarifInv><ns0:idTarifInv>2021</ns0:idTarifInv><ns0:nomTarifInv>Tarif 42</ns0:nomTarifInv><ns0:txRepartitionTarifInv>0.537536</ns0:txRepartitionTarifInv></ns0:TarifInv></ns0:OccurStructInv><ns0:OccurStructInv><ns0:idOccurStructInv>SF_8094151 SU_4417 ST_1775</ns0:idOccurStructInv><ns0:idOccurParentStructInv>SF_8094151 SU_4417</ns0:idOccurParentStructInv><ns0:codeNatureSupportInv>FDSGES</ns0:codeNatureSupportInv><ns0:libNatureSupportInv>Fonds Euro</ns0:libNatureSupportInv><ns0:codeNatureSupportInvSilo>FG</ns0:codeNatureSupportInvSilo><ns0:libNatureSupportInvSilo>Fond en Devises</ns0:libNatureSupportInvSilo><ns0:montantOccurSupportInv>7171.57</ns0:montantOccurSupportInv><ns0:deviseOccurSupportInv>EUR</ns0:deviseOccurSupportInv><ns0:TarifInv><ns0:idTarifInv>1775</ns0:idTarifInv><ns0:nomTarifInv>Tarif 26</ns0:nomTarifInv><ns0:txRepartitionTarifInv>0.054327</ns0:txRepartitionTarifInv></ns0:TarifInv></ns0:OccurStructInv><ns0:OccurStructInv><ns0:idOccurStructInv>SF_8094151 SU_4417 ST_1776</ns0:idOccurStructInv><ns0:idOccurParentStructInv>SF_8094151 SU_4417</ns0:idOccurParentStructInv><ns0:codeNatureSupportInv>FDSGES</ns0:codeNatureSupportInv><ns0:libNatureSupportInv>Fonds Euro</ns0:libNatureSupportInv><ns0:codeNatureSupportInvSilo>FG</ns0:codeNatureSupportInvSilo><ns0:libNatureSupportInvSilo>Fond en Devises</ns0:libNatureSupportInvSilo><ns0:montantOccurSupportInv>661.21</ns0:montantOccurSupportInv><ns0:deviseOccurSupportInv>EUR</ns0:deviseOccurSupportInv><ns0:TarifInv><ns0:idTarifInv>1776</ns0:idTarifInv><ns0:nomTarifInv>Tarif 27</ns0:nomTarifInv><ns0:txRepartitionTarifInv>0.005009</ns0:txRepartitionTarifInv></ns0:TarifInv></ns0:OccurStructInv><ns0:OccurStructInv><ns0:idOccurStructInv>SF_8094151 SU_4417 ST_1774</ns0:idOccurStructInv><ns0:idOccurParentStructInv>SF_8094151 SU_4417</ns0:idOccurParentStructInv><ns0:codeNatureSupportInv>FDSGES</ns0:codeNatureSupportInv><ns0:libNatureSupportInv>Fonds Euro</ns0:libNatureSupportInv><ns0:codeNatureSupportInvSilo>FG</ns0:codeNatureSupportInvSilo><ns0:libNatureSupportInvSilo>Fond en Devises</ns0:libNatureSupportInvSilo><ns0:montantOccurSupportInv>7249.56</ns0:montantOccurSupportInv><ns0:deviseOccurSupportInv>EUR</ns0:deviseOccurSupportInv><ns0:TarifInv><ns0:idTarifInv>1774</ns0:idTarifInv><ns0:nomTarifInv>Tarif 25</ns0:nomTarifInv><ns0:txRepartitionTarifInv>0.054918</ns0:txRepartitionTarifInv></ns0:TarifInv></ns0:OccurStructInv><ns0:OccurStructInv><ns0:idOccurStructInv>SF_8094151 SU_4417</ns0:idOccurStructInv><ns0:idOccurParentStructInv>SF_8094151</ns0:idOccurParentStructInv><ns0:codeNatureSupportInv>FDSGES</ns0:codeNatureSupportInv><ns0:libNatureSupportInv>Fonds Euro</ns0:libNatureSupportInv><ns0:codeNatureSupportInvSilo>FG</ns0:codeNatureSupportInvSilo><ns0:libNatureSupportInvSilo>Fond en Devises</ns0:libNatureSupportInvSilo><ns0:montantOccurSupportInv>132007.2</ns0:montantOccurSupportInv><ns0:deviseOccurSupportInv>EUR</ns0:deviseOccurSupportInv><ns0:SupportInv><ns0:idSupportInv>4417</ns0:idSupportInv><ns0:nomSupportInv>RF VALOR NT</ns0:nomSupportInv><ns0:codeCategorieFonds>FDPR</ns0:codeCategorieFonds><ns0:libCategorieFonds>Fonds propres</ns0:libCategorieFonds><ns0:codeCategorieFondsSilo>FPR</ns0:codeCategorieFondsSilo><ns0:libCategorieFondsSilo>Fonds propres</ns0:libCategorieFondsSilo><ns0:txRepartitionSupportInv>1.0</ns0:txRepartitionSupportInv><ns0:deviseFonds>EUR</ns0:deviseFonds></ns0:SupportInv></ns0:OccurStructInv></ns0:StructInv></ns0:CalculerEncoursContratFunc></ns0:CalculerEncoursContratResponse></SOAP-ENV:Body></SOAP-ENV:Envelope>