<SOAP-ENV:Envelope xmlns:SOAP-ENV="http://schemas.xmlsoap.org/soap/envelope/">
    <SOAP-ENV:Header>
        <ns:WSResponseMetaInfo xmlns:ns="http://www.fmk.com/ESB/Framework/ESBTechPivotSchema"
                               xmlns:ns0="http://schemas.xmlsoap.org/soap/envelope/"
                               xmlns:xs="http://www.w3.org/2001/XMLSchema"
                               xmlns:xsi="http://www.w3.org/2001/XMLSchema-instance">
            <ns:FuncFault/>
            <ns:BusinessHeader/>
        </ns:WSResponseMetaInfo>
    </SOAP-ENV:Header>
    <SOAP-ENV:Body>
        <ns0:CalculerEncoursContratResponse
                xmlns:ns0="http://www.alm.com/esb/service/GestContratTer_2/CalculerEncoursContrat_3">
            <ns0:CalculerEncoursContratFunc>
                <ns0:StructInv>
                    <ns0:IdentificationStructInv>
                        <ns0:idStructInv>RA135510843000</ns0:idStructInv>
                        <ns0:montantEncours>23822.44</ns0:montantEncours>
                        <ns0:deviseEncours>EUR</ns0:deviseEncours>
                        <ns0:dateValeurFG>2020-01-01</ns0:dateValeurFG>
                        <ns0:dateValeurUC>2020-01-01</ns0:dateValeurUC>
                        <ns0:codeTypeEncoursSilo>TAUX_PROVISOIRE</ns0:codeTypeEncoursSilo>
                        <ns0:libTypeEncoursSilo>ENCOURS AU TAUX PROVISOIRE</ns0:libTypeEncoursSilo>
                        <ns0:indicSitEstimeSilo>true</ns0:indicSitEstimeSilo>
                    </ns0:IdentificationStructInv>
                    <ns0:OccurStructInv>
                        <ns0:idOccurStructInv>RA135510843000_VL</ns0:idOccurStructInv>
                        <ns0:idOccurParentStructInv>RA135510843000</ns0:idOccurParentStructInv>
                        <ns0:montantOccurSupportInv>23822.44</ns0:montantOccurSupportInv>
                        <ns0:deviseOccurSupportInv>EUR</ns0:deviseOccurSupportInv>
                        <ns0:ContributionInv>
                            <ns0:identifiantContributionInvestissement>VL</ns0:identifiantContributionInvestissement>
                            <ns0:codeContributionInvSilo>VL</ns0:codeContributionInvSilo>
                            <ns0:libContributionInvSilo>VERSEMENT LIBRE</ns0:libContributionInvSilo>
                            <ns0:txRepartitionContribution>100.0</ns0:txRepartitionContribution>
                            <ns0:indicTxDerogeableContributionInv>false</ns0:indicTxDerogeableContributionInv>
                        </ns0:ContributionInv>
                    </ns0:OccurStructInv>
                    <ns0:OccurStructInv>
                        <ns0:idOccurStructInv>RA135510843000_VL_00</ns0:idOccurStructInv>
                        <ns0:idOccurParentStructInv>RA135510843000_VL</ns0:idOccurParentStructInv>
                        <ns0:montantOccurSupportInv>23822.44</ns0:montantOccurSupportInv>
                        <ns0:deviseOccurSupportInv>EUR</ns0:deviseOccurSupportInv>
                        <ns0:GrilleInv>
                            <ns0:idGrilleInv>00</ns0:idGrilleInv>
                            <ns0:nomGrilleInv>LIBRE</ns0:nomGrilleInv>
                            <ns0:txRepartitionGrilleInv>100.0</ns0:txRepartitionGrilleInv>
                            <ns0:indicTxDerogeableGrilleInv>false</ns0:indicTxDerogeableGrilleInv>
                        </ns0:GrilleInv>
                    </ns0:OccurStructInv>
                    <ns0:OccurStructInv>
                        <ns0:idOccurStructInv>RA135510843000_VL_00_50000000</ns0:idOccurStructInv>
                        <ns0:idOccurParentStructInv>RA135510843000_VL_00</ns0:idOccurParentStructInv>
                        <ns0:montantOccurSupportInv>11160.49</ns0:montantOccurSupportInv>
                        <ns0:deviseOccurSupportInv>EUR</ns0:deviseOccurSupportInv>
                        <ns0:ProfilInv>
                            <ns0:idProfilInv>50000000</ns0:idProfilInv>
                            <ns0:nomProfilInv>ACTIF GENERAL</ns0:nomProfilInv>
                            <ns0:txRepartitionProfilInv>0.46848643</ns0:txRepartitionProfilInv>
                            <ns0:indicTxDerogeableProfilInv>true</ns0:indicTxDerogeableProfilInv>
                        </ns0:ProfilInv>
                    </ns0:OccurStructInv>
                    <ns0:OccurStructInv>
                        <ns0:idOccurStructInv>RA135510843000_VL_00_50000000_0000004</ns0:idOccurStructInv>
                        <ns0:idOccurParentStructInv>RA135510843000_VL_00_50000000</ns0:idOccurParentStructInv>
                        <ns0:codeNatureSupportInv>FDSGES</ns0:codeNatureSupportInv>
                        <ns0:libNatureSupportInv>Fonds Euro</ns0:libNatureSupportInv>
                        <ns0:codeNatureSupportInvSilo>FG</ns0:codeNatureSupportInvSilo>
                        <ns0:libNatureSupportInvSilo>FONDS DE GESTION</ns0:libNatureSupportInvSilo>
                        <ns0:montantOccurSupportInv>11160.49</ns0:montantOccurSupportInv>
                        <ns0:deviseOccurSupportInv>EUR</ns0:deviseOccurSupportInv>
                        <ns0:SupportInv>
                            <ns0:idSupportInv>0000004</ns0:idSupportInv>
                            <ns0:nomSupportInv>ACTIF GENERAL</ns0:nomSupportInv>
                            <ns0:txRepartitionSupportInv>1.0</ns0:txRepartitionSupportInv>
                            <ns0:valeurLiquidativeFond>0.0</ns0:valeurLiquidativeFond>
                            <ns0:nbePartFonds>0.0</ns0:nbePartFonds>
                            <ns0:deviseFonds>EUR</ns0:deviseFonds>
                        </ns0:SupportInv>
                    </ns0:OccurStructInv>
                    <ns0:OccurStructInv>
                        <ns0:idOccurStructInv>RA135510843000_VL_00_50000004</ns0:idOccurStructInv>
                        <ns0:idOccurParentStructInv>RA135510843000_VL_00</ns0:idOccurParentStructInv>
                        <ns0:montantOccurSupportInv>12661.95</ns0:montantOccurSupportInv>
                        <ns0:deviseOccurSupportInv>EUR</ns0:deviseOccurSupportInv>
                        <ns0:ProfilInv>
                            <ns0:idProfilInv>50000004</ns0:idProfilInv>
                            <ns0:nomProfilInv>ALM DYNAMIC</ns0:nomProfilInv>
                            <ns0:txRepartitionProfilInv>0.53151356</ns0:txRepartitionProfilInv>
                            <ns0:indicTxDerogeableProfilInv>true</ns0:indicTxDerogeableProfilInv>
                        </ns0:ProfilInv>
                    </ns0:OccurStructInv>
                    <ns0:OccurStructInv>
                        <ns0:idOccurStructInv>RA135510843000_VL_00_50000004_0001165</ns0:idOccurStructInv>
                        <ns0:idOccurParentStructInv>RA135510843000_VL_00_50000004</ns0:idOccurParentStructInv>
                        <ns0:codeNatureSupportInv>UNICPT</ns0:codeNatureSupportInv>
                        <ns0:libNatureSupportInv>UC</ns0:libNatureSupportInv>
                        <ns0:codeNatureSupportInvSilo>UC</ns0:codeNatureSupportInvSilo>
                        <ns0:libNatureSupportInvSilo>UNITE DE COMPTE</ns0:libNatureSupportInvSilo>
                        <ns0:montantOccurSupportInv>12661.95</ns0:montantOccurSupportInv>
                        <ns0:deviseOccurSupportInv>EUR</ns0:deviseOccurSupportInv>
                        <ns0:SupportInv>
                            <ns0:idSupportInv>0001165</ns0:idSupportInv>
                            <ns0:codeISIN>FR0007025184</ns0:codeISIN>
                            <ns0:nomSupportInv>ALM DYNAMIC</ns0:nomSupportInv>
                            <ns0:codeCategorieFondsSilo>FDF</ns0:codeCategorieFondsSilo>
                            <ns0:libCategorieFondsSilo>FONDS DE FONDS</ns0:libCategorieFondsSilo>
                            <ns0:txRepartitionSupportInv>1.0</ns0:txRepartitionSupportInv>
                            <ns0:valeurLiquidativeFond>332.19</ns0:valeurLiquidativeFond>
                            <ns0:dateValeurLiquidative>2020-01-01</ns0:dateValeurLiquidative>
                            <ns0:nbePartFonds>38.1166</ns0:nbePartFonds>
                            <ns0:deviseFonds>EUR</ns0:deviseFonds>
                        </ns0:SupportInv>
                    </ns0:OccurStructInv>
                </ns0:StructInv>
            </ns0:CalculerEncoursContratFunc>
        </ns0:CalculerEncoursContratResponse>
    </SOAP-ENV:Body>
</SOAP-ENV:Envelope>
