<SOAP-ENV:Envelope xmlns:SOAP-ENV="http://schemas.xmlsoap.org/soap/envelope/"><SOAP-ENV:Header><ns:WSResponseMetaInfo xmlns:ns="http://www.fmk.com/ESB/Framework/ESBTechPivotSchema" xmlns:ns0="http://schemas.xmlsoap.org/soap/envelope/" xmlns:xs="http://www.w3.org/2001/XMLSchema" xmlns:xsi="http://www.w3.org/2001/XMLSchema-instance"><ns:FuncFault/><ns:BusinessHeader/></ns:WSResponseMetaInfo></SOAP-ENV:Header><SOAP-ENV:Body><ns0:CalculerEncoursContratResponse xmlns:ns0="http://www.alm.com/esb/service/GestContratTer_2/CalculerEncoursContrat_3"><ns0:CalculerEncoursContratFunc><ns0:StructInv><ns0:IdentificationStructInv><ns0:idStructInv>SF_15168268</ns0:idStructInv><ns0:codeSituationStructInv>ENCOU</ns0:codeSituationStructInv><ns0:libSituationStructInv>En cours</ns0:libSituationStructInv><ns0:codeSituationStructInvSilo>E</ns0:codeSituationStructInvSilo><ns0:libSituationStructInvSilo>En cours</ns0:libSituationStructInvSilo><ns0:montantEncours>19.69</ns0:montantEncours><ns0:deviseEncours>EUR</ns0:deviseEncours><ns0:dateValeurFG>2020-05-05</ns0:dateValeurFG><ns0:dateValeurUC>2020-05-01</ns0:dateValeurUC><ns0:codeTypeEncoursSilo>TAUX_PROVISOIRE</ns0:codeTypeEncoursSilo><ns0:libTypeEncoursSilo>Encours au taux provisoire</ns0:libTypeEncoursSilo><ns0:indicSitEstimeSilo>true</ns0:indicSitEstimeSilo></ns0:IdentificationStructInv><ns0:OccurStructInv><ns0:idOccurStructInv>SF_15168267</ns0:idOccurStructInv><ns0:idOccurParentStructInv>SF_15168268</ns0:idOccurParentStructInv><ns0:montantOccurSupportInv>19.69</ns0:montantOccurSupportInv><ns0:deviseOccurSupportInv>EUR</ns0:deviseOccurSupportInv><ns0:ContributionInv><ns0:identifiantContributionInvestissement>15168267</ns0:identifiantContributionInvestissement><ns0:codeContributionInv>PPATRO</ns0:codeContributionInv><ns0:libContributionInv>Part Patronale</ns0:libContributionInv><ns0:libContributionInvSilo>Part patronale</ns0:libContributionInvSilo><ns0:txRepartitionContribution>1.0</ns0:txRepartitionContribution></ns0:ContributionInv></ns0:OccurStructInv><ns0:OccurStructInv><ns0:idOccurStructInv>SF_15168265</ns0:idOccurStructInv><ns0:idOccurParentStructInv>SF_15168267</ns0:idOccurParentStructInv><ns0:codeModeGestionInv>PILHRZ</ns0:codeModeGestionInv><ns0:libModeGestionInv>Gestion pilotée horizon</ns0:libModeGestionInv><ns0:codeModeGestionInvSilo>GP</ns0:codeModeGestionInvSilo><ns0:libModeGestionInvSilo>Gestion pilotée</ns0:libModeGestionInvSilo><ns0:codeNatureSupportInv>MIXTE</ns0:codeNatureSupportInv><ns0:libNatureSupportInv>Mixte</ns0:libNatureSupportInv><ns0:codeNatureSupportInvSilo>MI</ns0:codeNatureSupportInvSilo><ns0:libNatureSupportInvSilo>Mixte</ns0:libNatureSupportInvSilo><ns0:montantOccurSupportInv>19.69</ns0:montantOccurSupportInv><ns0:deviseOccurSupportInv>EUR</ns0:deviseOccurSupportInv><ns0:GrilleInv><ns0:idGrilleInv>12184</ns0:idGrilleInv><ns0:nomGrilleInv>Grille Horizon Modéré</ns0:nomGrilleInv><ns0:txRepartitionGrilleInv>1.0</ns0:txRepartitionGrilleInv></ns0:GrilleInv></ns0:OccurStructInv><ns0:OccurStructInv><ns0:idOccurStructInv>SF_15168265 SI_12210</ns0:idOccurStructInv><ns0:idOccurParentStructInv>SF_15168265</ns0:idOccurParentStructInv><ns0:codeNatureSupportInv>MIXTE</ns0:codeNatureSupportInv><ns0:libNatureSupportInv>Mixte</ns0:libNatureSupportInv><ns0:codeNatureSupportInvSilo>MI</ns0:codeNatureSupportInvSilo><ns0:libNatureSupportInvSilo>Mixte</ns0:libNatureSupportInvSilo><ns0:montantOccurSupportInv>19.69</ns0:montantOccurSupportInv><ns0:deviseOccurSupportInv>EUR</ns0:deviseOccurSupportInv><ns0:HorizonInv><ns0:idHorizonInv>12210</ns0:idHorizonInv><ns0:nomHorizonInv>25 ans et plus</ns0:nomHorizonInv><ns0:borneMinDeplacerCapitalInvesti>300</ns0:borneMinDeplacerCapitalInvesti></ns0:HorizonInv></ns0:OccurStructInv><ns0:OccurStructInv><ns0:idOccurStructInv>SF_15168265 SI_12210 SI_12123</ns0:idOccurStructInv><ns0:idOccurParentStructInv>SF_15168265 SI_12210</ns0:idOccurParentStructInv><ns0:codeNatureSupportInv>FDSGES</ns0:codeNatureSupportInv><ns0:libNatureSupportInv>Fonds Euro</ns0:libNatureSupportInv><ns0:codeNatureSupportInvSilo>FG</ns0:codeNatureSupportInvSilo><ns0:libNatureSupportInvSilo>Fond en Devises</ns0:libNatureSupportInvSilo><ns0:montantOccurSupportInv>2.55</ns0:montantOccurSupportInv><ns0:deviseOccurSupportInv>EUR</ns0:deviseOccurSupportInv><ns0:ProfilInv><ns0:idProfilInv>12123</ns0:idProfilInv><ns0:nomProfilInv>Actif en euros</ns0:nomProfilInv><ns0:txRepartitionProfilInv>0.1296</ns0:txRepartitionProfilInv></ns0:ProfilInv></ns0:OccurStructInv><ns0:OccurStructInv><ns0:idOccurStructInv>SF_15168265 SI_12210 SI_12123 SU_5026</ns0:idOccurStructInv><ns0:idOccurParentStructInv>SF_15168265 SI_12210 SI_12123</ns0:idOccurParentStructInv><ns0:codeNatureSupportInv>FDSGES</ns0:codeNatureSupportInv><ns0:libNatureSupportInv>Fonds Euro</ns0:libNatureSupportInv><ns0:codeNatureSupportInvSilo>FG</ns0:codeNatureSupportInvSilo><ns0:libNatureSupportInvSilo>Fond en Devises</ns0:libNatureSupportInvSilo><ns0:montantOccurSupportInv>2.55</ns0:montantOccurSupportInv><ns0:deviseOccurSupportInv>EUR</ns0:deviseOccurSupportInv><ns0:SupportInv><ns0:idSupportInv>5026</ns0:idSupportInv><ns0:nomSupportInv>Actif en euros</ns0:nomSupportInv><ns0:codeCategorieFonds>FDPR</ns0:codeCategorieFonds><ns0:libCategorieFonds>Fonds propres</ns0:libCategorieFonds><ns0:codeCategorieFondsSilo>FPR</ns0:codeCategorieFondsSilo><ns0:libCategorieFondsSilo>Fonds propres</ns0:libCategorieFondsSilo><ns0:txRepartitionSupportInv>1.0</ns0:txRepartitionSupportInv><ns0:deviseFonds>EUR</ns0:deviseFonds></ns0:SupportInv></ns0:OccurStructInv><ns0:OccurStructInv><ns0:idOccurStructInv>SF_15168265 SI_12210 SI_12124</ns0:idOccurStructInv><ns0:idOccurParentStructInv>SF_15168265 SI_12210</ns0:idOccurParentStructInv><ns0:codeNatureSupportInv>UNICPT</ns0:codeNatureSupportInv><ns0:libNatureSupportInv>UC</ns0:libNatureSupportInv><ns0:codeNatureSupportInvSilo>UC</ns0:codeNatureSupportInvSilo><ns0:libNatureSupportInvSilo>Unité de Compte</ns0:libNatureSupportInvSilo><ns0:montantOccurSupportInv>5.34</ns0:montantOccurSupportInv><ns0:deviseOccurSupportInv>EUR</ns0:deviseOccurSupportInv><ns0:ProfilInv><ns0:idProfilInv>12124</ns0:idProfilInv><ns0:nomProfilInv>ALM CREDIT EURO ISR</ns0:nomProfilInv><ns0:txRepartitionProfilInv>0.2712</ns0:txRepartitionProfilInv></ns0:ProfilInv></ns0:OccurStructInv><ns0:OccurStructInv><ns0:idOccurStructInv>SF_15168265 SI_12210 SI_12124 SU_5021</ns0:idOccurStructInv><ns0:idOccurParentStructInv>SF_15168265 SI_12210 SI_12124</ns0:idOccurParentStructInv><ns0:codeNatureSupportInv>UNICPT</ns0:codeNatureSupportInv><ns0:libNatureSupportInv>UC</ns0:libNatureSupportInv><ns0:codeNatureSupportInvSilo>UC</ns0:codeNatureSupportInvSilo><ns0:libNatureSupportInvSilo>Unité de Compte</ns0:libNatureSupportInvSilo><ns0:montantOccurSupportInv>5.34</ns0:montantOccurSupportInv><ns0:deviseOccurSupportInv>EUR</ns0:deviseOccurSupportInv><ns0:SupportInv><ns0:idSupportInv>5021</ns0:idSupportInv><ns0:codeISIN>FR0013459054</ns0:codeISIN><ns0:nomSupportInv>ALM CREDIT EURO ISR RA</ns0:nomSupportInv><ns0:codeCategorieFonds>OPOBL</ns0:codeCategorieFonds><ns0:libCategorieFonds>OPCVM à tendance obligations</ns0:libCategorieFonds><ns0:codeCategorieFondsSilo>POB</ns0:codeCategorieFondsSilo><ns0:libCategorieFondsSilo>OPCVM à tendance obligations</ns0:libCategorieFondsSilo><ns0:txRepartitionSupportInv>1.0</ns0:txRepartitionSupportInv><ns0:valeurLiquidativeFond>96.92</ns0:valeurLiquidativeFond><ns0:dateValeurLiquidative>2020-04-24</ns0:dateValeurLiquidative><ns0:nbePartFonds>0.0551101929</ns0:nbePartFonds><ns0:deviseFonds>EUR</ns0:deviseFonds></ns0:SupportInv></ns0:OccurStructInv><ns0:OccurStructInv><ns0:idOccurStructInv>SF_15168265 SI_12210 SI_12126</ns0:idOccurStructInv><ns0:idOccurParentStructInv>SF_15168265 SI_12210</ns0:idOccurParentStructInv><ns0:codeNatureSupportInv>UNICPT</ns0:codeNatureSupportInv><ns0:libNatureSupportInv>UC</ns0:libNatureSupportInv><ns0:codeNatureSupportInvSilo>UC</ns0:codeNatureSupportInvSilo><ns0:libNatureSupportInvSilo>Unité de Compte</ns0:libNatureSupportInvSilo><ns0:montantOccurSupportInv>5.9</ns0:montantOccurSupportInv><ns0:deviseOccurSupportInv>EUR</ns0:deviseOccurSupportInv><ns0:ProfilInv><ns0:idProfilInv>12126</ns0:idProfilInv><ns0:nomProfilInv>ALM DYNAMIC</ns0:nomProfilInv><ns0:txRepartitionProfilInv>0.2996</ns0:txRepartitionProfilInv></ns0:ProfilInv></ns0:OccurStructInv><ns0:OccurStructInv><ns0:idOccurStructInv>SF_15168265 SI_12210 SI_12126 SU_5023</ns0:idOccurStructInv><ns0:idOccurParentStructInv>SF_15168265 SI_12210 SI_12126</ns0:idOccurParentStructInv><ns0:codeNatureSupportInv>UNICPT</ns0:codeNatureSupportInv><ns0:libNatureSupportInv>UC</ns0:libNatureSupportInv><ns0:codeNatureSupportInvSilo>UC</ns0:codeNatureSupportInvSilo><ns0:libNatureSupportInvSilo>Unité de Compte</ns0:libNatureSupportInvSilo><ns0:montantOccurSupportInv>5.9</ns0:montantOccurSupportInv><ns0:deviseOccurSupportInv>EUR</ns0:deviseOccurSupportInv><ns0:SupportInv><ns0:idSupportInv>5023</ns0:idSupportInv><ns0:codeISIN>FR0007025184</ns0:codeISIN><ns0:nomSupportInv>ALM DYNAMIC</ns0:nomSupportInv><ns0:codeCategorieFonds>OPACT</ns0:codeCategorieFonds><ns0:libCategorieFonds>OPCVM à tendance actions</ns0:libCategorieFonds><ns0:codeCategorieFondsSilo>PAC</ns0:codeCategorieFondsSilo><ns0:libCategorieFondsSilo>OPCVM à tendance actions</ns0:libCategorieFondsSilo><ns0:txRepartitionSupportInv>1.0</ns0:txRepartitionSupportInv><ns0:valeurLiquidativeFond>326.23</ns0:valeurLiquidativeFond><ns0:dateValeurLiquidative>2020-04-24</ns0:dateValeurLiquidative><ns0:nbePartFonds>0.0180808527</ns0:nbePartFonds><ns0:deviseFonds>EUR</ns0:deviseFonds></ns0:SupportInv></ns0:OccurStructInv><ns0:OccurStructInv><ns0:idOccurStructInv>SF_15168265 SI_12210 SI_12125</ns0:idOccurStructInv><ns0:idOccurParentStructInv>SF_15168265 SI_12210</ns0:idOccurParentStructInv><ns0:codeNatureSupportInv>UNICPT</ns0:codeNatureSupportInv><ns0:libNatureSupportInv>UC</ns0:libNatureSupportInv><ns0:codeNatureSupportInvSilo>UC</ns0:codeNatureSupportInvSilo><ns0:libNatureSupportInvSilo>Unité de Compte</ns0:libNatureSupportInvSilo><ns0:montantOccurSupportInv>5.9</ns0:montantOccurSupportInv><ns0:deviseOccurSupportInv>EUR</ns0:deviseOccurSupportInv><ns0:ProfilInv><ns0:idProfilInv>12125</ns0:idProfilInv><ns0:nomProfilInv>ALM CLASSIC</ns0:nomProfilInv><ns0:txRepartitionProfilInv>0.2996</ns0:txRepartitionProfilInv></ns0:ProfilInv></ns0:OccurStructInv><ns0:OccurStructInv><ns0:idOccurStructInv>SF_15168265 SI_12210 SI_12125 SU_5022</ns0:idOccurStructInv><ns0:idOccurParentStructInv>SF_15168265 SI_12210 SI_12125</ns0:idOccurParentStructInv><ns0:codeNatureSupportInv>UNICPT</ns0:codeNatureSupportInv><ns0:libNatureSupportInv>UC</ns0:libNatureSupportInv><ns0:codeNatureSupportInvSilo>UC</ns0:codeNatureSupportInvSilo><ns0:libNatureSupportInvSilo>Unité de Compte</ns0:libNatureSupportInvSilo><ns0:montantOccurSupportInv>5.9</ns0:montantOccurSupportInv><ns0:deviseOccurSupportInv>EUR</ns0:deviseOccurSupportInv><ns0:SupportInv><ns0:idSupportInv>5022</ns0:idSupportInv><ns0:codeISIN>FR0007025192</ns0:codeISIN><ns0:nomSupportInv>ALM CLASSIC</ns0:nomSupportInv><ns0:codeCategorieFonds>OPCVM</ns0:codeCategorieFonds><ns0:libCategorieFonds>OPVCM</ns0:libCategorieFonds><ns0:codeCategorieFondsSilo>OPC</ns0:codeCategorieFondsSilo><ns0:libCategorieFondsSilo>OPVCM</ns0:libCategorieFondsSilo><ns0:txRepartitionSupportInv>1.0</ns0:txRepartitionSupportInv><ns0:valeurLiquidativeFond>312.17</ns0:valeurLiquidativeFond><ns0:dateValeurLiquidative>2020-04-24</ns0:dateValeurLiquidative><ns0:nbePartFonds>0.0188990567</ns0:nbePartFonds><ns0:deviseFonds>EUR</ns0:deviseFonds></ns0:SupportInv></ns0:OccurStructInv></ns0:StructInv></ns0:CalculerEncoursContratFunc></ns0:CalculerEncoursContratResponse></SOAP-ENV:Body></SOAP-ENV:Envelope>