<?xml version="1.0" encoding="UTF-8"?>
<SOAP-ENV:Envelope xmlns:SOAP-ENV="http://schemas.xmlsoap.org/soap/envelope/">
    <SOAP-ENV:Header>
        <ns:WSResponseMetaInfo xmlns:xs="http://www.w3.org/2001/XMLSchema" xmlns:xsi="http://www.w3.org/2001/XMLSchema-instance" xmlns:ns="http://www.fmk.com/ESB/Framework/ESBTechPivotSchema" xmlns:ns0="http://schemas.xmlsoap.org/soap/envelope/">
            <ns:FuncFault/>
            <ns:BusinessHeader/>
        </ns:WSResponseMetaInfo>
    </SOAP-ENV:Header>
    <SOAP-ENV:Body>
        <ns0:CalculerEncoursContratResponse xmlns:ns0="http://www.alm.com/esb/service/GestContratTer_2/CalculerEncoursContrat_3">
            <ns0:CalculerEncoursContratFunc>
                <ns0:StructInv>
                    <ns0:IdentificationStructInv>
                        <ns0:idStructInv>RA226223012000</ns0:idStructInv>
                        <ns0:montantEncours>18326.0</ns0:montantEncours>
                        <ns0:deviseEncours>EUR</ns0:deviseEncours>
                        <ns0:dateValeurFG>2020-01-01</ns0:dateValeurFG>
                        <ns0:dateValeurUC>2020-01-01</ns0:dateValeurUC>
                        <ns0:codeTypeEncoursSilo>TAUX_DEFINITIF</ns0:codeTypeEncoursSilo>
                        <ns0:libTypeEncoursSilo>ENCOURS AU TAUX DEFINITIF</ns0:libTypeEncoursSilo>
                        <ns0:indicSitEstimeSilo>true</ns0:indicSitEstimeSilo>
                    </ns0:IdentificationStructInv>
                    <ns0:OccurStructInv>
                        <ns0:idOccurStructInv>RA226223012000_VL</ns0:idOccurStructInv>
                        <ns0:idOccurParentStructInv>RA226223012000</ns0:idOccurParentStructInv>
                        <ns0:montantOccurSupportInv>18326.0</ns0:montantOccurSupportInv>
                        <ns0:deviseOccurSupportInv>EUR</ns0:deviseOccurSupportInv>
                        <ns0:ContributionInv>
                            <ns0:identifiantContributionInvestissement>VL</ns0:identifiantContributionInvestissement>
                            <ns0:codeContributionInvSilo>VL</ns0:codeContributionInvSilo>
                            <ns0:libContributionInvSilo>VERSEMENT LIBRE</ns0:libContributionInvSilo>
                            <ns0:txRepartitionContribution>100.0</ns0:txRepartitionContribution>
                            <ns0:indicTxDerogeableContributionInv>false</ns0:indicTxDerogeableContributionInv>
                        </ns0:ContributionInv>
                    </ns0:OccurStructInv>
                    <ns0:OccurStructInv>
                        <ns0:idOccurStructInv>RA226223012000_VL_42</ns0:idOccurStructInv>
                        <ns0:idOccurParentStructInv>RA226223012000_VL</ns0:idOccurParentStructInv>
                        <ns0:montantOccurSupportInv>18326.0</ns0:montantOccurSupportInv>
                        <ns0:deviseOccurSupportInv>EUR</ns0:deviseOccurSupportInv>
                        <ns0:GrilleInv>
                            <ns0:idGrilleInv>42</ns0:idGrilleInv>
                            <ns0:nomGrilleInv>HORIZON PRUDENT</ns0:nomGrilleInv>
                            <ns0:txRepartitionGrilleInv>100.0</ns0:txRepartitionGrilleInv>
                            <ns0:indicTxDerogeableGrilleInv>false</ns0:indicTxDerogeableGrilleInv>
                        </ns0:GrilleInv>
                    </ns0:OccurStructInv>
                    <ns0:OccurStructInv>
                        <ns0:idOccurStructInv>RA226223012000_VL_42_42/007/007</ns0:idOccurStructInv>
                        <ns0:idOccurParentStructInv>RA226223012000_VL_42</ns0:idOccurParentStructInv>
                        <ns0:montantOccurSupportInv>18326.0</ns0:montantOccurSupportInv>
                        <ns0:deviseOccurSupportInv>EUR</ns0:deviseOccurSupportInv>
                        <ns0:HorizonInv>
                            <ns0:idHorizonInv>42/007/007</ns0:idHorizonInv>
                            <ns0:nomHorizonInv>DE007A007</ns0:nomHorizonInv>
                            <ns0:borneMinDeplacerCapitalInvesti>7</ns0:borneMinDeplacerCapitalInvesti>
                            <ns0:borneMaxDeplacerCapitalInvesti>7</ns0:borneMaxDeplacerCapitalInvesti>
                        </ns0:HorizonInv>
                    </ns0:OccurStructInv>
                    <ns0:OccurStructInv>
                        <ns0:idOccurStructInv>RA226223012000_VL_42_42/007/007_50000052</ns0:idOccurStructInv>
                        <ns0:idOccurParentStructInv>RA226223012000_VL_42_42/007/007</ns0:idOccurParentStructInv>
                        <ns0:montantOccurSupportInv>9723.54</ns0:montantOccurSupportInv>
                        <ns0:deviseOccurSupportInv>EUR</ns0:deviseOccurSupportInv>
                        <ns0:ProfilInv>
                            <ns0:idProfilInv>50000052</ns0:idProfilInv>
                            <ns0:nomProfilInv>ACTIF GENERAL</ns0:nomProfilInv>
                            <ns0:txRepartitionProfilInv>0.53058714</ns0:txRepartitionProfilInv>
                            <ns0:indicTxDerogeableProfilInv>false</ns0:indicTxDerogeableProfilInv>
                        </ns0:ProfilInv>
                    </ns0:OccurStructInv>
                    <ns0:OccurStructInv>
                        <ns0:idOccurStructInv>RA226223012000_VL_42_42/007/007_50000052_0000054</ns0:idOccurStructInv>
                        <ns0:idOccurParentStructInv>RA226223012000_VL_42_42/007/007_50000052</ns0:idOccurParentStructInv>
                        <ns0:codeNatureSupportInv>FDSGES</ns0:codeNatureSupportInv>
                        <ns0:libNatureSupportInv>Fonds Euro</ns0:libNatureSupportInv>
                        <ns0:codeNatureSupportInvSilo>FG</ns0:codeNatureSupportInvSilo>
                        <ns0:libNatureSupportInvSilo>FONDS DE GESTION</ns0:libNatureSupportInvSilo>
                        <ns0:montantOccurSupportInv>9723.54</ns0:montantOccurSupportInv>
                        <ns0:deviseOccurSupportInv>EUR</ns0:deviseOccurSupportInv>
                        <ns0:SupportInv>
                            <ns0:idSupportInv>0000054</ns0:idSupportInv>
                            <ns0:nomSupportInv>FONDS EUROS</ns0:nomSupportInv>
                            <ns0:txRepartitionSupportInv>1.0</ns0:txRepartitionSupportInv>
                            <ns0:valeurLiquidativeFond>0.0</ns0:valeurLiquidativeFond>
                            <ns0:nbePartFonds>0.0</ns0:nbePartFonds>
                            <ns0:deviseFonds>EUR</ns0:deviseFonds>
                        </ns0:SupportInv>
                    </ns0:OccurStructInv>
                    <ns0:OccurStructInv>
                        <ns0:idOccurStructInv>RA226223012000_VL_42_42/007/007_50000054</ns0:idOccurStructInv>
                        <ns0:idOccurParentStructInv>RA226223012000_VL_42_42/007/007</ns0:idOccurParentStructInv>
                        <ns0:montantOccurSupportInv>5113.38</ns0:montantOccurSupportInv>
                        <ns0:deviseOccurSupportInv>EUR</ns0:deviseOccurSupportInv>
                        <ns0:ProfilInv>
                            <ns0:idProfilInv>50000054</ns0:idProfilInv>
                            <ns0:nomProfilInv>ALM CREDIT EURO ISR RA</ns0:nomProfilInv>
                            <ns0:txRepartitionProfilInv>0.27902324</ns0:txRepartitionProfilInv>
                            <ns0:indicTxDerogeableProfilInv>false</ns0:indicTxDerogeableProfilInv>
                        </ns0:ProfilInv>
                    </ns0:OccurStructInv>
                    <ns0:OccurStructInv>
                        <ns0:idOccurStructInv>RA226223012000_VL_42_42/007/007_50000054_0004940</ns0:idOccurStructInv>
                        <ns0:idOccurParentStructInv>RA226223012000_VL_42_42/007/007_50000054</ns0:idOccurParentStructInv>
                        <ns0:codeNatureSupportInv>UNICPT</ns0:codeNatureSupportInv>
                        <ns0:libNatureSupportInv>UC</ns0:libNatureSupportInv>
                        <ns0:codeNatureSupportInvSilo>UC</ns0:codeNatureSupportInvSilo>
                        <ns0:libNatureSupportInvSilo>UNITE DE COMPTE</ns0:libNatureSupportInvSilo>
                        <ns0:montantOccurSupportInv>5113.38</ns0:montantOccurSupportInv>
                        <ns0:deviseOccurSupportInv>EUR</ns0:deviseOccurSupportInv>
                        <ns0:SupportInv>
                            <ns0:idSupportInv>0004940</ns0:idSupportInv>
                            <ns0:codeISIN>FR0013459054</ns0:codeISIN>
                            <ns0:nomSupportInv>ALM CREDIT EURO ISR RA</ns0:nomSupportInv>
                            <ns0:codeCategorieFondsSilo>PAC</ns0:codeCategorieFondsSilo>
                            <ns0:libCategorieFondsSilo>OPCVM A TENDANCE ACTIONS</ns0:libCategorieFondsSilo>
                            <ns0:txRepartitionSupportInv>1.0</ns0:txRepartitionSupportInv>
                            <ns0:valeurLiquidativeFond>97.8</ns0:valeurLiquidativeFond>
                            <ns0:dateValeurLiquidative>2020-01-01</ns0:dateValeurLiquidative>
                            <ns0:nbePartFonds>52.284</ns0:nbePartFonds>
                            <ns0:deviseFonds>EUR</ns0:deviseFonds>
                        </ns0:SupportInv>
                    </ns0:OccurStructInv>
                    <ns0:OccurStructInv>
                        <ns0:idOccurStructInv>RA226223012000_VL_42_42/007/007_50000055</ns0:idOccurStructInv>
                        <ns0:idOccurParentStructInv>RA226223012000_VL_42_42/007/007</ns0:idOccurParentStructInv>
                        <ns0:montantOccurSupportInv>3489.08</ns0:montantOccurSupportInv>
                        <ns0:deviseOccurSupportInv>EUR</ns0:deviseOccurSupportInv>
                        <ns0:ProfilInv>
                            <ns0:idProfilInv>50000055</ns0:idProfilInv>
                            <ns0:nomProfilInv>ALM CLASSIC</ns0:nomProfilInv>
                            <ns0:txRepartitionProfilInv>0.19038961</ns0:txRepartitionProfilInv>
                            <ns0:indicTxDerogeableProfilInv>false</ns0:indicTxDerogeableProfilInv>
                        </ns0:ProfilInv>
                    </ns0:OccurStructInv>
                    <ns0:OccurStructInv>
                        <ns0:idOccurStructInv>RA226223012000_VL_42_42/007/007_50000055_0004924</ns0:idOccurStructInv>
                        <ns0:idOccurParentStructInv>RA226223012000_VL_42_42/007/007_50000055</ns0:idOccurParentStructInv>
                        <ns0:codeNatureSupportInv>UNICPT</ns0:codeNatureSupportInv>
                        <ns0:libNatureSupportInv>UC</ns0:libNatureSupportInv>
                        <ns0:codeNatureSupportInvSilo>UC</ns0:codeNatureSupportInvSilo>
                        <ns0:libNatureSupportInvSilo>UNITE DE COMPTE</ns0:libNatureSupportInvSilo>
                        <ns0:montantOccurSupportInv>3489.08</ns0:montantOccurSupportInv>
                        <ns0:deviseOccurSupportInv>EUR</ns0:deviseOccurSupportInv>
                        <ns0:SupportInv>
                            <ns0:idSupportInv>0004924</ns0:idSupportInv>
                            <ns0:codeISIN>FR0007025192</ns0:codeISIN>
                            <ns0:nomSupportInv>ALM CLASSIC</ns0:nomSupportInv>
                            <ns0:codeCategorieFondsSilo>FDF</ns0:codeCategorieFondsSilo>
                            <ns0:libCategorieFondsSilo>FONDS DE FONDS</ns0:libCategorieFondsSilo>
                            <ns0:txRepartitionSupportInv>1.0</ns0:txRepartitionSupportInv>
                            <ns0:valeurLiquidativeFond>315.52</ns0:valeurLiquidativeFond>
                            <ns0:dateValeurLiquidative>2020-01-01</ns0:dateValeurLiquidative>
                            <ns0:nbePartFonds>11.0582</ns0:nbePartFonds>
                            <ns0:deviseFonds>EUR</ns0:deviseFonds>
                        </ns0:SupportInv>
                    </ns0:OccurStructInv>
                </ns0:StructInv>
            </ns0:CalculerEncoursContratFunc>
        </ns0:CalculerEncoursContratResponse>
    </SOAP-ENV:Body>
</SOAP-ENV:Envelope>
