<?xml version="1.0" encoding="UTF-8"?>

<beans xmlns="http://www.springframework.org/schema/beans" xmlns:xsi="http://www.w3.org/2001/XMLSchema-instance"
       xsi:schemaLocation="http://www.springframework.org/schema/beans http://www.springframework.org/schema/beans/spring-beans.xsd
       http://www.springframework.org/schema/context http://www.springframework.org/schema/context/spring-context.xsd 
       http://www.springframework.org/schema/util http://www.springframework.org/schema/util/spring-util.xsd"
       xmlns:context="http://www.springframework.org/schema/context" xmlns:util="http://www.springframework.org/schema/util">

    <!-- ce fichier contient les jeux donnees pour la page de supervision qui teste les différents
        composants du projet -->

    <bean class="fr.ag2rlamondiale.trm.supervision.UserTestManager">
        <constructor-arg name="idGdi" value="4gmaqn"/>
        <constructor-arg name="numeroEre" value="P1086848"/>
    </bean>

    <!-- rechercher Personne physique -->
    <bean id="requetePersonnePhysiqueTest" class="fr.ag2rlamondiale.trm.domain.personne.RequetePersonnePhysique">
        <property name="numeroPersonneEre" value="P3898519"/>
    </bean>

    <!-- rechercher contrat general -->
    <bean id="rechercherContratsDtoTest" class="fr.ag2rlamondiale.trm.domain.contrat.dto.RechercherContratsDto">
        <property name="personId" value="P1086848"/>
        <property name="codeSilo" value="ERE"/>
    </bean>

    <bean id="consulterContratGeneralesDtoTest" class="fr.ag2rlamondiale.trm.domain.contrat.ConsulterContratGeneralesDto">
        <property name="idContrat" value="RG112135977"/>
        <property name="codeSilo" value="ERE"/>
    </bean>

    <!-- Consulter compte general -->
    <bean id="consulterCompteGeneralesEREDtoTest" class="fr.ag2rlamondiale.trm.domain.compte.ConsulterCompteGeneralesEREDto">
        <property name="idAssure" value="63721"/>
    </bean>

    <!-- Consulter contrat technique -->
    <bean id="consulterContratTechniquesDtoTest" class="fr.ag2rlamondiale.trm.domain.contrat.ConsulterContratTechniquesDto">
        <property name="idContrat" value="RG112135977"/>
        <property name="codeSilo" value="ERE"/>
    </bean>

    <bean id="calculerEncoursContratDtoTest" class="fr.ag2rlamondiale.trm.domain.encours.CalculerEncoursContratDto">
        <property name="idContrat" value="RG112135977"/>
        <property name="codeSiloType" value="ERE"/>
    </bean>

    <!-- rechercher Dem Front -->
    <bean id="rechDemFrontTest" class="fr.ag2rlamondiale.trm.domain.workflow.lecture.RechDemFront">
        <property name="idPers" value="P3898519"/>
    </bean>

    <bean id="consultDemFrontTest" class="fr.ag2rlamondiale.trm.domain.workflow.lecture.ConsultDemFront">
        <property name="idDemATC">
            <bean class="fr.ag2rlamondiale.trm.domain.workflow.IdDemSilo">
                <property name="idSilo" value="302395"/>
                <property name="codeAppli" value="A0411"/>
                <property name="codeSysInfo" value="ERE"/>
            </bean>
        </property>
    </bean>

    <!-- rechercher Echeancier -->
    <bean id="rechercherEcheanciersDtoTest" class="fr.ag2rlamondiale.trm.domain.echeancier.RechercherEcheanciersDto">
        <property name="idAssure" value="63721"/>
        <property name="codeSiloType" value="ERE"/>
    </bean>

    <bean id="consulterEcheancierDtoTest" class="fr.ag2rlamondiale.trm.domain.echeancier.ConsulterEcheancierDto">
        <property name="idEcheancier" value="20206"/>
        <property name="idAssure" value="343742"/>
        <property name="codeSiloType" value="ERE"/>
    </bean>

    <!-- Rechercher Operation -->
    <bean id="rechercherOperationsDtoTest" class="fr.ag2rlamondiale.trm.domain.operation.RechercherOperationsDto">
        <property name="idAssure" value="63721"/>
        <property name="codeSiloType" value="ERE"/>
    </bean>


    <!-- rechercher doc GED -->
    <bean id="rechDocGEDDtoTest" class="fr.ag2rlamondiale.trm.domain.documentation.ged.RechDocGEDDto">
        <property name="tokenPFS" value="3F84F4BE9E4FE866130100B6D9D054C7"/>
        <property name="codeSilo" value="ERE"/>
        <property name="criteresRech">
            <bean class="fr.ag2rlamondiale.trm.domain.documentation.ged.CriteresRechDto">
                <property name="numeroDePersonne" value="P3898519"/>
            </bean>
        </property>
    </bean>

    <!-- Consulter doc GED -->
    <bean id="consultDocGEDDtoTest" class="fr.ag2rlamondiale.trm.domain.documentation.ged.ConsultDocGEDDto">
        <property name="tokenPFS" value="3F84F4BE9E4FE866130100B6D9D054C7"/>
        <property name="codeSilo" value="ERE"/>
        <property name="idDocGED" value="{5F368778-073C-43F3-B257-4F4EEF44AE8E}"/>
    </bean>

    <!-- Consulter prop doc GED -->
    <bean id="consultPropDocGEDDtoTest" class="fr.ag2rlamondiale.trm.domain.documentation.ged.ConsultPropDocGEDDto">
        <property name="codeSilo" value="ERE"/>
        <property name="idDocGED" value="{5F368778-073C-43F3-B257-4F4EEF44AE8E}"/>
    </bean>

    <!-- Rechercher doc Sharepoint -->
    <bean id="rechercherDocsReferenceDtoTest" class="fr.ag2rlamondiale.trm.domain.documentation.ref.RechercherDocsReferenceDto">
        <property name="langage" value="SharepointMSSQLFT"/>
        <property name="codeSilo" value="ERE"/>
        <property name="startat" value="1"/>
        <property name="number" value="50"/>
        <property name="requete">
            <bean class="fr.ag2rlamondiale.trm.domain.documentation.ref.QueryDto">
                <property name="select">
                    <bean class="fr.ag2rlamondiale.trm.domain.documentation.ref.SelectDto">
                        <property name="element">
                            <list>
                                <value>Title</value>
                                <value>Size</value>
                                <value>Path</value>
                                <value>Description</value>
                                <value>Rank</value>
                                <value>IsDocument</value>
                                <value>NumContrat</value>
                                <value>CodeTypeDocument</value>
                                <value>ProduitExclusion</value>
                                <value>CategorieDoc</value>
                                <value>Filename</value>
                            </list>
                        </property>
                    </bean>
                </property>
                <property name="from" value="scope()"/>

                <property name="where">
                    <bean class="fr.ag2rlamondiale.trm.domain.documentation.ref.NodeDto">
                        <property name="operand1">
                            <bean class="fr.ag2rlamondiale.trm.domain.documentation.ref.OperandDto">
                                <property name="simpleOperand">
                                    <bean id="simpleOperand" class="fr.ag2rlamondiale.trm.domain.documentation.ref.SimpleOperandDto">
                                        <property name="key" value="CodeTypeDocument"/>
                                        <property name="value">
                                            <list>
                                                <value>GR</value>
                                            </list>
                                        </property>
                                        <property name="type">
                                            <list>
                                                <value/>
                                            </list>
                                        </property>
                                        <property name="function" value="EQUAL"/>
                                    </bean>
                                </property>
                            </bean>
                        </property>
                    </bean>
                </property>
            </bean>
        </property>
    </bean>

    <!-- Consulter Doc Sharepoint -->
    <bean id="consulterDocsSharepointDtoTest" class="fr.ag2rlamondiale.trm.supervision.documents.ConsulterDocsSharepointDto">
        <property name="codeSilo" value="ERE"/>
        <property name="url" value="http://gesdoc-ru.appli/centrepdf/Bibliothque de stockage des PDFs DERE/AG2R-LA-MONDIALE-guide-réforme-retraites-ari.pdf"/>
    </bean>



    <!--    &lt;!&ndash; consulter personne physique &ndash;&gt;-->
    <!--    <bean id="consulterPPTest" class="fr.ag2rlamondiale.ere.ws.shared.dto.pp.IdSiloDto">-->
    <!--        <property name="libIdPersonne" value="P3898519"></property>-->
    <!--        <property name="codeAppli" value="A0499"></property>-->
    <!--        <property name="codeSysInfo" value="ERE"></property>-->
    <!--    </bean>-->


    <!--	&lt;!&ndash; demandeRechercherCoefSimulRenteTest &ndash;&gt;-->
    <!--	<bean id="demandeRechercherCoefSimulRenteTest" class="fr.ag2rlamondiale.ere.ws.shared.dto.DemandeRechercherCoefSimulRente">-->
    <!--		<property name="sexe" value="M"></property>-->
    <!--		<property name="idContrat" value="RG132928703"></property>-->
    <!--		<property name="codeFiliale" value="ARI"></property>-->
    <!--		<property name="typeContrat" value="RG01"></property>-->
    <!--		<property name="numContrat" value="001"></property>-->
    <!--		<property name="codeFractionnement" value="T"></property>-->
    <!--		<property name="codeTypePaiement" value="ECH"></property>-->
    <!--		<property name="datesDepartRetraite" ref="datesDepartRetraite"></property>-->
    <!--		<property name="dateNaissance" ref="dateNaissance"></property>-->
    <!--		<property name="tarifs" ref="tarifsList"></property>-->
    <!--	</bean>-->

    <!--	<bean id="dateFormat" class="java.text.SimpleDateFormat">-->
    <!--		<constructor-arg value="yyyy-MM-dd" />-->
    <!--	</bean>-->

    <!--	<bean id="dateNaissance" factory-bean="dateFormat" factory-method="parse">-->
    <!--		<constructor-arg value="1962-07-13" />-->
    <!--	</bean>-->
    <!--	<bean id="datesDepartRetraite" factory-bean="dateFormat" factory-method="parse">-->
    <!--		<constructor-arg value="2027-07-31" />-->
    <!--	</bean>-->
    <!--	<bean id="tarif1" class="fr.ag2rlamondiale.ere.ws.shared.dto.Tarif">-->
    <!--        <property name="tauxFraisRente" value="0.03"/>-->
    <!--        <property name="tauxTechRestitution" value="0.0125"/>-->
    <!--        <property name="codeTableMortaliteRestit" value="5"/>-->
    <!--	</bean>-->

    <!--	<util:list id="tarifsList">-->
    <!--		<ref bean="tarif1" />-->
    <!--	</util:list>-->

    <!--	&lt;!&ndash; Fin &ndash;&gt;-->

    <!--	&lt;!&ndash; demandegarantiescontrat &ndash;&gt;-->
    <!--	<bean id="demandeGarantiesContratTest" class="fr.ag2rlamondiale.ere.ws.shared.dto.DemandeGarantiesContrat">-->
    <!--		<property name="id" value="RG112135977"></property>-->
    <!--	</bean>-->
    <!--	&lt;!&ndash; fin &ndash;&gt;-->

    <!--	&lt;!&ndash; Jahia test data &ndash;&gt;-->
    <!--	<bean id="jahiaTest" class="java.util.HashMap">-->
    <!--		<constructor-arg>-->
    <!--			<map key-type="java.lang.String" value-type="java.lang.String">-->
    <!--				<entry key="url"-->
    <!--					value="${ere.easigate.url}JahiaServlet?tagsesigate=ere.supervision.blocTechnique" />-->
    <!--				<entry key="content" value="up" />-->
    <!--			</map>-->
    <!--		</constructor-arg>-->
    <!--	</bean>-->

    <!--	&lt;!&ndash; rechercher assure contrat &ndash;&gt;-->
    <!--	<bean id="rechercherAssuresTest" class="fr.ag2rlamondiale.ere.ws.shared.dto.rechercherassures.RechercherAssuresIn">-->
    <!--		<property name="numContrat" value="RG112135977"></property>-->
    <!--		<property name="codeSituationAffil" value="AFBIA"></property>-->
    <!--		<property name="typePersonne" value="1"></property>-->
    <!--		<property name="seuilEchantillon" value="100"></property>-->
    <!--	</bean>-->
    <!--	&lt;!&ndash; fin &ndash;&gt;-->

    <!--	&lt;!&ndash; rechercher contrats &ndash;&gt;-->
    <!--	<bean id="demandeRechercheContratsTest" class="fr.ag2rlamondiale.ere.ws.shared.dto.DemandeRechercheContrats">-->
    <!--		<property name="personId" value="P3898519"></property>-->
    <!--	</bean>-->
    <!--	&lt;!&ndash; fin &ndash;&gt;-->

    <!--	&lt;!&ndash; NaviguerClientsContrats 2.4 &ndash;&gt;-->
    <!--	&lt;!&ndash; P0802026 = 5qkpcx &ndash;&gt;-->
    <!--	<bean id="naviguerClientsContratsTest" class="java.lang.String">-->
    <!--		<constructor-arg value="P0802026" />-->
    <!--	</bean>-->
    <!--	&lt;!&ndash; fin &ndash;&gt;-->

    <!--	&lt;!&ndash; consulter contrat technique &ndash;&gt;-->
    <!--	<bean id="consulterContratTechniqueTest" class="java.lang.String">-->
    <!--		<constructor-arg value="RG112135977" />-->
    <!--	</bean>-->
    <!--	&lt;!&ndash; fin &ndash;&gt;-->

    <!--	&lt;!&ndash; ConsulterStructInvContrat &ndash;&gt;-->
    <!--	<bean id="consulterStructInvContratTest" class="java.lang.String">-->
    <!--		<constructor-arg value="RG112135977" />-->
    <!--	</bean>-->
    <!--	&lt;!&ndash; fin &ndash;&gt;-->

    <!--	&lt;!&ndash; ConsulterStructInvContrat &ndash;&gt;-->
    <!--	<bean id="periode" class="fr.ag2rlamondiale.ere.ws.shared.dto.SupportPeriodicite"-->
    <!--		factory-method="valueOf">-->
    <!--		<constructor-arg>-->
    <!--			<value>MENSUELLE</value>-->
    <!--		</constructor-arg>-->
    <!--	</bean>-->
    <!--	<bean id="recheValeurLiquidSupportParamsTest"-->
    <!--		class="fr.ag2rlamondiale.ere.ws.shared.dto.RechercherValeurLiquidativeSupportParams">-->
    <!--        <property name="codeIsin" value="NL0006354813"/>-->
    <!--        <property name="periode" ref="periode"/>-->
    <!--	</bean>-->
    <!--	&lt;!&ndash; fin &ndash;&gt;-->

    <!--	&lt;!&ndash; consulter compte general &ndash;&gt;-->
    <!--	<bean id="demandeCompteGeneralTest" class="fr.ag2rlamondiale.ere.ws.shared.dto.DemandeCompteGeneral">-->
    <!--        <property name="numeroAssure" value="63721"/>-->
    <!--	</bean>-->

    <!--	&lt;!&ndash; consulter compte encours &ndash;&gt;-->
    <!--	<bean id="demandeCompteEncoursTest" class="fr.ag2rlamondiale.ere.ws.shared.dto.DemandeCompteEncours">-->
    <!--        <property name="idAssure" value="63721"/>-->
    <!--	</bean>-->

    <!--	&lt;!&ndash; rechercher Echeancier &ndash;&gt;-->
    <!--	<bean id="rechercherEcheanciersTest" class="fr.ag2rlamondiale.ere.ws.shared.dto.DemandeRechercherOperationOuEcheancier">-->
    <!--		<property name="idAssure" value="63721"></property>-->
    <!--	</bean>-->

    <!--	&lt;!&ndash; consulter Echeancier &ndash;&gt;-->
    <!--	<bean id="consulterEcheanciersTest" class="fr.ag2rlamondiale.ere.ws.shared.dto.DemandeDetailEcheancier">-->
    <!--		<property name="idAssure" value="343742"></property>-->
    <!--		<property name="idEcheancier" value="20206"></property>-->
    <!--	</bean>-->

    <!--	&lt;!&ndash; rechercher Operations &ndash;&gt;-->
    <!--	<bean id="rechercherOperationsTest" class="fr.ag2rlamondiale.ere.ws.shared.dto.DemandeRechercherOperationOuEcheancier">-->
    <!--		<property name="idAssure" value="63721"></property>-->
    <!--	</bean>-->

    <!--	&lt;!&ndash; consulter operation &ndash;&gt;-->
    <!--	<bean id="consulterOperationTest" class="fr.ag2rlamondiale.ere.ws.shared.dto.IdDansSiloDto">-->
    <!--		&lt;!&ndash; <constructor-arg value="60860695" /> DEV &ndash;&gt;-->
    <!--		<constructor-arg value="81124969" /> &lt;!&ndash; CK &ndash;&gt;-->
    <!--		<constructor-arg value="ERE" />-->
    <!--	</bean>-->
    <!--	&lt;!&ndash; rechercher doc GED &ndash;&gt;-->
    <!--	<bean id="criteresRech" class="fr.ag2rlamondiale.ere.ws.shared.dto.doc.ged.CriteresRechDto">-->
    <!--		<property name="numeroDePersonne" value="P3898519"></property>-->
    <!--	</bean>-->
    <!--	<bean id="rechercherDocGedTest" class="fr.ag2rlamondiale.ere.ws.shared.dto.doc.ged.RechDocGEDDto">-->
    <!--		<property name="TokenPFS" value="3F84F4BE9E4FE866130100B6D9D054C7"></property>-->
    <!--		<property name="CodeSiloGED" value="ERE"></property>-->
    <!--		<property name="criteresRech" ref="criteresRech"></property>-->
    <!--	</bean>-->
    <!--	&lt;!&ndash; Consulter doc ged &ndash;&gt;-->
    <!--	<bean id="consulterDocGedTest" class="fr.ag2rlamondiale.ere.ws.shared.dto.doc.ged.ConsultDocGEDDto">-->
    <!--		<property name="tokenPFS" value="3F84F4BE9E4FE866130100B6D9D054C7"></property>-->
    <!--		<property name="idDocGED" value="{5F368778-073C-43F3-B257-4F4EEF44AE8E}"></property>-->
    <!--		<property name="codeSiloGED" value="ERE"></property>-->
    <!--	</bean>-->
    <!--	&lt;!&ndash; rechercher doc ref &ndash;&gt;-->
    <!--	<bean id="simpleOperand" class="fr.ag2rlamondiale.ere.ws.shared.dto.doc.SimpleOperandDto">-->
    <!--		<property name="key" value="CodeTypeDocument"></property>-->
    <!--		<property name="value">-->
    <!--			<list>-->
    <!--				<value>GR</value>-->
    <!--			</list>-->
    <!--		</property>-->
    <!--		<property name="type">-->
    <!--			<list>-->
    <!--				<value></value>-->
    <!--			</list>-->
    <!--		</property>-->

    <!--		<property name="function" value="EQUAL"></property>-->

    <!--	</bean>-->
    <!--	<bean id="operand1" class="fr.ag2rlamondiale.ere.ws.shared.dto.doc.OperandDto">-->
    <!--		<property name="simpleOperand" ref="simpleOperand"></property>-->
    <!--	</bean>-->
    <!--	<bean id="where" class="fr.ag2rlamondiale.ere.ws.shared.dto.doc.NodeDto">-->
    <!--		<property name="operand1" ref="operand1"></property>-->
    <!--	</bean>-->
    <!--	<bean id="select" class="fr.ag2rlamondiale.ere.ws.shared.dto.doc.SelectDto">-->
    <!--		<property name="element">-->
    <!--			<list>-->
    <!--				<value>Title</value>-->
    <!--				<value>Size</value>-->
    <!--				<value>Path</value>-->
    <!--				<value>Description</value>-->
    <!--				<value>Rank</value>-->
    <!--				<value>IsDocument</value>-->
    <!--				<value>NumContrat</value>-->
    <!--				<value>CodeTypeDocument</value>-->
    <!--				<value>ProduitExclusion</value>-->
    <!--				<value>CategorieDoc</value>-->
    <!--				<value>Filename</value>-->
    <!--			</list>-->
    <!--		</property>-->
    <!--	</bean>-->

    <!--	<bean id="requete" class="fr.ag2rlamondiale.ere.ws.shared.dto.doc.QueryDto">-->
    <!--		<property name="select" ref="select"></property>-->
    <!--		<property name="from" value="scope()"></property>-->
    <!--		<property name="where" ref="where"></property>-->
    <!--	</bean>-->
    <!--	<bean id="rechercherDocRefTest" class="fr.ag2rlamondiale.ere.ws.shared.dto.doc.RechercherDocsReferenceDto">-->
    <!--		<property name="langage" value="SharepointMSSQLFT"></property>-->
    <!--		<property name="startat" value="1"></property>-->
    <!--		<property name="number" value="50"></property>-->
    <!--		<property name="requete" ref="requete"></property>-->

    <!--	</bean>-->

    <!--	&lt;!&ndash; consulter doc ref &ndash;&gt;-->
    <!--	<bean id="consulterDocRefTest" class="java.lang.String">-->
    <!--		<constructor-arg-->
    <!--			value="http://gesdoc-ru.appli/centrepdf/Bibliothque de stockage des PDFs DERE/AG2R-LA-MONDIALE-guide-réforme-retraites-ari.pdf" />-->
    <!--	</bean>-->

    <!--	&lt;!&ndash; controle adresse &ndash;&gt;-->
    <!--	<bean id="adressePostaleDto" class="fr.ag2rlamondiale.ere.ws.shared.dto.postale.AdressePostaleDto">-->
    <!--		<property name="adrLigne2" value="18 BD DE L EUROPE"></property>-->
    <!--		<property name="adrLigne3" value="4EME ETAGE"></property>-->
    <!--		<property name="adrLigne4" value="APPARTEMENT D"></property>-->
    <!--		<property name="codePostal" value="95300"></property>-->
    <!--		<property name="libCommune" value="Pontoisex"></property>		-->
    <!--		<property name="codePaysIso" value="FRA"></property>		-->
    <!--	</bean>-->
    <!--	<bean id="controlerAdressePostaleTest"-->
    <!--		class="fr.ag2rlamondiale.ere.ws.shared.dto.postale.ControlerAdrPstRNVPIn">-->
    <!--		<property name="adrPostale" ref="adressePostaleDto"></property>-->
    <!--		<property name="indAdrInternat" value="false"></property>-->
    <!--		<property name="indModeFormat" value="true"></property>-->
    <!--		<property name="indNorme38" value="true"></property>-->
    <!--		<property name="nbResults" value="5"></property>-->
    <!--	</bean>-->
    <!--	&lt;!&ndash; rechercher Dem Front &ndash;&gt;-->
    <!--	<bean id="rechDemFrontTest" class="fr.ag2rlamondiale.ere.ws.shared.dto.workflow.RechDemFront">-->
    <!--		<property name="idPers" value="P3898519"></property>-->
    <!--	</bean>-->
    <!--	&lt;!&ndash; Consult Dem Front &ndash;&gt;-->
    <!--	<bean id="idDemSiloCourt" class="fr.ag2rlamondiale.ere.ws.shared.dto.workflow.IdDemSiloCourt">-->
    <!--		<property name="idSilo" value="302395"></property>-->
    <!--		<property name="codeAppli" value="A0252"></property>-->
    <!--		<property name="codeSysInfo" value="ERE"></property>-->
    <!--	</bean>-->
    <!--	<bean id="consultDemFrontTest" class="fr.ag2rlamondiale.ere.ws.shared.dto.workflow.ConsultDemFront">-->
    <!--		<property name="idDemATC" value="302395"></property>-->
    <!--	</bean>-->
    <!--	&lt;!&ndash; getIdentity &ndash;&gt;-->
    <!--	<bean id="getIdentityGDITest" class="java.lang.String">-->
    <!--		<constructor-arg value="5qkpcx" />-->
    <!--	</bean>-->

    <!--	&lt;!&ndash;Modifier PP &ndash;&gt;-->
    <!--	<bean id="modifierPPTest" class="fr.ag2rlamondiale.ere.ws.shared.dto.PersonPhysique">-->
    <!--		<property name="id" value="T9999999"></property>-->
    <!--		<property name="telPersonnel" value="0000000000"></property>-->
    <!--	</bean>-->
    <!--	&lt;!&ndash; recevoirDemOpContratTest &ndash;&gt;-->
    <!--	<bean id="personneDTO" class="fr.ag2rlamondiale.ere.ws.shared.dto.PersonneXDTO">-->
    <!--		<property name="id" value="T9999999"></property>-->
    <!--	</bean>-->
    <!--	<bean id="recevoirDemOpContratTest" class="fr.ag2rlamondiale.ere.ws.shared.dto.ContactFormulaireDTO">-->
    <!--		&lt;!&ndash; la valeur 4 correspond à <rec:operationDemande>TST</rec:operationDemande> &ndash;&gt;-->
    <!--		<property name="requestMotifCode" value="1"></property>-->
    <!--		&lt;!&ndash; <rec:IdContratSilo> <rec:idSilo>TT999999999</rec:idSilo> <rec:codeAppli>A0252</rec:codeAppli> -->
    <!--			deja gérer <rec:codeSysInfo>ERE</rec:codeSysInfo> dejà gerer </rec:IdContratSilo> &ndash;&gt;-->
    <!--		<property name="contractId" value="TT999999999"></property>-->
    <!--		&lt;!&ndash;<rec:idPers>T9999999</rec:idPers> &ndash;&gt;-->
    <!--		<property name="personneDTO" ref="personneDTO"></property>-->
    <!--		&lt;!&ndash;<rec:IdDemSilo> <rec:idSilo>TST</rec:idSilo> idDemande <rec:codeAppli>A0252</rec:codeAppli> -->
    <!--			<rec:codeSysInfo>ERE</rec:codeSysInfo> </rec:IdDemSilo> &ndash;&gt;-->
    <!--		<property name="idSiloIncr" value="TST"></property>-->

    <!--	</bean>-->

    <!--	&lt;!&ndash; creerDemandeComTest &ndash;&gt;-->
    <!--	<util:list id="adressesMail" value-type="java.lang.String">-->
    <!--		<value>Recette.EXTRANETARIAL@ag2rlamondiale.fr</value>-->
    <!--	</util:list>-->
    <!--	<bean id="creerDemandeComTest" class="fr.ag2rlamondiale.ere.ws.shared.dto.communication.DemandeNotificationMail">-->
    <!--		<property name="adressesMail" ref="adressesMail"></property>-->
    <!--		<property name="contenu" value="CreerDemandeCom Test success"></property>-->
    <!--		<property name="objetMail" value="CreerDemandeCom Test"></property>-->
    <!--		<property name="canal" value="EXTERNE"></property>-->
    <!--		<property name="refDoc" value="FMAPERSO"></property>-->
    <!--		<property name="idDemandeMetier" value="MAIL_NOTIFICATION_MODIFICATION_DONNEES_ERE"></property>-->
    <!--		<property name="nom" value="NOM"></property>-->
    <!--		<property name="prenom" value="Prenom"></property>-->
    <!--		<property name="civilite" value="MME"></property>-->
    <!--		<property name="filiale" value="ARI"></property>-->
    <!--	</bean>-->

    <!--	&lt;!&ndash; rechercherMandatTest &ndash;&gt;-->
    <!--	&lt;!&ndash; pj7qep / P3844810 &ndash;&gt;-->
    <!--	<bean id="rechercherMandatTest" class="fr.ag2rlamondiale.ere.ws.shared.dto.mandat.RechercherMandatCriteres">-->
    <!--		<property name="codeAssureur" value="ARI"></property>-->
    <!--		<property name="numeroMandat" value="RG151715275P384481013022017"></property>-->
    <!--	</bean>-->

    <!--	&lt;!&ndash; antivirusServiceTest &ndash;&gt;-->
    <!--	<bean id="antivirusNegativeServiceTest" class="fr.ag2rlamondiale.ere.ws.shared.dto.antivirus.AntivirusRequestDto">-->
    <!--		<property name="filename" value="test-KO.txt"></property>-->
    <!--		<property name="content" value="test"></property>-->
    <!--	</bean>-->
    <!--	&lt;!&ndash; https://fr.wikipedia.org/wiki/Fichier_de_test_Eicar &ndash;&gt;-->
    <!--	<bean id="antivirusPositiveServiceTest" class="fr.ag2rlamondiale.ere.ws.shared.dto.antivirus.AntivirusRequestDto">-->
    <!--		<property name="filename" value="eicar.com"></property>-->
    <!--		<property name="content"-->
    <!--			value="X5O!P%@AP[4\PZX54(P^)7CC)7}$EICAR-STANDARD-ANTIVIRUS-TEST-FILE!$H+H*"></property>-->
    <!--	</bean>-->

    <!--	<bean id="envoyerDocSigElecTest"-->
    <!--		class="fr.ag2rlamondiale.ere.ws.shared.dto.sigelec.DocumentsPourSignatureElectroniqueIn">-->
    <!--		<property name="codeApplicationEmettrice" value="A1324"></property>-->
    <!--		<property name="identifiantDemandeExtranet" value="TST"></property>-->
    <!--		<property name="langage" value="fr"></property>-->
    <!--		<property name="description" value="Demande de signature electronique depuis extranet - TST"></property>-->
    <!--	</bean>-->
</beans>
