<?xml version="1.0" encoding="UTF-8"?>
<SOAP-ENV:Envelope xmlns:SOAP-ENV="http://schemas.xmlsoap.org/soap/envelope/">
    <SOAP-ENV:Header>
        <ns:WSResponseMetaInfo xmlns:xs="http://www.w3.org/2001/XMLSchema"
                               xmlns:xsi="http://www.w3.org/2001/XMLSchema-instance"
                               xmlns:ns="http://www.fmk.com/ESB/Framework/ESBTechPivotSchema"
                               xmlns:ns0="http://schemas.xmlsoap.org/soap/envelope/">
            <ns:FuncFault>
                <ns1:ErreurInfos xmlns:ns1="http://context.shared.wof.unilog.com/tibco">
                    <ns1:CodeErreur>A0443-FUNC-CALL-TUXEDO</ns1:CodeErreur>
                    <ns1:MessageErreur>[A0443] Erreur renvoyée par le Service Applicatif Gestion 8X : ERR_10011 ; ERREUR
                        LECTURE TABLE PARAMETRE(J2EE)
                    </ns1:MessageErreur>
                </ns1:ErreurInfos>
            </ns:FuncFault>
            <ns:BusinessHeader>
                <ns:Domain/>
            </ns:BusinessHeader>
        </ns:WSResponseMetaInfo>
    </SOAP-ENV:Header>
    <SOAP-ENV:Body>
        <ns0:ConsulterStructInvResponse xmlns:ns0="http://www.alm.com/esb/service/GestInfoFin_1/ConsulterStructInv_3"/>
    </SOAP-ENV:Body>
</SOAP-ENV:Envelope>
