<SOAP-ENV:Envelope xmlns:SOAP-ENV="http://schemas.xmlsoap.org/soap/envelope/"><SOAP-ENV:Header><ns:WSResponseMetaInfo xmlns:ns="http://www.fmk.com/ESB/Framework/ESBTechPivotSchema" xmlns:ns0="http://schemas.xmlsoap.org/soap/envelope/" xmlns:xs="http://www.w3.org/2001/XMLSchema" xmlns:xsi="http://www.w3.org/2001/XMLSchema-instance" xmlns:SOAP-ENV="http://schemas.xmlsoap.org/soap/envelope/"><ns:FuncFault/><ns:BusinessHeader/></ns:WSResponseMetaInfo></SOAP-ENV:Header><SOAP-ENV:Body><ns0:ConsulterStructInvResponse xmlns:ns0="http://www.alm.com/esb/service/GestInfoFin_1/ConsulterStructInv_3"><ns0:ConsulterStructInvFunc><ns0:StructInv><ns0:IdentificationStructInv><ns0:idStructInv>SF_517673</ns0:idStructInv></ns0:IdentificationStructInv><ns0:OccStructInv><ns0:idOccStructInv>SF_517667</ns0:idOccStructInv><ns0:idOccParentStructInv>SF_517675</ns0:idOccParentStructInv><ns0:codeModeGestionInv>LIBRE</ns0:codeModeGestionInv><ns0:libModeGestionInv>Gestion libre</ns0:libModeGestionInv><ns0:codeModeGestionInvSilo>GL</ns0:codeModeGestionInvSilo><ns0:libModeGestionInvSilo>Gestion libre</ns0:libModeGestionInvSilo><ns0:codeNatureSupportInv>FDSGES</ns0:codeNatureSupportInv><ns0:libNatureSupportInv>Fonds Euro</ns0:libNatureSupportInv><ns0:codeNatureSupportInvSilo>FG</ns0:codeNatureSupportInvSilo><ns0:libNatureSupportInvSilo>Fond en Devises</ns0:libNatureSupportInvSilo><ns0:ProfilInv><ns0:idProfilInv>212</ns0:idProfilInv><ns0:nomProfilInv>Actif en euros</ns0:nomProfilInv><ns0:tauxRepartitionProfilInv>1.0</ns0:tauxRepartitionProfilInv><ns0:indicateurTauxDerogeableProfilInv>false</ns0:indicateurTauxDerogeableProfilInv><ns0:tauxRepartitionProfilInvDefaut>0.0</ns0:tauxRepartitionProfilInvDefaut></ns0:ProfilInv></ns0:OccStructInv><ns0:OccStructInv><ns0:idOccStructInv>SF_517668</ns0:idOccStructInv><ns0:idOccParentStructInv>SF_517675</ns0:idOccParentStructInv><ns0:codeModeGestionInv>LIBRE</ns0:codeModeGestionInv><ns0:libModeGestionInv>Gestion libre</ns0:libModeGestionInv><ns0:codeModeGestionInvSilo>GL</ns0:codeModeGestionInvSilo><ns0:libModeGestionInvSilo>Gestion libre</ns0:libModeGestionInvSilo><ns0:codeNatureSupportInv>FDSGES</ns0:codeNatureSupportInv><ns0:libNatureSupportInv>Fonds Euro</ns0:libNatureSupportInv><ns0:codeNatureSupportInvSilo>FG</ns0:codeNatureSupportInvSilo><ns0:libNatureSupportInvSilo>Fond en Devises</ns0:libNatureSupportInvSilo><ns0:ProfilInv><ns0:idProfilInv>238</ns0:idProfilInv><ns0:nomProfilInv>Fonds club 2</ns0:nomProfilInv><ns0:tauxRepartitionProfilInv>1.0</ns0:tauxRepartitionProfilInv><ns0:indicateurTauxDerogeableProfilInv>false</ns0:indicateurTauxDerogeableProfilInv><ns0:tauxRepartitionProfilInvDefaut>0.0</ns0:tauxRepartitionProfilInvDefaut></ns0:ProfilInv></ns0:OccStructInv><ns0:OccStructInv><ns0:idOccStructInv>SF_517669</ns0:idOccStructInv><ns0:idOccParentStructInv>SF_517675</ns0:idOccParentStructInv><ns0:codeModeGestionInv>LIBRE</ns0:codeModeGestionInv><ns0:libModeGestionInv>Gestion libre</ns0:libModeGestionInv><ns0:codeModeGestionInvSilo>GL</ns0:codeModeGestionInvSilo><ns0:libModeGestionInvSilo>Gestion libre</ns0:libModeGestionInvSilo><ns0:codeNatureSupportInv>FDSGES</ns0:codeNatureSupportInv><ns0:libNatureSupportInv>Fonds Euro</ns0:libNatureSupportInv><ns0:codeNatureSupportInvSilo>FG</ns0:codeNatureSupportInvSilo><ns0:libNatureSupportInvSilo>Fond en Devises</ns0:libNatureSupportInvSilo><ns0:ProfilInv><ns0:idProfilInv>237</ns0:idProfilInv><ns0:nomProfilInv>Fonds club 3</ns0:nomProfilInv><ns0:tauxRepartitionProfilInv>1.0</ns0:tauxRepartitionProfilInv><ns0:indicateurTauxDerogeableProfilInv>false</ns0:indicateurTauxDerogeableProfilInv><ns0:tauxRepartitionProfilInvDefaut>0.0</ns0:tauxRepartitionProfilInvDefaut></ns0:ProfilInv></ns0:OccStructInv><ns0:OccStructInv><ns0:idOccStructInv>SF_517691</ns0:idOccStructInv><ns0:idOccParentStructInv>SF_517675</ns0:idOccParentStructInv><ns0:codeModeGestionInv>PILHRZ</ns0:codeModeGestionInv><ns0:libModeGestionInv>Gestion pilotée horizon</ns0:libModeGestionInv><ns0:codeModeGestionInvSilo>GP</ns0:codeModeGestionInvSilo><ns0:libModeGestionInvSilo>Gestion pilotée</ns0:libModeGestionInvSilo><ns0:codeNatureSupportInv>FDSGES</ns0:codeNatureSupportInv><ns0:libNatureSupportInv>Fonds Euro</ns0:libNatureSupportInv><ns0:codeNatureSupportInvSilo>FG</ns0:codeNatureSupportInvSilo><ns0:libNatureSupportInvSilo>Fond en Devises</ns0:libNatureSupportInvSilo><ns0:GrilleInv><ns0:idGrilleInv>15</ns0:idGrilleInv><ns0:nomGrilleInv>Grille Fonds club ( -4 à 9 ans)</ns0:nomGrilleInv><ns0:tauxRepartitionGrilleInv>1.0</ns0:tauxRepartitionGrilleInv><ns0:indicateurTauxDerogeableGrilleInv>false</ns0:indicateurTauxDerogeableGrilleInv><ns0:tauxRepartitionGrilleInvDefaut>1.0</ns0:tauxRepartitionGrilleInvDefaut></ns0:GrilleInv></ns0:OccStructInv><ns0:OccStructInv><ns0:idOccStructInv>SF_517661</ns0:idOccStructInv><ns0:idOccParentStructInv>SF_517674</ns0:idOccParentStructInv><ns0:codeModeGestionInv>LIBRE</ns0:codeModeGestionInv><ns0:libModeGestionInv>Gestion libre</ns0:libModeGestionInv><ns0:codeModeGestionInvSilo>GL</ns0:codeModeGestionInvSilo><ns0:libModeGestionInvSilo>Gestion libre</ns0:libModeGestionInvSilo><ns0:codeNatureSupportInv>FDSGES</ns0:codeNatureSupportInv><ns0:libNatureSupportInv>Fonds Euro</ns0:libNatureSupportInv><ns0:codeNatureSupportInvSilo>FG</ns0:codeNatureSupportInvSilo><ns0:libNatureSupportInvSilo>Fond en Devises</ns0:libNatureSupportInvSilo><ns0:ProfilInv><ns0:idProfilInv>212</ns0:idProfilInv><ns0:nomProfilInv>Actif en euros</ns0:nomProfilInv><ns0:tauxRepartitionProfilInv>1.0</ns0:tauxRepartitionProfilInv><ns0:indicateurTauxDerogeableProfilInv>false</ns0:indicateurTauxDerogeableProfilInv><ns0:tauxRepartitionProfilInvDefaut>0.0</ns0:tauxRepartitionProfilInvDefaut></ns0:ProfilInv></ns0:OccStructInv><ns0:OccStructInv><ns0:idOccStructInv>SF_517662</ns0:idOccStructInv><ns0:idOccParentStructInv>SF_517674</ns0:idOccParentStructInv><ns0:codeModeGestionInv>LIBRE</ns0:codeModeGestionInv><ns0:libModeGestionInv>Gestion libre</ns0:libModeGestionInv><ns0:codeModeGestionInvSilo>GL</ns0:codeModeGestionInvSilo><ns0:libModeGestionInvSilo>Gestion libre</ns0:libModeGestionInvSilo><ns0:codeNatureSupportInv>FDSGES</ns0:codeNatureSupportInv><ns0:libNatureSupportInv>Fonds Euro</ns0:libNatureSupportInv><ns0:codeNatureSupportInvSilo>FG</ns0:codeNatureSupportInvSilo><ns0:libNatureSupportInvSilo>Fond en Devises</ns0:libNatureSupportInvSilo><ns0:ProfilInv><ns0:idProfilInv>238</ns0:idProfilInv><ns0:nomProfilInv>Fonds club 2</ns0:nomProfilInv><ns0:tauxRepartitionProfilInv>1.0</ns0:tauxRepartitionProfilInv><ns0:indicateurTauxDerogeableProfilInv>false</ns0:indicateurTauxDerogeableProfilInv><ns0:tauxRepartitionProfilInvDefaut>0.0</ns0:tauxRepartitionProfilInvDefaut></ns0:ProfilInv></ns0:OccStructInv><ns0:OccStructInv><ns0:idOccStructInv>SF_517663</ns0:idOccStructInv><ns0:idOccParentStructInv>SF_517674</ns0:idOccParentStructInv><ns0:codeModeGestionInv>LIBRE</ns0:codeModeGestionInv><ns0:libModeGestionInv>Gestion libre</ns0:libModeGestionInv><ns0:codeModeGestionInvSilo>GL</ns0:codeModeGestionInvSilo><ns0:libModeGestionInvSilo>Gestion libre</ns0:libModeGestionInvSilo><ns0:codeNatureSupportInv>FDSGES</ns0:codeNatureSupportInv><ns0:libNatureSupportInv>Fonds Euro</ns0:libNatureSupportInv><ns0:codeNatureSupportInvSilo>FG</ns0:codeNatureSupportInvSilo><ns0:libNatureSupportInvSilo>Fond en Devises</ns0:libNatureSupportInvSilo><ns0:ProfilInv><ns0:idProfilInv>237</ns0:idProfilInv><ns0:nomProfilInv>Fonds club 3</ns0:nomProfilInv><ns0:tauxRepartitionProfilInv>1.0</ns0:tauxRepartitionProfilInv><ns0:indicateurTauxDerogeableProfilInv>false</ns0:indicateurTauxDerogeableProfilInv><ns0:tauxRepartitionProfilInvDefaut>0.0</ns0:tauxRepartitionProfilInvDefaut></ns0:ProfilInv></ns0:OccStructInv><ns0:OccStructInv><ns0:idOccStructInv>SF_517690</ns0:idOccStructInv><ns0:idOccParentStructInv>SF_517674</ns0:idOccParentStructInv><ns0:codeModeGestionInv>PILHRZ</ns0:codeModeGestionInv><ns0:libModeGestionInv>Gestion pilotée horizon</ns0:libModeGestionInv><ns0:codeModeGestionInvSilo>GP</ns0:codeModeGestionInvSilo><ns0:libModeGestionInvSilo>Gestion pilotée</ns0:libModeGestionInvSilo><ns0:codeNatureSupportInv>FDSGES</ns0:codeNatureSupportInv><ns0:libNatureSupportInv>Fonds Euro</ns0:libNatureSupportInv><ns0:codeNatureSupportInvSilo>FG</ns0:codeNatureSupportInvSilo><ns0:libNatureSupportInvSilo>Fond en Devises</ns0:libNatureSupportInvSilo><ns0:GrilleInv><ns0:idGrilleInv>15</ns0:idGrilleInv><ns0:nomGrilleInv>Grille Fonds club ( -4 à 9 ans)</ns0:nomGrilleInv><ns0:tauxRepartitionGrilleInv>1.0</ns0:tauxRepartitionGrilleInv><ns0:indicateurTauxDerogeableGrilleInv>false</ns0:indicateurTauxDerogeableGrilleInv><ns0:tauxRepartitionGrilleInvDefaut>1.0</ns0:tauxRepartitionGrilleInvDefaut></ns0:GrilleInv></ns0:OccStructInv><ns0:OccStructInv><ns0:idOccStructInv>SF_517674</ns0:idOccStructInv><ns0:idOccParentStructInv>SF_517673</ns0:idOccParentStructInv><ns0:ContributionInv><ns0:idContributionInv>517674</ns0:idContributionInv><ns0:codeContributionInv>PPATRO</ns0:codeContributionInv><ns0:libContributionInv>Part Patronale</ns0:libContributionInv><ns0:libContributionInvSilo>Part patronale</ns0:libContributionInvSilo><ns0:tauxRepartitionContribution>0.0</ns0:tauxRepartitionContribution><ns0:indicateurTauxDerogeableContributionInv>false</ns0:indicateurTauxDerogeableContributionInv><ns0:tauxRepartitionContributionDefaut>1.0</ns0:tauxRepartitionContributionDefaut></ns0:ContributionInv></ns0:OccStructInv><ns0:OccStructInv><ns0:idOccStructInv>SF_517675</ns0:idOccStructInv><ns0:idOccParentStructInv>SF_517673</ns0:idOccParentStructInv><ns0:ContributionInv><ns0:idContributionInv>517675</ns0:idContributionInv><ns0:codeContributionInv>PSALAR</ns0:codeContributionInv><ns0:libContributionInv>Part Salariale</ns0:libContributionInv><ns0:libContributionInvSilo>Part salariale</ns0:libContributionInvSilo><ns0:tauxRepartitionContribution>0.0</ns0:tauxRepartitionContribution><ns0:indicateurTauxDerogeableContributionInv>false</ns0:indicateurTauxDerogeableContributionInv><ns0:tauxRepartitionContributionDefaut>1.0</ns0:tauxRepartitionContributionDefaut></ns0:ContributionInv></ns0:OccStructInv><ns0:OccStructInv><ns0:idOccStructInv>SF_6379491</ns0:idOccStructInv><ns0:idOccParentStructInv>SF_517673</ns0:idOccParentStructInv><ns0:ContributionInv><ns0:idContributionInv>6379491</ns0:idContributionInv><ns0:codeContributionInv>VERLIB</ns0:codeContributionInv><ns0:libContributionInv>Versement Libre</ns0:libContributionInv><ns0:libContributionInvSilo>Versement libre</ns0:libContributionInvSilo><ns0:tauxRepartitionContribution>0.0</ns0:tauxRepartitionContribution><ns0:indicateurTauxDerogeableContributionInv>false</ns0:indicateurTauxDerogeableContributionInv><ns0:tauxRepartitionContributionDefaut>1.0</ns0:tauxRepartitionContributionDefaut></ns0:ContributionInv></ns0:OccStructInv><ns0:OccStructInv><ns0:idOccStructInv>SF_6379494</ns0:idOccStructInv><ns0:idOccParentStructInv>SF_6379491</ns0:idOccParentStructInv><ns0:codeModeGestionInv>LIBRE</ns0:codeModeGestionInv><ns0:libModeGestionInv>Gestion libre</ns0:libModeGestionInv><ns0:codeModeGestionInvSilo>GL</ns0:codeModeGestionInvSilo><ns0:libModeGestionInvSilo>Gestion libre</ns0:libModeGestionInvSilo><ns0:codeNatureSupportInv>FDSGES</ns0:codeNatureSupportInv><ns0:libNatureSupportInv>Fonds Euro</ns0:libNatureSupportInv><ns0:codeNatureSupportInvSilo>FG</ns0:codeNatureSupportInvSilo><ns0:libNatureSupportInvSilo>Fond en Devises</ns0:libNatureSupportInvSilo><ns0:ProfilInv><ns0:idProfilInv>212</ns0:idProfilInv><ns0:nomProfilInv>Actif en euros</ns0:nomProfilInv><ns0:tauxRepartitionProfilInv>1.0</ns0:tauxRepartitionProfilInv><ns0:indicateurTauxDerogeableProfilInv>false</ns0:indicateurTauxDerogeableProfilInv><ns0:tauxRepartitionProfilInvDefaut>0.0</ns0:tauxRepartitionProfilInvDefaut></ns0:ProfilInv></ns0:OccStructInv><ns0:OccStructInv><ns0:idOccStructInv>SF_6379495</ns0:idOccStructInv><ns0:idOccParentStructInv>SF_6379491</ns0:idOccParentStructInv><ns0:codeModeGestionInv>LIBRE</ns0:codeModeGestionInv><ns0:libModeGestionInv>Gestion libre</ns0:libModeGestionInv><ns0:codeModeGestionInvSilo>GL</ns0:codeModeGestionInvSilo><ns0:libModeGestionInvSilo>Gestion libre</ns0:libModeGestionInvSilo><ns0:codeNatureSupportInv>FDSGES</ns0:codeNatureSupportInv><ns0:libNatureSupportInv>Fonds Euro</ns0:libNatureSupportInv><ns0:codeNatureSupportInvSilo>FG</ns0:codeNatureSupportInvSilo><ns0:libNatureSupportInvSilo>Fond en Devises</ns0:libNatureSupportInvSilo><ns0:ProfilInv><ns0:idProfilInv>238</ns0:idProfilInv><ns0:nomProfilInv>Fonds club 2</ns0:nomProfilInv><ns0:tauxRepartitionProfilInv>1.0</ns0:tauxRepartitionProfilInv><ns0:indicateurTauxDerogeableProfilInv>false</ns0:indicateurTauxDerogeableProfilInv><ns0:tauxRepartitionProfilInvDefaut>0.0</ns0:tauxRepartitionProfilInvDefaut></ns0:ProfilInv></ns0:OccStructInv><ns0:OccStructInv><ns0:idOccStructInv>SF_6379496</ns0:idOccStructInv><ns0:idOccParentStructInv>SF_6379491</ns0:idOccParentStructInv><ns0:codeModeGestionInv>LIBRE</ns0:codeModeGestionInv><ns0:libModeGestionInv>Gestion libre</ns0:libModeGestionInv><ns0:codeModeGestionInvSilo>GL</ns0:codeModeGestionInvSilo><ns0:libModeGestionInvSilo>Gestion libre</ns0:libModeGestionInvSilo><ns0:codeNatureSupportInv>FDSGES</ns0:codeNatureSupportInv><ns0:libNatureSupportInv>Fonds Euro</ns0:libNatureSupportInv><ns0:codeNatureSupportInvSilo>FG</ns0:codeNatureSupportInvSilo><ns0:libNatureSupportInvSilo>Fond en Devises</ns0:libNatureSupportInvSilo><ns0:ProfilInv><ns0:idProfilInv>237</ns0:idProfilInv><ns0:nomProfilInv>Fonds club 3</ns0:nomProfilInv><ns0:tauxRepartitionProfilInv>1.0</ns0:tauxRepartitionProfilInv><ns0:indicateurTauxDerogeableProfilInv>false</ns0:indicateurTauxDerogeableProfilInv><ns0:tauxRepartitionProfilInvDefaut>0.0</ns0:tauxRepartitionProfilInvDefaut></ns0:ProfilInv></ns0:OccStructInv><ns0:OccStructInv><ns0:idOccStructInv>SF_6379497</ns0:idOccStructInv><ns0:idOccParentStructInv>SF_6379491</ns0:idOccParentStructInv><ns0:codeModeGestionInv>PILHRZ</ns0:codeModeGestionInv><ns0:libModeGestionInv>Gestion pilotée horizon</ns0:libModeGestionInv><ns0:codeModeGestionInvSilo>GP</ns0:codeModeGestionInvSilo><ns0:libModeGestionInvSilo>Gestion pilotée</ns0:libModeGestionInvSilo><ns0:codeNatureSupportInv>FDSGES</ns0:codeNatureSupportInv><ns0:libNatureSupportInv>Fonds Euro</ns0:libNatureSupportInv><ns0:codeNatureSupportInvSilo>FG</ns0:codeNatureSupportInvSilo><ns0:libNatureSupportInvSilo>Fond en Devises</ns0:libNatureSupportInvSilo><ns0:GrilleInv><ns0:idGrilleInv>15</ns0:idGrilleInv><ns0:nomGrilleInv>Grille Fonds club ( -4 à 9 ans)</ns0:nomGrilleInv><ns0:tauxRepartitionGrilleInv>1.0</ns0:tauxRepartitionGrilleInv><ns0:indicateurTauxDerogeableGrilleInv>false</ns0:indicateurTauxDerogeableGrilleInv><ns0:tauxRepartitionGrilleInvDefaut>1.0</ns0:tauxRepartitionGrilleInvDefaut></ns0:GrilleInv></ns0:OccStructInv><ns0:OccStructInv><ns0:idOccStructInv>SF_517667 SU_1612</ns0:idOccStructInv><ns0:idOccParentStructInv>SF_517667</ns0:idOccParentStructInv><ns0:codeNatureSupportInv>FDSGES</ns0:codeNatureSupportInv><ns0:libNatureSupportInv>Fonds Euro</ns0:libNatureSupportInv><ns0:codeNatureSupportInvSilo>FG</ns0:codeNatureSupportInvSilo><ns0:SupportInv><ns0:idSupportInv>1612</ns0:idSupportInv><ns0:nomSupportInv>Actif en euros</ns0:nomSupportInv><ns0:codeCategorieFonds>FDPR</ns0:codeCategorieFonds><ns0:libCategorieFonds>Fonds propres</ns0:libCategorieFonds><ns0:codeCategorieFondsSilo>FPR</ns0:codeCategorieFondsSilo><ns0:libCategorieFondsSilo>Fonds propres</ns0:libCategorieFondsSilo><ns0:tauxRepartitionSupportInv>1.0</ns0:tauxRepartitionSupportInv><ns0:deviseFonds>EUR</ns0:deviseFonds></ns0:SupportInv></ns0:OccStructInv><ns0:OccStructInv><ns0:idOccStructInv>SF_517668 SU_2214</ns0:idOccStructInv><ns0:idOccParentStructInv>SF_517668</ns0:idOccParentStructInv><ns0:codeNatureSupportInv>FDSGES</ns0:codeNatureSupportInv><ns0:libNatureSupportInv>Fonds Euro</ns0:libNatureSupportInv><ns0:codeNatureSupportInvSilo>FG</ns0:codeNatureSupportInvSilo><ns0:SupportInv><ns0:idSupportInv>2214</ns0:idSupportInv><ns0:nomSupportInv>Fonds Club 2</ns0:nomSupportInv><ns0:codeCategorieFonds>FDDD</ns0:codeCategorieFonds><ns0:libCategorieFonds>Fonds dédiés</ns0:libCategorieFonds><ns0:codeCategorieFondsSilo>FDD</ns0:codeCategorieFondsSilo><ns0:libCategorieFondsSilo>Fonds dédiés</ns0:libCategorieFondsSilo><ns0:tauxRepartitionSupportInv>1.0</ns0:tauxRepartitionSupportInv><ns0:deviseFonds>EUR</ns0:deviseFonds></ns0:SupportInv></ns0:OccStructInv><ns0:OccStructInv><ns0:idOccStructInv>SF_517669 SU_2215</ns0:idOccStructInv><ns0:idOccParentStructInv>SF_517669</ns0:idOccParentStructInv><ns0:codeNatureSupportInv>FDSGES</ns0:codeNatureSupportInv><ns0:libNatureSupportInv>Fonds Euro</ns0:libNatureSupportInv><ns0:codeNatureSupportInvSilo>FG</ns0:codeNatureSupportInvSilo><ns0:SupportInv><ns0:idSupportInv>2215</ns0:idSupportInv><ns0:nomSupportInv>Fonds Club 3</ns0:nomSupportInv><ns0:codeCategorieFonds>FDDD</ns0:codeCategorieFonds><ns0:libCategorieFonds>Fonds dédiés</ns0:libCategorieFonds><ns0:codeCategorieFondsSilo>FDD</ns0:codeCategorieFondsSilo><ns0:libCategorieFondsSilo>Fonds dédiés</ns0:libCategorieFondsSilo><ns0:tauxRepartitionSupportInv>1.0</ns0:tauxRepartitionSupportInv><ns0:deviseFonds>EUR</ns0:deviseFonds></ns0:SupportInv></ns0:OccStructInv><ns0:OccStructInv><ns0:idOccStructInv>SF_517691 SI_1007</ns0:idOccStructInv><ns0:idOccParentStructInv>SF_517691</ns0:idOccParentStructInv><ns0:codeNatureSupportInv>FDSGES</ns0:codeNatureSupportInv><ns0:libNatureSupportInv>Fonds Euro</ns0:libNatureSupportInv><ns0:codeNatureSupportInvSilo>FG</ns0:codeNatureSupportInvSilo><ns0:libNatureSupportInvSilo>Fond en Devises</ns0:libNatureSupportInvSilo><ns0:HorizonInv><ns0:idHorizonInv>1007</ns0:idHorizonInv><ns0:nomHorizonInv>Moins de 4 ans</ns0:nomHorizonInv><ns0:borneMaxVersementInv>47</ns0:borneMaxVersementInv><ns0:borneMaxDeplacerCapitalInvesti>47</ns0:borneMaxDeplacerCapitalInvesti></ns0:HorizonInv></ns0:OccStructInv><ns0:OccStructInv><ns0:idOccStructInv>SF_517691 SI_1008</ns0:idOccStructInv><ns0:idOccParentStructInv>SF_517691</ns0:idOccParentStructInv><ns0:codeNatureSupportInv>FDSGES</ns0:codeNatureSupportInv><ns0:libNatureSupportInv>Fonds Euro</ns0:libNatureSupportInv><ns0:codeNatureSupportInvSilo>FG</ns0:codeNatureSupportInvSilo><ns0:libNatureSupportInvSilo>Fond en Devises</ns0:libNatureSupportInvSilo><ns0:HorizonInv><ns0:idHorizonInv>1008</ns0:idHorizonInv><ns0:nomHorizonInv>Entre 4 et 9 ans</ns0:nomHorizonInv><ns0:borneMinVersementInv>48</ns0:borneMinVersementInv><ns0:borneMaxVersementInv>119</ns0:borneMaxVersementInv><ns0:borneMinDeplacerCapitalInvesti>48</ns0:borneMinDeplacerCapitalInvesti><ns0:borneMaxDeplacerCapitalInvesti>119</ns0:borneMaxDeplacerCapitalInvesti></ns0:HorizonInv></ns0:OccStructInv><ns0:OccStructInv><ns0:idOccStructInv>SF_517691 SI_1009</ns0:idOccStructInv><ns0:idOccParentStructInv>SF_517691</ns0:idOccParentStructInv><ns0:codeNatureSupportInv>FDSGES</ns0:codeNatureSupportInv><ns0:libNatureSupportInv>Fonds Euro</ns0:libNatureSupportInv><ns0:codeNatureSupportInvSilo>FG</ns0:codeNatureSupportInvSilo><ns0:libNatureSupportInvSilo>Fond en Devises</ns0:libNatureSupportInvSilo><ns0:HorizonInv><ns0:idHorizonInv>1009</ns0:idHorizonInv><ns0:nomHorizonInv>Plus de 9 ans</ns0:nomHorizonInv><ns0:borneMinVersementInv>120</ns0:borneMinVersementInv><ns0:borneMinDeplacerCapitalInvesti>120</ns0:borneMinDeplacerCapitalInvesti></ns0:HorizonInv></ns0:OccStructInv><ns0:OccStructInv><ns0:idOccStructInv>SF_517691 SI_1007 SI_212 SU_1612</ns0:idOccStructInv><ns0:idOccParentStructInv>SF_517691 SI_1007 SI_212</ns0:idOccParentStructInv><ns0:codeNatureSupportInv>FDSGES</ns0:codeNatureSupportInv><ns0:libNatureSupportInv>Fonds Euro</ns0:libNatureSupportInv><ns0:codeNatureSupportInvSilo>FG</ns0:codeNatureSupportInvSilo><ns0:SupportInv><ns0:idSupportInv>1612</ns0:idSupportInv><ns0:nomSupportInv>Actif en euros</ns0:nomSupportInv><ns0:codeCategorieFonds>FDPR</ns0:codeCategorieFonds><ns0:libCategorieFonds>Fonds propres</ns0:libCategorieFonds><ns0:codeCategorieFondsSilo>FPR</ns0:codeCategorieFondsSilo><ns0:libCategorieFondsSilo>Fonds propres</ns0:libCategorieFondsSilo><ns0:tauxRepartitionSupportInv>1.0</ns0:tauxRepartitionSupportInv><ns0:deviseFonds>EUR</ns0:deviseFonds></ns0:SupportInv></ns0:OccStructInv><ns0:OccStructInv><ns0:idOccStructInv>SF_517691 SI_1008 SI_238</ns0:idOccStructInv><ns0:idOccParentStructInv>SF_517691 SI_1008</ns0:idOccParentStructInv><ns0:codeNatureSupportInv>FDSGES</ns0:codeNatureSupportInv><ns0:libNatureSupportInv>Fonds Euro</ns0:libNatureSupportInv><ns0:codeNatureSupportInvSilo>FG</ns0:codeNatureSupportInvSilo><ns0:libNatureSupportInvSilo>Fond en Devises</ns0:libNatureSupportInvSilo><ns0:ProfilInv><ns0:idProfilInv>238</ns0:idProfilInv><ns0:nomProfilInv>Fonds club 2</ns0:nomProfilInv><ns0:tauxRepartitionProfilInv>1.0</ns0:tauxRepartitionProfilInv><ns0:indicateurTauxDerogeableProfilInv>false</ns0:indicateurTauxDerogeableProfilInv></ns0:ProfilInv></ns0:OccStructInv><ns0:OccStructInv><ns0:idOccStructInv>SF_517691 SI_1007 SI_212</ns0:idOccStructInv><ns0:idOccParentStructInv>SF_517691 SI_1007</ns0:idOccParentStructInv><ns0:codeNatureSupportInv>FDSGES</ns0:codeNatureSupportInv><ns0:libNatureSupportInv>Fonds Euro</ns0:libNatureSupportInv><ns0:codeNatureSupportInvSilo>FG</ns0:codeNatureSupportInvSilo><ns0:libNatureSupportInvSilo>Fond en Devises</ns0:libNatureSupportInvSilo><ns0:ProfilInv><ns0:idProfilInv>212</ns0:idProfilInv><ns0:nomProfilInv>Actif en euros</ns0:nomProfilInv><ns0:tauxRepartitionProfilInv>1.0</ns0:tauxRepartitionProfilInv><ns0:indicateurTauxDerogeableProfilInv>false</ns0:indicateurTauxDerogeableProfilInv></ns0:ProfilInv></ns0:OccStructInv><ns0:OccStructInv><ns0:idOccStructInv>SF_517691 SI_1009 SI_237</ns0:idOccStructInv><ns0:idOccParentStructInv>SF_517691 SI_1009</ns0:idOccParentStructInv><ns0:codeNatureSupportInv>FDSGES</ns0:codeNatureSupportInv><ns0:libNatureSupportInv>Fonds Euro</ns0:libNatureSupportInv><ns0:codeNatureSupportInvSilo>FG</ns0:codeNatureSupportInvSilo><ns0:libNatureSupportInvSilo>Fond en Devises</ns0:libNatureSupportInvSilo><ns0:ProfilInv><ns0:idProfilInv>237</ns0:idProfilInv><ns0:nomProfilInv>Fonds club 3</ns0:nomProfilInv><ns0:tauxRepartitionProfilInv>1.0</ns0:tauxRepartitionProfilInv><ns0:indicateurTauxDerogeableProfilInv>false</ns0:indicateurTauxDerogeableProfilInv></ns0:ProfilInv></ns0:OccStructInv><ns0:OccStructInv><ns0:idOccStructInv>SF_517691 SI_1009 SI_237 SU_2215</ns0:idOccStructInv><ns0:idOccParentStructInv>SF_517691 SI_1009 SI_237</ns0:idOccParentStructInv><ns0:codeNatureSupportInv>FDSGES</ns0:codeNatureSupportInv><ns0:libNatureSupportInv>Fonds Euro</ns0:libNatureSupportInv><ns0:codeNatureSupportInvSilo>FG</ns0:codeNatureSupportInvSilo><ns0:SupportInv><ns0:idSupportInv>2215</ns0:idSupportInv><ns0:nomSupportInv>Fonds Club 3</ns0:nomSupportInv><ns0:codeCategorieFonds>FDDD</ns0:codeCategorieFonds><ns0:libCategorieFonds>Fonds dédiés</ns0:libCategorieFonds><ns0:codeCategorieFondsSilo>FDD</ns0:codeCategorieFondsSilo><ns0:libCategorieFondsSilo>Fonds dédiés</ns0:libCategorieFondsSilo><ns0:tauxRepartitionSupportInv>1.0</ns0:tauxRepartitionSupportInv><ns0:deviseFonds>EUR</ns0:deviseFonds></ns0:SupportInv></ns0:OccStructInv><ns0:OccStructInv><ns0:idOccStructInv>SF_517691 SI_1008 SI_238 SU_2214</ns0:idOccStructInv><ns0:idOccParentStructInv>SF_517691 SI_1008 SI_238</ns0:idOccParentStructInv><ns0:codeNatureSupportInv>FDSGES</ns0:codeNatureSupportInv><ns0:libNatureSupportInv>Fonds Euro</ns0:libNatureSupportInv><ns0:codeNatureSupportInvSilo>FG</ns0:codeNatureSupportInvSilo><ns0:SupportInv><ns0:idSupportInv>2214</ns0:idSupportInv><ns0:nomSupportInv>Fonds Club 2</ns0:nomSupportInv><ns0:codeCategorieFonds>FDDD</ns0:codeCategorieFonds><ns0:libCategorieFonds>Fonds dédiés</ns0:libCategorieFonds><ns0:codeCategorieFondsSilo>FDD</ns0:codeCategorieFondsSilo><ns0:libCategorieFondsSilo>Fonds dédiés</ns0:libCategorieFondsSilo><ns0:tauxRepartitionSupportInv>1.0</ns0:tauxRepartitionSupportInv><ns0:deviseFonds>EUR</ns0:deviseFonds></ns0:SupportInv></ns0:OccStructInv><ns0:OccStructInv><ns0:idOccStructInv>SF_517661 SU_1612</ns0:idOccStructInv><ns0:idOccParentStructInv>SF_517661</ns0:idOccParentStructInv><ns0:codeNatureSupportInv>FDSGES</ns0:codeNatureSupportInv><ns0:libNatureSupportInv>Fonds Euro</ns0:libNatureSupportInv><ns0:codeNatureSupportInvSilo>FG</ns0:codeNatureSupportInvSilo><ns0:SupportInv><ns0:idSupportInv>1612</ns0:idSupportInv><ns0:nomSupportInv>Actif en euros</ns0:nomSupportInv><ns0:codeCategorieFonds>FDPR</ns0:codeCategorieFonds><ns0:libCategorieFonds>Fonds propres</ns0:libCategorieFonds><ns0:codeCategorieFondsSilo>FPR</ns0:codeCategorieFondsSilo><ns0:libCategorieFondsSilo>Fonds propres</ns0:libCategorieFondsSilo><ns0:tauxRepartitionSupportInv>1.0</ns0:tauxRepartitionSupportInv><ns0:deviseFonds>EUR</ns0:deviseFonds></ns0:SupportInv></ns0:OccStructInv><ns0:OccStructInv><ns0:idOccStructInv>SF_517662 SU_2214</ns0:idOccStructInv><ns0:idOccParentStructInv>SF_517662</ns0:idOccParentStructInv><ns0:codeNatureSupportInv>FDSGES</ns0:codeNatureSupportInv><ns0:libNatureSupportInv>Fonds Euro</ns0:libNatureSupportInv><ns0:codeNatureSupportInvSilo>FG</ns0:codeNatureSupportInvSilo><ns0:SupportInv><ns0:idSupportInv>2214</ns0:idSupportInv><ns0:nomSupportInv>Fonds Club 2</ns0:nomSupportInv><ns0:codeCategorieFonds>FDDD</ns0:codeCategorieFonds><ns0:libCategorieFonds>Fonds dédiés</ns0:libCategorieFonds><ns0:codeCategorieFondsSilo>FDD</ns0:codeCategorieFondsSilo><ns0:libCategorieFondsSilo>Fonds dédiés</ns0:libCategorieFondsSilo><ns0:tauxRepartitionSupportInv>1.0</ns0:tauxRepartitionSupportInv><ns0:deviseFonds>EUR</ns0:deviseFonds></ns0:SupportInv></ns0:OccStructInv><ns0:OccStructInv><ns0:idOccStructInv>SF_517663 SU_2215</ns0:idOccStructInv><ns0:idOccParentStructInv>SF_517663</ns0:idOccParentStructInv><ns0:codeNatureSupportInv>FDSGES</ns0:codeNatureSupportInv><ns0:libNatureSupportInv>Fonds Euro</ns0:libNatureSupportInv><ns0:codeNatureSupportInvSilo>FG</ns0:codeNatureSupportInvSilo><ns0:SupportInv><ns0:idSupportInv>2215</ns0:idSupportInv><ns0:nomSupportInv>Fonds Club 3</ns0:nomSupportInv><ns0:codeCategorieFonds>FDDD</ns0:codeCategorieFonds><ns0:libCategorieFonds>Fonds dédiés</ns0:libCategorieFonds><ns0:codeCategorieFondsSilo>FDD</ns0:codeCategorieFondsSilo><ns0:libCategorieFondsSilo>Fonds dédiés</ns0:libCategorieFondsSilo><ns0:tauxRepartitionSupportInv>1.0</ns0:tauxRepartitionSupportInv><ns0:deviseFonds>EUR</ns0:deviseFonds></ns0:SupportInv></ns0:OccStructInv><ns0:OccStructInv><ns0:idOccStructInv>SF_517690 SI_1007 SI_212 SU_1612</ns0:idOccStructInv><ns0:idOccParentStructInv>SF_517690 SI_1007 SI_212</ns0:idOccParentStructInv><ns0:codeNatureSupportInv>FDSGES</ns0:codeNatureSupportInv><ns0:libNatureSupportInv>Fonds Euro</ns0:libNatureSupportInv><ns0:codeNatureSupportInvSilo>FG</ns0:codeNatureSupportInvSilo><ns0:SupportInv><ns0:idSupportInv>1612</ns0:idSupportInv><ns0:nomSupportInv>Actif en euros</ns0:nomSupportInv><ns0:codeCategorieFonds>FDPR</ns0:codeCategorieFonds><ns0:libCategorieFonds>Fonds propres</ns0:libCategorieFonds><ns0:codeCategorieFondsSilo>FPR</ns0:codeCategorieFondsSilo><ns0:libCategorieFondsSilo>Fonds propres</ns0:libCategorieFondsSilo><ns0:tauxRepartitionSupportInv>1.0</ns0:tauxRepartitionSupportInv><ns0:deviseFonds>EUR</ns0:deviseFonds></ns0:SupportInv></ns0:OccStructInv><ns0:OccStructInv><ns0:idOccStructInv>SF_517690 SI_1009 SI_237 SU_2215</ns0:idOccStructInv><ns0:idOccParentStructInv>SF_517690 SI_1009 SI_237</ns0:idOccParentStructInv><ns0:codeNatureSupportInv>FDSGES</ns0:codeNatureSupportInv><ns0:libNatureSupportInv>Fonds Euro</ns0:libNatureSupportInv><ns0:codeNatureSupportInvSilo>FG</ns0:codeNatureSupportInvSilo><ns0:SupportInv><ns0:idSupportInv>2215</ns0:idSupportInv><ns0:nomSupportInv>Fonds Club 3</ns0:nomSupportInv><ns0:codeCategorieFonds>FDDD</ns0:codeCategorieFonds><ns0:libCategorieFonds>Fonds dédiés</ns0:libCategorieFonds><ns0:codeCategorieFondsSilo>FDD</ns0:codeCategorieFondsSilo><ns0:libCategorieFondsSilo>Fonds dédiés</ns0:libCategorieFondsSilo><ns0:tauxRepartitionSupportInv>1.0</ns0:tauxRepartitionSupportInv><ns0:deviseFonds>EUR</ns0:deviseFonds></ns0:SupportInv></ns0:OccStructInv><ns0:OccStructInv><ns0:idOccStructInv>SF_517690 SI_1007</ns0:idOccStructInv><ns0:idOccParentStructInv>SF_517690</ns0:idOccParentStructInv><ns0:codeNatureSupportInv>FDSGES</ns0:codeNatureSupportInv><ns0:libNatureSupportInv>Fonds Euro</ns0:libNatureSupportInv><ns0:codeNatureSupportInvSilo>FG</ns0:codeNatureSupportInvSilo><ns0:libNatureSupportInvSilo>Fond en Devises</ns0:libNatureSupportInvSilo><ns0:HorizonInv><ns0:idHorizonInv>1007</ns0:idHorizonInv><ns0:nomHorizonInv>Moins de 4 ans</ns0:nomHorizonInv><ns0:borneMaxVersementInv>47</ns0:borneMaxVersementInv><ns0:borneMaxDeplacerCapitalInvesti>47</ns0:borneMaxDeplacerCapitalInvesti></ns0:HorizonInv></ns0:OccStructInv><ns0:OccStructInv><ns0:idOccStructInv>SF_517690 SI_1009</ns0:idOccStructInv><ns0:idOccParentStructInv>SF_517690</ns0:idOccParentStructInv><ns0:codeNatureSupportInv>FDSGES</ns0:codeNatureSupportInv><ns0:libNatureSupportInv>Fonds Euro</ns0:libNatureSupportInv><ns0:codeNatureSupportInvSilo>FG</ns0:codeNatureSupportInvSilo><ns0:libNatureSupportInvSilo>Fond en Devises</ns0:libNatureSupportInvSilo><ns0:HorizonInv><ns0:idHorizonInv>1009</ns0:idHorizonInv><ns0:nomHorizonInv>Plus de 9 ans</ns0:nomHorizonInv><ns0:borneMinVersementInv>120</ns0:borneMinVersementInv><ns0:borneMinDeplacerCapitalInvesti>120</ns0:borneMinDeplacerCapitalInvesti></ns0:HorizonInv></ns0:OccStructInv><ns0:OccStructInv><ns0:idOccStructInv>SF_517690 SI_1008</ns0:idOccStructInv><ns0:idOccParentStructInv>SF_517690</ns0:idOccParentStructInv><ns0:codeNatureSupportInv>FDSGES</ns0:codeNatureSupportInv><ns0:libNatureSupportInv>Fonds Euro</ns0:libNatureSupportInv><ns0:codeNatureSupportInvSilo>FG</ns0:codeNatureSupportInvSilo><ns0:libNatureSupportInvSilo>Fond en Devises</ns0:libNatureSupportInvSilo><ns0:HorizonInv><ns0:idHorizonInv>1008</ns0:idHorizonInv><ns0:nomHorizonInv>Entre 4 et 9 ans</ns0:nomHorizonInv><ns0:borneMinVersementInv>48</ns0:borneMinVersementInv><ns0:borneMaxVersementInv>119</ns0:borneMaxVersementInv><ns0:borneMinDeplacerCapitalInvesti>48</ns0:borneMinDeplacerCapitalInvesti><ns0:borneMaxDeplacerCapitalInvesti>119</ns0:borneMaxDeplacerCapitalInvesti></ns0:HorizonInv></ns0:OccStructInv><ns0:OccStructInv><ns0:idOccStructInv>SF_517690 SI_1008 SI_238</ns0:idOccStructInv><ns0:idOccParentStructInv>SF_517690 SI_1008</ns0:idOccParentStructInv><ns0:codeNatureSupportInv>FDSGES</ns0:codeNatureSupportInv><ns0:libNatureSupportInv>Fonds Euro</ns0:libNatureSupportInv><ns0:codeNatureSupportInvSilo>FG</ns0:codeNatureSupportInvSilo><ns0:libNatureSupportInvSilo>Fond en Devises</ns0:libNatureSupportInvSilo><ns0:ProfilInv><ns0:idProfilInv>238</ns0:idProfilInv><ns0:nomProfilInv>Fonds club 2</ns0:nomProfilInv><ns0:tauxRepartitionProfilInv>1.0</ns0:tauxRepartitionProfilInv><ns0:indicateurTauxDerogeableProfilInv>false</ns0:indicateurTauxDerogeableProfilInv></ns0:ProfilInv></ns0:OccStructInv><ns0:OccStructInv><ns0:idOccStructInv>SF_517690 SI_1009 SI_237</ns0:idOccStructInv><ns0:idOccParentStructInv>SF_517690 SI_1009</ns0:idOccParentStructInv><ns0:codeNatureSupportInv>FDSGES</ns0:codeNatureSupportInv><ns0:libNatureSupportInv>Fonds Euro</ns0:libNatureSupportInv><ns0:codeNatureSupportInvSilo>FG</ns0:codeNatureSupportInvSilo><ns0:libNatureSupportInvSilo>Fond en Devises</ns0:libNatureSupportInvSilo><ns0:ProfilInv><ns0:idProfilInv>237</ns0:idProfilInv><ns0:nomProfilInv>Fonds club 3</ns0:nomProfilInv><ns0:tauxRepartitionProfilInv>1.0</ns0:tauxRepartitionProfilInv><ns0:indicateurTauxDerogeableProfilInv>false</ns0:indicateurTauxDerogeableProfilInv></ns0:ProfilInv></ns0:OccStructInv><ns0:OccStructInv><ns0:idOccStructInv>SF_517690 SI_1007 SI_212</ns0:idOccStructInv><ns0:idOccParentStructInv>SF_517690 SI_1007</ns0:idOccParentStructInv><ns0:codeNatureSupportInv>FDSGES</ns0:codeNatureSupportInv><ns0:libNatureSupportInv>Fonds Euro</ns0:libNatureSupportInv><ns0:codeNatureSupportInvSilo>FG</ns0:codeNatureSupportInvSilo><ns0:libNatureSupportInvSilo>Fond en Devises</ns0:libNatureSupportInvSilo><ns0:ProfilInv><ns0:idProfilInv>212</ns0:idProfilInv><ns0:nomProfilInv>Actif en euros</ns0:nomProfilInv><ns0:tauxRepartitionProfilInv>1.0</ns0:tauxRepartitionProfilInv><ns0:indicateurTauxDerogeableProfilInv>false</ns0:indicateurTauxDerogeableProfilInv></ns0:ProfilInv></ns0:OccStructInv><ns0:OccStructInv><ns0:idOccStructInv>SF_517690 SI_1008 SI_238 SU_2214</ns0:idOccStructInv><ns0:idOccParentStructInv>SF_517690 SI_1008 SI_238</ns0:idOccParentStructInv><ns0:codeNatureSupportInv>FDSGES</ns0:codeNatureSupportInv><ns0:libNatureSupportInv>Fonds Euro</ns0:libNatureSupportInv><ns0:codeNatureSupportInvSilo>FG</ns0:codeNatureSupportInvSilo><ns0:SupportInv><ns0:idSupportInv>2214</ns0:idSupportInv><ns0:nomSupportInv>Fonds Club 2</ns0:nomSupportInv><ns0:codeCategorieFonds>FDDD</ns0:codeCategorieFonds><ns0:libCategorieFonds>Fonds dédiés</ns0:libCategorieFonds><ns0:codeCategorieFondsSilo>FDD</ns0:codeCategorieFondsSilo><ns0:libCategorieFondsSilo>Fonds dédiés</ns0:libCategorieFondsSilo><ns0:tauxRepartitionSupportInv>1.0</ns0:tauxRepartitionSupportInv><ns0:deviseFonds>EUR</ns0:deviseFonds></ns0:SupportInv></ns0:OccStructInv><ns0:OccStructInv><ns0:idOccStructInv>SF_6379494 SU_1612</ns0:idOccStructInv><ns0:idOccParentStructInv>SF_6379494</ns0:idOccParentStructInv><ns0:codeNatureSupportInv>FDSGES</ns0:codeNatureSupportInv><ns0:libNatureSupportInv>Fonds Euro</ns0:libNatureSupportInv><ns0:codeNatureSupportInvSilo>FG</ns0:codeNatureSupportInvSilo><ns0:SupportInv><ns0:idSupportInv>1612</ns0:idSupportInv><ns0:nomSupportInv>Actif en euros</ns0:nomSupportInv><ns0:codeCategorieFonds>FDPR</ns0:codeCategorieFonds><ns0:libCategorieFonds>Fonds propres</ns0:libCategorieFonds><ns0:codeCategorieFondsSilo>FPR</ns0:codeCategorieFondsSilo><ns0:libCategorieFondsSilo>Fonds propres</ns0:libCategorieFondsSilo><ns0:tauxRepartitionSupportInv>1.0</ns0:tauxRepartitionSupportInv><ns0:deviseFonds>EUR</ns0:deviseFonds></ns0:SupportInv></ns0:OccStructInv><ns0:OccStructInv><ns0:idOccStructInv>SF_6379495 SU_2214</ns0:idOccStructInv><ns0:idOccParentStructInv>SF_6379495</ns0:idOccParentStructInv><ns0:codeNatureSupportInv>FDSGES</ns0:codeNatureSupportInv><ns0:libNatureSupportInv>Fonds Euro</ns0:libNatureSupportInv><ns0:codeNatureSupportInvSilo>FG</ns0:codeNatureSupportInvSilo><ns0:SupportInv><ns0:idSupportInv>2214</ns0:idSupportInv><ns0:nomSupportInv>Fonds Club 2</ns0:nomSupportInv><ns0:codeCategorieFonds>FDDD</ns0:codeCategorieFonds><ns0:libCategorieFonds>Fonds dédiés</ns0:libCategorieFonds><ns0:codeCategorieFondsSilo>FDD</ns0:codeCategorieFondsSilo><ns0:libCategorieFondsSilo>Fonds dédiés</ns0:libCategorieFondsSilo><ns0:tauxRepartitionSupportInv>1.0</ns0:tauxRepartitionSupportInv><ns0:deviseFonds>EUR</ns0:deviseFonds></ns0:SupportInv></ns0:OccStructInv><ns0:OccStructInv><ns0:idOccStructInv>SF_6379496 SU_2215</ns0:idOccStructInv><ns0:idOccParentStructInv>SF_6379496</ns0:idOccParentStructInv><ns0:codeNatureSupportInv>FDSGES</ns0:codeNatureSupportInv><ns0:libNatureSupportInv>Fonds Euro</ns0:libNatureSupportInv><ns0:codeNatureSupportInvSilo>FG</ns0:codeNatureSupportInvSilo><ns0:SupportInv><ns0:idSupportInv>2215</ns0:idSupportInv><ns0:nomSupportInv>Fonds Club 3</ns0:nomSupportInv><ns0:codeCategorieFonds>FDDD</ns0:codeCategorieFonds><ns0:libCategorieFonds>Fonds dédiés</ns0:libCategorieFonds><ns0:codeCategorieFondsSilo>FDD</ns0:codeCategorieFondsSilo><ns0:libCategorieFondsSilo>Fonds dédiés</ns0:libCategorieFondsSilo><ns0:tauxRepartitionSupportInv>1.0</ns0:tauxRepartitionSupportInv><ns0:deviseFonds>EUR</ns0:deviseFonds></ns0:SupportInv></ns0:OccStructInv><ns0:OccStructInv><ns0:idOccStructInv>SF_6379497 SI_1008 SI_238 SU_2214</ns0:idOccStructInv><ns0:idOccParentStructInv>SF_6379497 SI_1008 SI_238</ns0:idOccParentStructInv><ns0:codeNatureSupportInv>FDSGES</ns0:codeNatureSupportInv><ns0:libNatureSupportInv>Fonds Euro</ns0:libNatureSupportInv><ns0:codeNatureSupportInvSilo>FG</ns0:codeNatureSupportInvSilo><ns0:SupportInv><ns0:idSupportInv>2214</ns0:idSupportInv><ns0:nomSupportInv>Fonds Club 2</ns0:nomSupportInv><ns0:codeCategorieFonds>FDDD</ns0:codeCategorieFonds><ns0:libCategorieFonds>Fonds dédiés</ns0:libCategorieFonds><ns0:codeCategorieFondsSilo>FDD</ns0:codeCategorieFondsSilo><ns0:libCategorieFondsSilo>Fonds dédiés</ns0:libCategorieFondsSilo><ns0:tauxRepartitionSupportInv>1.0</ns0:tauxRepartitionSupportInv><ns0:deviseFonds>EUR</ns0:deviseFonds></ns0:SupportInv></ns0:OccStructInv><ns0:OccStructInv><ns0:idOccStructInv>SF_6379497 SI_1007 SI_212 SU_1612</ns0:idOccStructInv><ns0:idOccParentStructInv>SF_6379497 SI_1007 SI_212</ns0:idOccParentStructInv><ns0:codeNatureSupportInv>FDSGES</ns0:codeNatureSupportInv><ns0:libNatureSupportInv>Fonds Euro</ns0:libNatureSupportInv><ns0:codeNatureSupportInvSilo>FG</ns0:codeNatureSupportInvSilo><ns0:SupportInv><ns0:idSupportInv>1612</ns0:idSupportInv><ns0:nomSupportInv>Actif en euros</ns0:nomSupportInv><ns0:codeCategorieFonds>FDPR</ns0:codeCategorieFonds><ns0:libCategorieFonds>Fonds propres</ns0:libCategorieFonds><ns0:codeCategorieFondsSilo>FPR</ns0:codeCategorieFondsSilo><ns0:libCategorieFondsSilo>Fonds propres</ns0:libCategorieFondsSilo><ns0:tauxRepartitionSupportInv>1.0</ns0:tauxRepartitionSupportInv><ns0:deviseFonds>EUR</ns0:deviseFonds></ns0:SupportInv></ns0:OccStructInv><ns0:OccStructInv><ns0:idOccStructInv>SF_6379497 SI_1009 SI_237</ns0:idOccStructInv><ns0:idOccParentStructInv>SF_6379497 SI_1009</ns0:idOccParentStructInv><ns0:codeNatureSupportInv>FDSGES</ns0:codeNatureSupportInv><ns0:libNatureSupportInv>Fonds Euro</ns0:libNatureSupportInv><ns0:codeNatureSupportInvSilo>FG</ns0:codeNatureSupportInvSilo><ns0:libNatureSupportInvSilo>Fond en Devises</ns0:libNatureSupportInvSilo><ns0:ProfilInv><ns0:idProfilInv>237</ns0:idProfilInv><ns0:nomProfilInv>Fonds club 3</ns0:nomProfilInv><ns0:tauxRepartitionProfilInv>1.0</ns0:tauxRepartitionProfilInv><ns0:indicateurTauxDerogeableProfilInv>false</ns0:indicateurTauxDerogeableProfilInv></ns0:ProfilInv></ns0:OccStructInv><ns0:OccStructInv><ns0:idOccStructInv>SF_6379497 SI_1009</ns0:idOccStructInv><ns0:idOccParentStructInv>SF_6379497</ns0:idOccParentStructInv><ns0:codeNatureSupportInv>FDSGES</ns0:codeNatureSupportInv><ns0:libNatureSupportInv>Fonds Euro</ns0:libNatureSupportInv><ns0:codeNatureSupportInvSilo>FG</ns0:codeNatureSupportInvSilo><ns0:libNatureSupportInvSilo>Fond en Devises</ns0:libNatureSupportInvSilo><ns0:HorizonInv><ns0:idHorizonInv>1009</ns0:idHorizonInv><ns0:nomHorizonInv>Plus de 9 ans</ns0:nomHorizonInv><ns0:borneMinVersementInv>120</ns0:borneMinVersementInv><ns0:borneMinDeplacerCapitalInvesti>120</ns0:borneMinDeplacerCapitalInvesti></ns0:HorizonInv></ns0:OccStructInv><ns0:OccStructInv><ns0:idOccStructInv>SF_6379497 SI_1008</ns0:idOccStructInv><ns0:idOccParentStructInv>SF_6379497</ns0:idOccParentStructInv><ns0:codeNatureSupportInv>FDSGES</ns0:codeNatureSupportInv><ns0:libNatureSupportInv>Fonds Euro</ns0:libNatureSupportInv><ns0:codeNatureSupportInvSilo>FG</ns0:codeNatureSupportInvSilo><ns0:libNatureSupportInvSilo>Fond en Devises</ns0:libNatureSupportInvSilo><ns0:HorizonInv><ns0:idHorizonInv>1008</ns0:idHorizonInv><ns0:nomHorizonInv>Entre 4 et 9 ans</ns0:nomHorizonInv><ns0:borneMinVersementInv>48</ns0:borneMinVersementInv><ns0:borneMaxVersementInv>119</ns0:borneMaxVersementInv><ns0:borneMinDeplacerCapitalInvesti>48</ns0:borneMinDeplacerCapitalInvesti><ns0:borneMaxDeplacerCapitalInvesti>119</ns0:borneMaxDeplacerCapitalInvesti></ns0:HorizonInv></ns0:OccStructInv><ns0:OccStructInv><ns0:idOccStructInv>SF_6379497 SI_1007</ns0:idOccStructInv><ns0:idOccParentStructInv>SF_6379497</ns0:idOccParentStructInv><ns0:codeNatureSupportInv>FDSGES</ns0:codeNatureSupportInv><ns0:libNatureSupportInv>Fonds Euro</ns0:libNatureSupportInv><ns0:codeNatureSupportInvSilo>FG</ns0:codeNatureSupportInvSilo><ns0:libNatureSupportInvSilo>Fond en Devises</ns0:libNatureSupportInvSilo><ns0:HorizonInv><ns0:idHorizonInv>1007</ns0:idHorizonInv><ns0:nomHorizonInv>Moins de 4 ans</ns0:nomHorizonInv><ns0:borneMaxVersementInv>47</ns0:borneMaxVersementInv><ns0:borneMaxDeplacerCapitalInvesti>47</ns0:borneMaxDeplacerCapitalInvesti></ns0:HorizonInv></ns0:OccStructInv><ns0:OccStructInv><ns0:idOccStructInv>SF_6379497 SI_1007 SI_212</ns0:idOccStructInv><ns0:idOccParentStructInv>SF_6379497 SI_1007</ns0:idOccParentStructInv><ns0:codeNatureSupportInv>FDSGES</ns0:codeNatureSupportInv><ns0:libNatureSupportInv>Fonds Euro</ns0:libNatureSupportInv><ns0:codeNatureSupportInvSilo>FG</ns0:codeNatureSupportInvSilo><ns0:libNatureSupportInvSilo>Fond en Devises</ns0:libNatureSupportInvSilo><ns0:ProfilInv><ns0:idProfilInv>212</ns0:idProfilInv><ns0:nomProfilInv>Actif en euros</ns0:nomProfilInv><ns0:tauxRepartitionProfilInv>1.0</ns0:tauxRepartitionProfilInv><ns0:indicateurTauxDerogeableProfilInv>false</ns0:indicateurTauxDerogeableProfilInv></ns0:ProfilInv></ns0:OccStructInv><ns0:OccStructInv><ns0:idOccStructInv>SF_6379497 SI_1008 SI_238</ns0:idOccStructInv><ns0:idOccParentStructInv>SF_6379497 SI_1008</ns0:idOccParentStructInv><ns0:codeNatureSupportInv>FDSGES</ns0:codeNatureSupportInv><ns0:libNatureSupportInv>Fonds Euro</ns0:libNatureSupportInv><ns0:codeNatureSupportInvSilo>FG</ns0:codeNatureSupportInvSilo><ns0:libNatureSupportInvSilo>Fond en Devises</ns0:libNatureSupportInvSilo><ns0:ProfilInv><ns0:idProfilInv>238</ns0:idProfilInv><ns0:nomProfilInv>Fonds club 2</ns0:nomProfilInv><ns0:tauxRepartitionProfilInv>1.0</ns0:tauxRepartitionProfilInv><ns0:indicateurTauxDerogeableProfilInv>false</ns0:indicateurTauxDerogeableProfilInv></ns0:ProfilInv></ns0:OccStructInv><ns0:OccStructInv><ns0:idOccStructInv>SF_6379497 SI_1009 SI_237 SU_2215</ns0:idOccStructInv><ns0:idOccParentStructInv>SF_6379497 SI_1009 SI_237</ns0:idOccParentStructInv><ns0:codeNatureSupportInv>FDSGES</ns0:codeNatureSupportInv><ns0:libNatureSupportInv>Fonds Euro</ns0:libNatureSupportInv><ns0:codeNatureSupportInvSilo>FG</ns0:codeNatureSupportInvSilo><ns0:SupportInv><ns0:idSupportInv>2215</ns0:idSupportInv><ns0:nomSupportInv>Fonds Club 3</ns0:nomSupportInv><ns0:codeCategorieFonds>FDDD</ns0:codeCategorieFonds><ns0:libCategorieFonds>Fonds dédiés</ns0:libCategorieFonds><ns0:codeCategorieFondsSilo>FDD</ns0:codeCategorieFondsSilo><ns0:libCategorieFondsSilo>Fonds dédiés</ns0:libCategorieFondsSilo><ns0:tauxRepartitionSupportInv>1.0</ns0:tauxRepartitionSupportInv><ns0:deviseFonds>EUR</ns0:deviseFonds></ns0:SupportInv></ns0:OccStructInv></ns0:StructInv></ns0:ConsulterStructInvFunc></ns0:ConsulterStructInvResponse></SOAP-ENV:Body></SOAP-ENV:Envelope>