<SOAP-ENV:Envelope xmlns:SOAP-ENV="http://schemas.xmlsoap.org/soap/envelope/"><SOAP-ENV:Header><ns:WSResponseMetaInfo xmlns:ns="http://www.fmk.com/ESB/Framework/ESBTechPivotSchema" xmlns:ns0="http://schemas.xmlsoap.org/soap/envelope/" xmlns:xs="http://www.w3.org/2001/XMLSchema" xmlns:xsi="http://www.w3.org/2001/XMLSchema-instance"><ns:FuncFault/><ns:BusinessHeader><ns:Domain/></ns:BusinessHeader></ns:WSResponseMetaInfo></SOAP-ENV:Header><SOAP-ENV:Body><ns0:ConsulterStructInvResponse xmlns:ns0="http://www.alm.com/esb/service/GestInfoFin_1/ConsulterStructInv_3"><ns0:ConsulterStructInvFunc><ns0:StructInv><ns0:IdentificationStructInv><ns0:idStructInv>RS122553971001</ns0:idStructInv></ns0:IdentificationStructInv><ns0:OccStructInv><ns0:idOccStructInv>RS122553971001_PP</ns0:idOccStructInv><ns0:idOccParentStructInv>RS122553971001</ns0:idOccParentStructInv><ns0:ContributionInv><ns0:idContributionInv>PP</ns0:idContributionInv><ns0:codeContributionInv>PPATRO</ns0:codeContributionInv><ns0:libContributionInv>Part Patronale</ns0:libContributionInv><ns0:codeContributionInvSilo>PP</ns0:codeContributionInvSilo><ns0:libContributionInvSilo>PART PATRONALE</ns0:libContributionInvSilo><ns0:tauxRepartitionContribution>100.0</ns0:tauxRepartitionContribution><ns0:indicateurTauxDerogeableContributionInv>false</ns0:indicateurTauxDerogeableContributionInv><ns0:tauxRepartitionContributionDefaut>100.0</ns0:tauxRepartitionContributionDefaut></ns0:ContributionInv></ns0:OccStructInv><ns0:OccStructInv><ns0:idOccStructInv>RS122553971001_PP_50000000</ns0:idOccStructInv><ns0:idOccParentStructInv>RS122553971001_PP</ns0:idOccParentStructInv><ns0:ProfilInv><ns0:idProfilInv>50000000</ns0:idProfilInv><ns0:nomProfilInv>ACTIF GENERAL</ns0:nomProfilInv><ns0:indicateurTauxDerogeableProfilInv>false</ns0:indicateurTauxDerogeableProfilInv><ns0:tauxRepartitionProfilInvDefaut>100.0</ns0:tauxRepartitionProfilInvDefaut></ns0:ProfilInv></ns0:OccStructInv><ns0:OccStructInv><ns0:idOccStructInv>RS122553971001_PP_50000000_0000004</ns0:idOccStructInv><ns0:idOccParentStructInv>RS122553971001_PP_50000000</ns0:idOccParentStructInv><ns0:codeNatureSupportInv>FDSGES</ns0:codeNatureSupportInv><ns0:libNatureSupportInv>Fonds Euro</ns0:libNatureSupportInv><ns0:codeNatureSupportInvSilo>FG</ns0:codeNatureSupportInvSilo><ns0:libNatureSupportInvSilo>FONDS DE GESTION</ns0:libNatureSupportInvSilo><ns0:deviseSupportInv>EUR</ns0:deviseSupportInv><ns0:SupportInv><ns0:idSupportInv>0000004</ns0:idSupportInv><ns0:nomSupportInv>ACTIF GENERAL</ns0:nomSupportInv><ns0:tauxRepartitionProfilInvDefaut>100.0</ns0:tauxRepartitionProfilInvDefaut><ns0:deviseFonds>EUR</ns0:deviseFonds></ns0:SupportInv></ns0:OccStructInv></ns0:StructInv></ns0:ConsulterStructInvFunc></ns0:ConsulterStructInvResponse></SOAP-ENV:Body></SOAP-ENV:Envelope>