<SOAP-ENV:Envelope xmlns:SOAP-ENV="http://schemas.xmlsoap.org/soap/envelope/"><SOAP-ENV:Header><ns:WSResponseMetaInfo xmlns:ns="http://www.fmk.com/ESB/Framework/ESBTechPivotSchema" xmlns:ns0="http://schemas.xmlsoap.org/soap/envelope/" xmlns:xs="http://www.w3.org/2001/XMLSchema" xmlns:xsi="http://www.w3.org/2001/XMLSchema-instance" xmlns:SOAP-ENV="http://schemas.xmlsoap.org/soap/envelope/"><ns:FuncFault/><ns:BusinessHeader/></ns:WSResponseMetaInfo></SOAP-ENV:Header><SOAP-ENV:Body><ns0:ConsulterStructInvResponse xmlns:ns0="http://www.alm.com/esb/service/GestInfoFin_1/ConsulterStructInv_3"><ns0:ConsulterStructInvFunc><ns0:StructInv><ns0:IdentificationStructInv><ns0:idStructInv>SF_2690281</ns0:idStructInv></ns0:IdentificationStructInv><ns0:OccStructInv><ns0:idOccStructInv>SF_5043490</ns0:idOccStructInv><ns0:idOccParentStructInv>SF_5043488</ns0:idOccParentStructInv><ns0:codeModeGestionInv>LIBRE</ns0:codeModeGestionInv><ns0:libModeGestionInv>Gestion libre</ns0:libModeGestionInv><ns0:codeModeGestionInvSilo>GL</ns0:codeModeGestionInvSilo><ns0:libModeGestionInvSilo>Gestion libre</ns0:libModeGestionInvSilo><ns0:codeNatureSupportInv>FDSGES</ns0:codeNatureSupportInv><ns0:libNatureSupportInv>Fonds Euro</ns0:libNatureSupportInv><ns0:codeNatureSupportInvSilo>FG</ns0:codeNatureSupportInvSilo><ns0:libNatureSupportInvSilo>Fond en Devises</ns0:libNatureSupportInvSilo><ns0:ProfilInv><ns0:idProfilInv>2918</ns0:idProfilInv><ns0:nomProfilInv>Fonds Euro EDF</ns0:nomProfilInv><ns0:tauxRepartitionProfilInv>1.0</ns0:tauxRepartitionProfilInv><ns0:indicateurTauxDerogeableProfilInv>false</ns0:indicateurTauxDerogeableProfilInv><ns0:tauxRepartitionProfilInvDefaut>1.0</ns0:tauxRepartitionProfilInvDefaut></ns0:ProfilInv></ns0:OccStructInv><ns0:OccStructInv><ns0:idOccStructInv>SF_2690280</ns0:idOccStructInv><ns0:idOccParentStructInv>SF_2690281</ns0:idOccParentStructInv><ns0:ContributionInv><ns0:idContributionInv>2690280</ns0:idContributionInv><ns0:codeContributionInv>PPATRO</ns0:codeContributionInv><ns0:libContributionInv>Part Patronale</ns0:libContributionInv><ns0:libContributionInvSilo>Part patronale</ns0:libContributionInvSilo><ns0:tauxRepartitionContribution>0.0</ns0:tauxRepartitionContribution><ns0:indicateurTauxDerogeableContributionInv>false</ns0:indicateurTauxDerogeableContributionInv><ns0:tauxRepartitionContributionDefaut>1.0</ns0:tauxRepartitionContributionDefaut></ns0:ContributionInv></ns0:OccStructInv><ns0:OccStructInv><ns0:idOccStructInv>SF_5043488</ns0:idOccStructInv><ns0:idOccParentStructInv>SF_2690281</ns0:idOccParentStructInv><ns0:ContributionInv><ns0:idContributionInv>5043488</ns0:idContributionInv><ns0:codeContributionInv>VERLIB</ns0:codeContributionInv><ns0:libContributionInv>Versement Libre</ns0:libContributionInv><ns0:libContributionInvSilo>Versement libre</ns0:libContributionInvSilo><ns0:tauxRepartitionContribution>0.0</ns0:tauxRepartitionContribution><ns0:indicateurTauxDerogeableContributionInv>false</ns0:indicateurTauxDerogeableContributionInv><ns0:tauxRepartitionContributionDefaut>1.0</ns0:tauxRepartitionContributionDefaut></ns0:ContributionInv></ns0:OccStructInv><ns0:OccStructInv><ns0:idOccStructInv>SF_2690278</ns0:idOccStructInv><ns0:idOccParentStructInv>SF_2690280</ns0:idOccParentStructInv><ns0:codeModeGestionInv>LIBRE</ns0:codeModeGestionInv><ns0:libModeGestionInv>Gestion libre</ns0:libModeGestionInv><ns0:codeModeGestionInvSilo>GL</ns0:codeModeGestionInvSilo><ns0:libModeGestionInvSilo>Gestion libre</ns0:libModeGestionInvSilo><ns0:codeNatureSupportInv>FDSGES</ns0:codeNatureSupportInv><ns0:libNatureSupportInv>Fonds Euro</ns0:libNatureSupportInv><ns0:codeNatureSupportInvSilo>FG</ns0:codeNatureSupportInvSilo><ns0:libNatureSupportInvSilo>Fond en Devises</ns0:libNatureSupportInvSilo><ns0:ProfilInv><ns0:idProfilInv>2918</ns0:idProfilInv><ns0:nomProfilInv>Fonds Euro EDF</ns0:nomProfilInv><ns0:tauxRepartitionProfilInv>1.0</ns0:tauxRepartitionProfilInv><ns0:indicateurTauxDerogeableProfilInv>false</ns0:indicateurTauxDerogeableProfilInv><ns0:tauxRepartitionProfilInvDefaut>1.0</ns0:tauxRepartitionProfilInvDefaut></ns0:ProfilInv></ns0:OccStructInv><ns0:OccStructInv><ns0:idOccStructInv>SF_5043490 SU_3437</ns0:idOccStructInv><ns0:idOccParentStructInv>SF_5043490</ns0:idOccParentStructInv><ns0:codeNatureSupportInv>FDSGES</ns0:codeNatureSupportInv><ns0:libNatureSupportInv>Fonds Euro</ns0:libNatureSupportInv><ns0:codeNatureSupportInvSilo>FG</ns0:codeNatureSupportInvSilo><ns0:SupportInv><ns0:idSupportInv>3437</ns0:idSupportInv><ns0:nomSupportInv>Fonds Euro EDF</ns0:nomSupportInv><ns0:codeCategorieFonds>FDPR</ns0:codeCategorieFonds><ns0:libCategorieFonds>Fonds propres</ns0:libCategorieFonds><ns0:codeCategorieFondsSilo>FPR</ns0:codeCategorieFondsSilo><ns0:libCategorieFondsSilo>Fonds propres</ns0:libCategorieFondsSilo><ns0:tauxRepartitionSupportInv>1.0</ns0:tauxRepartitionSupportInv><ns0:deviseFonds>EUR</ns0:deviseFonds></ns0:SupportInv></ns0:OccStructInv><ns0:OccStructInv><ns0:idOccStructInv>SF_2690278 SU_3437</ns0:idOccStructInv><ns0:idOccParentStructInv>SF_2690278</ns0:idOccParentStructInv><ns0:codeNatureSupportInv>FDSGES</ns0:codeNatureSupportInv><ns0:libNatureSupportInv>Fonds Euro</ns0:libNatureSupportInv><ns0:codeNatureSupportInvSilo>FG</ns0:codeNatureSupportInvSilo><ns0:SupportInv><ns0:idSupportInv>3437</ns0:idSupportInv><ns0:nomSupportInv>Fonds Euro EDF</ns0:nomSupportInv><ns0:codeCategorieFonds>FDPR</ns0:codeCategorieFonds><ns0:libCategorieFonds>Fonds propres</ns0:libCategorieFonds><ns0:codeCategorieFondsSilo>FPR</ns0:codeCategorieFondsSilo><ns0:libCategorieFondsSilo>Fonds propres</ns0:libCategorieFondsSilo><ns0:tauxRepartitionSupportInv>1.0</ns0:tauxRepartitionSupportInv><ns0:deviseFonds>EUR</ns0:deviseFonds></ns0:SupportInv></ns0:OccStructInv></ns0:StructInv></ns0:ConsulterStructInvFunc></ns0:ConsulterStructInvResponse></SOAP-ENV:Body></SOAP-ENV:Envelope>