<SOAP-ENV:Envelope xmlns:SOAP-ENV="http://schemas.xmlsoap.org/soap/envelope/"><SOAP-ENV:Header><ns:WSResponseMetaInfo xmlns:ns="http://www.fmk.com/ESB/Framework/ESBTechPivotSchema" xmlns:ns0="http://schemas.xmlsoap.org/soap/envelope/" xmlns:xs="http://www.w3.org/2001/XMLSchema" xmlns:xsi="http://www.w3.org/2001/XMLSchema-instance"><ns:FuncFault/><ns:BusinessHeader/></ns:WSResponseMetaInfo></SOAP-ENV:Header><SOAP-ENV:Body><ns0:ConsulterStructInvResponse xmlns:ns0="http://www.alm.com/esb/service/GestInfoFin_1/ConsulterStructInv_3"><ns0:ConsulterStructInvFunc><ns0:StructInv><ns0:IdentificationStructInv><ns0:idStructInv>SF_3387714</ns0:idStructInv></ns0:IdentificationStructInv><ns0:OccStructInv><ns0:idOccStructInv>SF_3387713</ns0:idOccStructInv><ns0:idOccParentStructInv>SF_3387714</ns0:idOccParentStructInv><ns0:ContributionInv><ns0:idContributionInv>3387713</ns0:idContributionInv><ns0:codeContributionInv>PPATRO</ns0:codeContributionInv><ns0:libContributionInv>Part Patronale</ns0:libContributionInv><ns0:libContributionInvSilo>Part patronale</ns0:libContributionInvSilo><ns0:tauxRepartitionContribution>0.0</ns0:tauxRepartitionContribution><ns0:indicateurTauxDerogeableContributionInv>false</ns0:indicateurTauxDerogeableContributionInv><ns0:tauxRepartitionContributionDefaut>1.0</ns0:tauxRepartitionContributionDefaut></ns0:ContributionInv></ns0:OccStructInv><ns0:OccStructInv><ns0:idOccStructInv>SF_6897557</ns0:idOccStructInv><ns0:idOccParentStructInv>SF_3387714</ns0:idOccParentStructInv><ns0:ContributionInv><ns0:idContributionInv>6897557</ns0:idContributionInv><ns0:codeContributionInv>VERLIB</ns0:codeContributionInv><ns0:libContributionInv>Versement Libre</ns0:libContributionInv><ns0:libContributionInvSilo>Versement libre</ns0:libContributionInvSilo><ns0:tauxRepartitionContribution>0.0</ns0:tauxRepartitionContribution><ns0:indicateurTauxDerogeableContributionInv>false</ns0:indicateurTauxDerogeableContributionInv><ns0:tauxRepartitionContributionDefaut>1.0</ns0:tauxRepartitionContributionDefaut></ns0:ContributionInv></ns0:OccStructInv><ns0:OccStructInv><ns0:idOccStructInv>SF_3387711</ns0:idOccStructInv><ns0:idOccParentStructInv>SF_3387713</ns0:idOccParentStructInv><ns0:codeModeGestionInv>LIBRE</ns0:codeModeGestionInv><ns0:libModeGestionInv>Gestion libre</ns0:libModeGestionInv><ns0:codeModeGestionInvSilo>GL</ns0:codeModeGestionInvSilo><ns0:libModeGestionInvSilo>Gestion libre</ns0:libModeGestionInvSilo><ns0:codeNatureSupportInv>FDSGES</ns0:codeNatureSupportInv><ns0:libNatureSupportInv>Fonds Euro</ns0:libNatureSupportInv><ns0:codeNatureSupportInvSilo>FG</ns0:codeNatureSupportInvSilo><ns0:libNatureSupportInvSilo>Fond en Devises</ns0:libNatureSupportInvSilo><ns0:ProfilInv><ns0:idProfilInv>212</ns0:idProfilInv><ns0:nomProfilInv>Actif en euros</ns0:nomProfilInv><ns0:tauxRepartitionProfilInv>1.0</ns0:tauxRepartitionProfilInv><ns0:indicateurTauxDerogeableProfilInv>false</ns0:indicateurTauxDerogeableProfilInv><ns0:tauxRepartitionProfilInvDefaut>1.0</ns0:tauxRepartitionProfilInvDefaut></ns0:ProfilInv></ns0:OccStructInv><ns0:OccStructInv><ns0:idOccStructInv>SF_6897559</ns0:idOccStructInv><ns0:idOccParentStructInv>SF_6897557</ns0:idOccParentStructInv><ns0:codeModeGestionInv>LIBRE</ns0:codeModeGestionInv><ns0:libModeGestionInv>Gestion libre</ns0:libModeGestionInv><ns0:codeModeGestionInvSilo>GL</ns0:codeModeGestionInvSilo><ns0:libModeGestionInvSilo>Gestion libre</ns0:libModeGestionInvSilo><ns0:codeNatureSupportInv>FDSGES</ns0:codeNatureSupportInv><ns0:libNatureSupportInv>Fonds Euro</ns0:libNatureSupportInv><ns0:codeNatureSupportInvSilo>FG</ns0:codeNatureSupportInvSilo><ns0:libNatureSupportInvSilo>Fond en Devises</ns0:libNatureSupportInvSilo><ns0:ProfilInv><ns0:idProfilInv>212</ns0:idProfilInv><ns0:nomProfilInv>Actif en euros</ns0:nomProfilInv><ns0:tauxRepartitionProfilInv>1.0</ns0:tauxRepartitionProfilInv><ns0:indicateurTauxDerogeableProfilInv>false</ns0:indicateurTauxDerogeableProfilInv><ns0:tauxRepartitionProfilInvDefaut>1.0</ns0:tauxRepartitionProfilInvDefaut></ns0:ProfilInv></ns0:OccStructInv><ns0:OccStructInv><ns0:idOccStructInv>SF_7013351</ns0:idOccStructInv><ns0:idOccParentStructInv>SF_6897557</ns0:idOccParentStructInv><ns0:codeModeGestionInv>LIBRE</ns0:codeModeGestionInv><ns0:libModeGestionInv>Gestion libre</ns0:libModeGestionInv><ns0:codeModeGestionInvSilo>GL</ns0:codeModeGestionInvSilo><ns0:libModeGestionInvSilo>Gestion libre</ns0:libModeGestionInvSilo><ns0:codeNatureSupportInv>FDSGES</ns0:codeNatureSupportInv><ns0:libNatureSupportInv>Fonds Euro</ns0:libNatureSupportInv><ns0:codeNatureSupportInvSilo>FG</ns0:codeNatureSupportInvSilo><ns0:libNatureSupportInvSilo>Fond en Devises</ns0:libNatureSupportInvSilo><ns0:ProfilInv><ns0:idProfilInv>237</ns0:idProfilInv><ns0:nomProfilInv>Fonds club 3</ns0:nomProfilInv><ns0:tauxRepartitionProfilInv>1.0</ns0:tauxRepartitionProfilInv><ns0:indicateurTauxDerogeableProfilInv>false</ns0:indicateurTauxDerogeableProfilInv><ns0:tauxRepartitionProfilInvDefaut>0.0</ns0:tauxRepartitionProfilInvDefaut></ns0:ProfilInv></ns0:OccStructInv><ns0:OccStructInv><ns0:idOccStructInv>SF_7013352</ns0:idOccStructInv><ns0:idOccParentStructInv>SF_6897557</ns0:idOccParentStructInv><ns0:codeModeGestionInv>LIBRE</ns0:codeModeGestionInv><ns0:libModeGestionInv>Gestion libre</ns0:libModeGestionInv><ns0:codeModeGestionInvSilo>GL</ns0:codeModeGestionInvSilo><ns0:libModeGestionInvSilo>Gestion libre</ns0:libModeGestionInvSilo><ns0:codeNatureSupportInv>FDSGES</ns0:codeNatureSupportInv><ns0:libNatureSupportInv>Fonds Euro</ns0:libNatureSupportInv><ns0:codeNatureSupportInvSilo>FG</ns0:codeNatureSupportInvSilo><ns0:libNatureSupportInvSilo>Fond en Devises</ns0:libNatureSupportInvSilo><ns0:ProfilInv><ns0:idProfilInv>3025</ns0:idProfilInv><ns0:nomProfilInv>Fonds Club 4</ns0:nomProfilInv><ns0:tauxRepartitionProfilInv>1.0</ns0:tauxRepartitionProfilInv><ns0:indicateurTauxDerogeableProfilInv>false</ns0:indicateurTauxDerogeableProfilInv><ns0:tauxRepartitionProfilInvDefaut>0.0</ns0:tauxRepartitionProfilInvDefaut></ns0:ProfilInv></ns0:OccStructInv><ns0:OccStructInv><ns0:idOccStructInv>SF_7039940</ns0:idOccStructInv><ns0:idOccParentStructInv>SF_6897557</ns0:idOccParentStructInv><ns0:codeModeGestionInv>PILHRZ</ns0:codeModeGestionInv><ns0:libModeGestionInv>Gestion pilotée horizon</ns0:libModeGestionInv><ns0:codeModeGestionInvSilo>GP</ns0:codeModeGestionInvSilo><ns0:libModeGestionInvSilo>Gestion pilotée</ns0:libModeGestionInvSilo><ns0:codeNatureSupportInv>MIXTE</ns0:codeNatureSupportInv><ns0:libNatureSupportInv>Mixte</ns0:libNatureSupportInv><ns0:codeNatureSupportInvSilo>MI</ns0:codeNatureSupportInvSilo><ns0:libNatureSupportInvSilo>Mixte</ns0:libNatureSupportInvSilo><ns0:GrilleInv><ns0:idGrilleInv>3516</ns0:idGrilleInv><ns0:nomGrilleInv>GESTION DYNAMIQUE</ns0:nomGrilleInv><ns0:tauxRepartitionGrilleInv>1.0</ns0:tauxRepartitionGrilleInv><ns0:indicateurTauxDerogeableGrilleInv>false</ns0:indicateurTauxDerogeableGrilleInv><ns0:tauxRepartitionGrilleInvDefaut>0.0</ns0:tauxRepartitionGrilleInvDefaut></ns0:GrilleInv></ns0:OccStructInv><ns0:OccStructInv><ns0:idOccStructInv>SF_3387711 SU_1612</ns0:idOccStructInv><ns0:idOccParentStructInv>SF_3387711</ns0:idOccParentStructInv><ns0:codeNatureSupportInv>FDSGES</ns0:codeNatureSupportInv><ns0:libNatureSupportInv>Fonds Euro</ns0:libNatureSupportInv><ns0:codeNatureSupportInvSilo>FG</ns0:codeNatureSupportInvSilo><ns0:SupportInv><ns0:idSupportInv>1612</ns0:idSupportInv><ns0:nomSupportInv>Actif en euros</ns0:nomSupportInv><ns0:codeCategorieFonds>FDPR</ns0:codeCategorieFonds><ns0:libCategorieFonds>Fonds propres</ns0:libCategorieFonds><ns0:codeCategorieFondsSilo>FPR</ns0:codeCategorieFondsSilo><ns0:libCategorieFondsSilo>Fonds propres</ns0:libCategorieFondsSilo><ns0:tauxRepartitionSupportInv>1.0</ns0:tauxRepartitionSupportInv><ns0:deviseFonds>EUR</ns0:deviseFonds></ns0:SupportInv></ns0:OccStructInv><ns0:OccStructInv><ns0:idOccStructInv>SF_6897559 SU_1612</ns0:idOccStructInv><ns0:idOccParentStructInv>SF_6897559</ns0:idOccParentStructInv><ns0:codeNatureSupportInv>FDSGES</ns0:codeNatureSupportInv><ns0:libNatureSupportInv>Fonds Euro</ns0:libNatureSupportInv><ns0:codeNatureSupportInvSilo>FG</ns0:codeNatureSupportInvSilo><ns0:SupportInv><ns0:idSupportInv>1612</ns0:idSupportInv><ns0:nomSupportInv>Actif en euros</ns0:nomSupportInv><ns0:codeCategorieFonds>FDPR</ns0:codeCategorieFonds><ns0:libCategorieFonds>Fonds propres</ns0:libCategorieFonds><ns0:codeCategorieFondsSilo>FPR</ns0:codeCategorieFondsSilo><ns0:libCategorieFondsSilo>Fonds propres</ns0:libCategorieFondsSilo><ns0:tauxRepartitionSupportInv>1.0</ns0:tauxRepartitionSupportInv><ns0:deviseFonds>EUR</ns0:deviseFonds></ns0:SupportInv></ns0:OccStructInv><ns0:OccStructInv><ns0:idOccStructInv>SF_7013351 SU_2215</ns0:idOccStructInv><ns0:idOccParentStructInv>SF_7013351</ns0:idOccParentStructInv><ns0:codeNatureSupportInv>FDSGES</ns0:codeNatureSupportInv><ns0:libNatureSupportInv>Fonds Euro</ns0:libNatureSupportInv><ns0:codeNatureSupportInvSilo>FG</ns0:codeNatureSupportInvSilo><ns0:SupportInv><ns0:idSupportInv>2215</ns0:idSupportInv><ns0:nomSupportInv>Fonds Club 3</ns0:nomSupportInv><ns0:codeCategorieFonds>FDDD</ns0:codeCategorieFonds><ns0:libCategorieFonds>Fonds dédiés</ns0:libCategorieFonds><ns0:codeCategorieFondsSilo>FDD</ns0:codeCategorieFondsSilo><ns0:libCategorieFondsSilo>Fonds dédiés</ns0:libCategorieFondsSilo><ns0:tauxRepartitionSupportInv>1.0</ns0:tauxRepartitionSupportInv><ns0:deviseFonds>EUR</ns0:deviseFonds></ns0:SupportInv></ns0:OccStructInv><ns0:OccStructInv><ns0:idOccStructInv>SF_7013352 SU_3471</ns0:idOccStructInv><ns0:idOccParentStructInv>SF_7013352</ns0:idOccParentStructInv><ns0:codeNatureSupportInv>FDSGES</ns0:codeNatureSupportInv><ns0:libNatureSupportInv>Fonds Euro</ns0:libNatureSupportInv><ns0:codeNatureSupportInvSilo>FG</ns0:codeNatureSupportInvSilo><ns0:SupportInv><ns0:idSupportInv>3471</ns0:idSupportInv><ns0:nomSupportInv>Fonds Club 4</ns0:nomSupportInv><ns0:codeCategorieFonds>FDDD</ns0:codeCategorieFonds><ns0:libCategorieFonds>Fonds dédiés</ns0:libCategorieFonds><ns0:codeCategorieFondsSilo>FDD</ns0:codeCategorieFondsSilo><ns0:libCategorieFondsSilo>Fonds dédiés</ns0:libCategorieFondsSilo><ns0:tauxRepartitionSupportInv>1.0</ns0:tauxRepartitionSupportInv><ns0:deviseFonds>EUR</ns0:deviseFonds></ns0:SupportInv></ns0:OccStructInv><ns0:OccStructInv><ns0:idOccStructInv>SF_7039940 SI_3521 SI_3508 SI_3524</ns0:idOccStructInv><ns0:idOccParentStructInv>SF_7039940 SI_3521 SI_3508</ns0:idOccParentStructInv><ns0:codeNatureSupportInv>UNICPT</ns0:codeNatureSupportInv><ns0:libNatureSupportInv>UC</ns0:libNatureSupportInv><ns0:codeNatureSupportInvSilo>UC</ns0:codeNatureSupportInvSilo><ns0:libNatureSupportInvSilo>Unité de Compte</ns0:libNatureSupportInvSilo><ns0:ProfilInv><ns0:idProfilInv>3524</ns0:idProfilInv><ns0:nomProfilInv>Actions Europe</ns0:nomProfilInv><ns0:tauxRepartitionProfilInv>0.65</ns0:tauxRepartitionProfilInv><ns0:indicateurTauxDerogeableProfilInv>false</ns0:indicateurTauxDerogeableProfilInv></ns0:ProfilInv></ns0:OccStructInv><ns0:OccStructInv><ns0:idOccStructInv>SF_7039940 SI_3521 SI_3508 SI_3526</ns0:idOccStructInv><ns0:idOccParentStructInv>SF_7039940 SI_3521 SI_3508</ns0:idOccParentStructInv><ns0:codeNatureSupportInv>UNICPT</ns0:codeNatureSupportInv><ns0:libNatureSupportInv>UC</ns0:libNatureSupportInv><ns0:codeNatureSupportInvSilo>UC</ns0:codeNatureSupportInvSilo><ns0:libNatureSupportInvSilo>Unité de Compte</ns0:libNatureSupportInvSilo><ns0:ProfilInv><ns0:idProfilInv>3526</ns0:idProfilInv><ns0:nomProfilInv>Actions Japon</ns0:nomProfilInv><ns0:tauxRepartitionProfilInv>0.05</ns0:tauxRepartitionProfilInv><ns0:indicateurTauxDerogeableProfilInv>false</ns0:indicateurTauxDerogeableProfilInv></ns0:ProfilInv></ns0:OccStructInv><ns0:OccStructInv><ns0:idOccStructInv>SF_7039940 SI_3521 SI_3508 SI_3527</ns0:idOccStructInv><ns0:idOccParentStructInv>SF_7039940 SI_3521 SI_3508</ns0:idOccParentStructInv><ns0:codeNatureSupportInv>UNICPT</ns0:codeNatureSupportInv><ns0:libNatureSupportInv>UC</ns0:libNatureSupportInv><ns0:codeNatureSupportInvSilo>UC</ns0:codeNatureSupportInvSilo><ns0:libNatureSupportInvSilo>Unité de Compte</ns0:libNatureSupportInvSilo><ns0:ProfilInv><ns0:idProfilInv>3527</ns0:idProfilInv><ns0:nomProfilInv>Actions Pays Emergents</ns0:nomProfilInv><ns0:tauxRepartitionProfilInv>0.05</ns0:tauxRepartitionProfilInv><ns0:indicateurTauxDerogeableProfilInv>false</ns0:indicateurTauxDerogeableProfilInv></ns0:ProfilInv></ns0:OccStructInv><ns0:OccStructInv><ns0:idOccStructInv>SF_7039940 SI_3521 SI_3508 SI_3525</ns0:idOccStructInv><ns0:idOccParentStructInv>SF_7039940 SI_3521 SI_3508</ns0:idOccParentStructInv><ns0:codeNatureSupportInv>UNICPT</ns0:codeNatureSupportInv><ns0:libNatureSupportInv>UC</ns0:libNatureSupportInv><ns0:codeNatureSupportInvSilo>UC</ns0:codeNatureSupportInvSilo><ns0:libNatureSupportInvSilo>Unité de Compte</ns0:libNatureSupportInvSilo><ns0:ProfilInv><ns0:idProfilInv>3525</ns0:idProfilInv><ns0:nomProfilInv>Actions Etats-Unis</ns0:nomProfilInv><ns0:tauxRepartitionProfilInv>0.25</ns0:tauxRepartitionProfilInv><ns0:indicateurTauxDerogeableProfilInv>false</ns0:indicateurTauxDerogeableProfilInv></ns0:ProfilInv></ns0:OccStructInv><ns0:OccStructInv><ns0:idOccStructInv>SF_7039940 SI_3519 SI_3508 SI_3526 SU_3166</ns0:idOccStructInv><ns0:idOccParentStructInv>SF_7039940 SI_3519 SI_3508 SI_3526</ns0:idOccParentStructInv><ns0:codeNatureSupportInv>UNICPT</ns0:codeNatureSupportInv><ns0:libNatureSupportInv>UC</ns0:libNatureSupportInv><ns0:codeNatureSupportInvSilo>UC</ns0:codeNatureSupportInvSilo><ns0:SupportInv><ns0:idSupportInv>3166</ns0:idSupportInv><ns0:codeISIN>IE0031503448</ns0:codeISIN><ns0:nomSupportInv>RIC PLC - INVEST JAPAN EQUITY F</ns0:nomSupportInv><ns0:codeCategorieFonds>OPACT</ns0:codeCategorieFonds><ns0:libCategorieFonds>OPCVM à tendance actions</ns0:libCategorieFonds><ns0:codeCategorieFondsSilo>PAC</ns0:codeCategorieFondsSilo><ns0:libCategorieFondsSilo>OPCVM à tendance actions</ns0:libCategorieFondsSilo><ns0:tauxRepartitionSupportInv>1.0</ns0:tauxRepartitionSupportInv><ns0:deviseFonds>EUR</ns0:deviseFonds></ns0:SupportInv></ns0:OccStructInv><ns0:OccStructInv><ns0:idOccStructInv>SF_7039940 SI_3519 SI_3508 SI_3525 SU_3164</ns0:idOccStructInv><ns0:idOccParentStructInv>SF_7039940 SI_3519 SI_3508 SI_3525</ns0:idOccParentStructInv><ns0:codeNatureSupportInv>UNICPT</ns0:codeNatureSupportInv><ns0:libNatureSupportInv>UC</ns0:libNatureSupportInv><ns0:codeNatureSupportInvSilo>UC</ns0:codeNatureSupportInvSilo><ns0:SupportInv><ns0:idSupportInv>3164</ns0:idSupportInv><ns0:codeISIN>IE0031179298</ns0:codeISIN><ns0:nomSupportInv>RIC 2 PLC - INVEST US QUANT FD C</ns0:nomSupportInv><ns0:codeCategorieFonds>OPACT</ns0:codeCategorieFonds><ns0:libCategorieFonds>OPCVM à tendance actions</ns0:libCategorieFonds><ns0:codeCategorieFondsSilo>PAC</ns0:codeCategorieFondsSilo><ns0:libCategorieFondsSilo>OPCVM à tendance actions</ns0:libCategorieFondsSilo><ns0:tauxRepartitionSupportInv>0.4</ns0:tauxRepartitionSupportInv><ns0:deviseFonds>EUR</ns0:deviseFonds></ns0:SupportInv></ns0:OccStructInv><ns0:OccStructInv><ns0:idOccStructInv>SF_7039940 SI_3519 SI_3508 SI_3525 SU_3163</ns0:idOccStructInv><ns0:idOccParentStructInv>SF_7039940 SI_3519 SI_3508 SI_3525</ns0:idOccParentStructInv><ns0:codeNatureSupportInv>UNICPT</ns0:codeNatureSupportInv><ns0:libNatureSupportInv>UC</ns0:libNatureSupportInv><ns0:codeNatureSupportInvSilo>UC</ns0:codeNatureSupportInvSilo><ns0:SupportInv><ns0:idSupportInv>3163</ns0:idSupportInv><ns0:codeISIN>IE0003507831</ns0:codeISIN><ns0:nomSupportInv>RIC PLC - INVEST US EQUITY B</ns0:nomSupportInv><ns0:codeCategorieFonds>OPACT</ns0:codeCategorieFonds><ns0:libCategorieFonds>OPCVM à tendance actions</ns0:libCategorieFonds><ns0:codeCategorieFondsSilo>PAC</ns0:codeCategorieFondsSilo><ns0:libCategorieFondsSilo>OPCVM à tendance actions</ns0:libCategorieFondsSilo><ns0:tauxRepartitionSupportInv>0.6</ns0:tauxRepartitionSupportInv><ns0:deviseFonds>USD</ns0:deviseFonds></ns0:SupportInv></ns0:OccStructInv><ns0:OccStructInv><ns0:idOccStructInv>SF_7039940 SI_3519 SI_3508 SI_3524 SU_3161</ns0:idOccStructInv><ns0:idOccParentStructInv>SF_7039940 SI_3519 SI_3508 SI_3524</ns0:idOccParentStructInv><ns0:codeNatureSupportInv>UNICPT</ns0:codeNatureSupportInv><ns0:libNatureSupportInv>UC</ns0:libNatureSupportInv><ns0:codeNatureSupportInvSilo>UC</ns0:codeNatureSupportInvSilo><ns0:SupportInv><ns0:idSupportInv>3161</ns0:idSupportInv><ns0:codeISIN>IE0031180304</ns0:codeISIN><ns0:nomSupportInv>RIC II PLC - INV PAN EUROP EQU F</ns0:nomSupportInv><ns0:codeCategorieFonds>OPACT</ns0:codeCategorieFonds><ns0:libCategorieFonds>OPCVM à tendance actions</ns0:libCategorieFonds><ns0:codeCategorieFondsSilo>PAC</ns0:codeCategorieFondsSilo><ns0:libCategorieFondsSilo>OPCVM à tendance actions</ns0:libCategorieFondsSilo><ns0:tauxRepartitionSupportInv>0.3077</ns0:tauxRepartitionSupportInv><ns0:deviseFonds>EUR</ns0:deviseFonds></ns0:SupportInv></ns0:OccStructInv><ns0:OccStructInv><ns0:idOccStructInv>SF_7039940 SI_3519 SI_3508 SI_3524 SU_3303</ns0:idOccStructInv><ns0:idOccParentStructInv>SF_7039940 SI_3519 SI_3508 SI_3524</ns0:idOccParentStructInv><ns0:codeNatureSupportInv>UNICPT</ns0:codeNatureSupportInv><ns0:libNatureSupportInv>UC</ns0:libNatureSupportInv><ns0:codeNatureSupportInvSilo>UC</ns0:codeNatureSupportInvSilo><ns0:SupportInv><ns0:idSupportInv>3303</ns0:idSupportInv><ns0:codeISIN>IE00B0DD1V33</ns0:codeISIN><ns0:nomSupportInv>MSMM EUROZONE EQ FUND A</ns0:nomSupportInv><ns0:codeCategorieFonds>OPACT</ns0:codeCategorieFonds><ns0:libCategorieFonds>OPCVM à tendance actions</ns0:libCategorieFonds><ns0:codeCategorieFondsSilo>PAC</ns0:codeCategorieFondsSilo><ns0:libCategorieFondsSilo>OPCVM à tendance actions</ns0:libCategorieFondsSilo><ns0:tauxRepartitionSupportInv>0.2308</ns0:tauxRepartitionSupportInv><ns0:deviseFonds>EUR</ns0:deviseFonds></ns0:SupportInv></ns0:OccStructInv><ns0:OccStructInv><ns0:idOccStructInv>SF_7039940 SI_3519 SI_3508 SI_3524 SU_3160</ns0:idOccStructInv><ns0:idOccParentStructInv>SF_7039940 SI_3519 SI_3508 SI_3524</ns0:idOccParentStructInv><ns0:codeNatureSupportInv>UNICPT</ns0:codeNatureSupportInv><ns0:libNatureSupportInv>UC</ns0:libNatureSupportInv><ns0:codeNatureSupportInvSilo>UC</ns0:codeNatureSupportInvSilo><ns0:SupportInv><ns0:idSupportInv>3160</ns0:idSupportInv><ns0:codeISIN>IE0007356581</ns0:codeISIN><ns0:nomSupportInv>RIC PLC - INV CONTI EUROP EQUI C</ns0:nomSupportInv><ns0:codeCategorieFonds>OPACT</ns0:codeCategorieFonds><ns0:libCategorieFonds>OPCVM à tendance actions</ns0:libCategorieFonds><ns0:codeCategorieFondsSilo>PAC</ns0:codeCategorieFondsSilo><ns0:libCategorieFondsSilo>OPCVM à tendance actions</ns0:libCategorieFondsSilo><ns0:tauxRepartitionSupportInv>0.3077</ns0:tauxRepartitionSupportInv><ns0:deviseFonds>EUR</ns0:deviseFonds></ns0:SupportInv></ns0:OccStructInv><ns0:OccStructInv><ns0:idOccStructInv>SF_7039940 SI_3519 SI_3508 SI_3524 SU_3162</ns0:idOccStructInv><ns0:idOccParentStructInv>SF_7039940 SI_3519 SI_3508 SI_3524</ns0:idOccParentStructInv><ns0:codeNatureSupportInv>UNICPT</ns0:codeNatureSupportInv><ns0:libNatureSupportInv>UC</ns0:libNatureSupportInv><ns0:codeNatureSupportInvSilo>UC</ns0:codeNatureSupportInvSilo><ns0:SupportInv><ns0:idSupportInv>3162</ns0:idSupportInv><ns0:codeISIN>IE0004307934</ns0:codeISIN><ns0:nomSupportInv>MSMM  European Small Cap Eq</ns0:nomSupportInv><ns0:codeCategorieFonds>OPACT</ns0:codeCategorieFonds><ns0:libCategorieFonds>OPCVM à tendance actions</ns0:libCategorieFonds><ns0:codeCategorieFondsSilo>PAC</ns0:codeCategorieFondsSilo><ns0:libCategorieFondsSilo>OPCVM à tendance actions</ns0:libCategorieFondsSilo><ns0:tauxRepartitionSupportInv>0.1538</ns0:tauxRepartitionSupportInv><ns0:deviseFonds>EUR</ns0:deviseFonds></ns0:SupportInv></ns0:OccStructInv><ns0:OccStructInv><ns0:idOccStructInv>SF_7039940 SI_3519 SI_3508 SI_3524</ns0:idOccStructInv><ns0:idOccParentStructInv>SF_7039940 SI_3519 SI_3508</ns0:idOccParentStructInv><ns0:codeNatureSupportInv>UNICPT</ns0:codeNatureSupportInv><ns0:libNatureSupportInv>UC</ns0:libNatureSupportInv><ns0:codeNatureSupportInvSilo>UC</ns0:codeNatureSupportInvSilo><ns0:libNatureSupportInvSilo>Unité de Compte</ns0:libNatureSupportInvSilo><ns0:ProfilInv><ns0:idProfilInv>3524</ns0:idProfilInv><ns0:nomProfilInv>Actions Europe</ns0:nomProfilInv><ns0:tauxRepartitionProfilInv>0.65</ns0:tauxRepartitionProfilInv><ns0:indicateurTauxDerogeableProfilInv>false</ns0:indicateurTauxDerogeableProfilInv></ns0:ProfilInv></ns0:OccStructInv><ns0:OccStructInv><ns0:idOccStructInv>SF_7039940 SI_3519 SI_3508 SI_3526</ns0:idOccStructInv><ns0:idOccParentStructInv>SF_7039940 SI_3519 SI_3508</ns0:idOccParentStructInv><ns0:codeNatureSupportInv>UNICPT</ns0:codeNatureSupportInv><ns0:libNatureSupportInv>UC</ns0:libNatureSupportInv><ns0:codeNatureSupportInvSilo>UC</ns0:codeNatureSupportInvSilo><ns0:libNatureSupportInvSilo>Unité de Compte</ns0:libNatureSupportInvSilo><ns0:ProfilInv><ns0:idProfilInv>3526</ns0:idProfilInv><ns0:nomProfilInv>Actions Japon</ns0:nomProfilInv><ns0:tauxRepartitionProfilInv>0.05</ns0:tauxRepartitionProfilInv><ns0:indicateurTauxDerogeableProfilInv>false</ns0:indicateurTauxDerogeableProfilInv></ns0:ProfilInv></ns0:OccStructInv><ns0:OccStructInv><ns0:idOccStructInv>SF_7039940 SI_3519 SI_3508 SI_3527</ns0:idOccStructInv><ns0:idOccParentStructInv>SF_7039940 SI_3519 SI_3508</ns0:idOccParentStructInv><ns0:codeNatureSupportInv>UNICPT</ns0:codeNatureSupportInv><ns0:libNatureSupportInv>UC</ns0:libNatureSupportInv><ns0:codeNatureSupportInvSilo>UC</ns0:codeNatureSupportInvSilo><ns0:libNatureSupportInvSilo>Unité de Compte</ns0:libNatureSupportInvSilo><ns0:ProfilInv><ns0:idProfilInv>3527</ns0:idProfilInv><ns0:nomProfilInv>Actions Pays Emergents</ns0:nomProfilInv><ns0:tauxRepartitionProfilInv>0.05</ns0:tauxRepartitionProfilInv><ns0:indicateurTauxDerogeableProfilInv>false</ns0:indicateurTauxDerogeableProfilInv></ns0:ProfilInv></ns0:OccStructInv><ns0:OccStructInv><ns0:idOccStructInv>SF_7039940 SI_3519 SI_3508 SI_3525</ns0:idOccStructInv><ns0:idOccParentStructInv>SF_7039940 SI_3519 SI_3508</ns0:idOccParentStructInv><ns0:codeNatureSupportInv>UNICPT</ns0:codeNatureSupportInv><ns0:libNatureSupportInv>UC</ns0:libNatureSupportInv><ns0:codeNatureSupportInvSilo>UC</ns0:codeNatureSupportInvSilo><ns0:libNatureSupportInvSilo>Unité de Compte</ns0:libNatureSupportInvSilo><ns0:ProfilInv><ns0:idProfilInv>3525</ns0:idProfilInv><ns0:nomProfilInv>Actions Etats-Unis</ns0:nomProfilInv><ns0:tauxRepartitionProfilInv>0.25</ns0:tauxRepartitionProfilInv><ns0:indicateurTauxDerogeableProfilInv>false</ns0:indicateurTauxDerogeableProfilInv></ns0:ProfilInv></ns0:OccStructInv><ns0:OccStructInv><ns0:idOccStructInv>SF_7039940 SI_3521 SI_3508 SI_3526 SU_3166</ns0:idOccStructInv><ns0:idOccParentStructInv>SF_7039940 SI_3521 SI_3508 SI_3526</ns0:idOccParentStructInv><ns0:codeNatureSupportInv>UNICPT</ns0:codeNatureSupportInv><ns0:libNatureSupportInv>UC</ns0:libNatureSupportInv><ns0:codeNatureSupportInvSilo>UC</ns0:codeNatureSupportInvSilo><ns0:SupportInv><ns0:idSupportInv>3166</ns0:idSupportInv><ns0:codeISIN>IE0031503448</ns0:codeISIN><ns0:nomSupportInv>RIC PLC - INVEST JAPAN EQUITY F</ns0:nomSupportInv><ns0:codeCategorieFonds>OPACT</ns0:codeCategorieFonds><ns0:libCategorieFonds>OPCVM à tendance actions</ns0:libCategorieFonds><ns0:codeCategorieFondsSilo>PAC</ns0:codeCategorieFondsSilo><ns0:libCategorieFondsSilo>OPCVM à tendance actions</ns0:libCategorieFondsSilo><ns0:tauxRepartitionSupportInv>1.0</ns0:tauxRepartitionSupportInv><ns0:deviseFonds>EUR</ns0:deviseFonds></ns0:SupportInv></ns0:OccStructInv><ns0:OccStructInv><ns0:idOccStructInv>SF_7039940 SI_3521 SI_3508 SI_3527 SU_3167</ns0:idOccStructInv><ns0:idOccParentStructInv>SF_7039940 SI_3521 SI_3508 SI_3527</ns0:idOccParentStructInv><ns0:codeNatureSupportInv>UNICPT</ns0:codeNatureSupportInv><ns0:libNatureSupportInv>UC</ns0:libNatureSupportInv><ns0:codeNatureSupportInvSilo>UC</ns0:codeNatureSupportInvSilo><ns0:SupportInv><ns0:idSupportInv>3167</ns0:idSupportInv><ns0:codeISIN>IE0003502493</ns0:codeISIN><ns0:nomSupportInv>RIC Emerging Markets Eq B</ns0:nomSupportInv><ns0:codeCategorieFonds>OPACT</ns0:codeCategorieFonds><ns0:libCategorieFonds>OPCVM à tendance actions</ns0:libCategorieFonds><ns0:codeCategorieFondsSilo>PAC</ns0:codeCategorieFondsSilo><ns0:libCategorieFondsSilo>OPCVM à tendance actions</ns0:libCategorieFondsSilo><ns0:tauxRepartitionSupportInv>1.0</ns0:tauxRepartitionSupportInv><ns0:deviseFonds>USD</ns0:deviseFonds></ns0:SupportInv></ns0:OccStructInv><ns0:OccStructInv><ns0:idOccStructInv>SF_7039940 SI_3519 SI_3506 SU_4316</ns0:idOccStructInv><ns0:idOccParentStructInv>SF_7039940 SI_3519 SI_3506</ns0:idOccParentStructInv><ns0:codeNatureSupportInv>FDSGES</ns0:codeNatureSupportInv><ns0:libNatureSupportInv>Fonds Euro</ns0:libNatureSupportInv><ns0:codeNatureSupportInvSilo>FG</ns0:codeNatureSupportInvSilo><ns0:SupportInv><ns0:idSupportInv>4316</ns0:idSupportInv><ns0:nomSupportInv>Fonds en Euro</ns0:nomSupportInv><ns0:codeCategorieFonds>FDPR</ns0:codeCategorieFonds><ns0:libCategorieFonds>Fonds propres</ns0:libCategorieFonds><ns0:codeCategorieFondsSilo>FPR</ns0:codeCategorieFondsSilo><ns0:libCategorieFondsSilo>Fonds propres</ns0:libCategorieFondsSilo><ns0:tauxRepartitionSupportInv>1.0</ns0:tauxRepartitionSupportInv><ns0:deviseFonds>EUR</ns0:deviseFonds></ns0:SupportInv></ns0:OccStructInv><ns0:OccStructInv><ns0:idOccStructInv>SF_7039940 SI_3521 SI_3508 SI_3524 SU_3161</ns0:idOccStructInv><ns0:idOccParentStructInv>SF_7039940 SI_3521 SI_3508 SI_3524</ns0:idOccParentStructInv><ns0:codeNatureSupportInv>UNICPT</ns0:codeNatureSupportInv><ns0:libNatureSupportInv>UC</ns0:libNatureSupportInv><ns0:codeNatureSupportInvSilo>UC</ns0:codeNatureSupportInvSilo><ns0:SupportInv><ns0:idSupportInv>3161</ns0:idSupportInv><ns0:codeISIN>IE0031180304</ns0:codeISIN><ns0:nomSupportInv>RIC II PLC - INV PAN EUROP EQU F</ns0:nomSupportInv><ns0:codeCategorieFonds>OPACT</ns0:codeCategorieFonds><ns0:libCategorieFonds>OPCVM à tendance actions</ns0:libCategorieFonds><ns0:codeCategorieFondsSilo>PAC</ns0:codeCategorieFondsSilo><ns0:libCategorieFondsSilo>OPCVM à tendance actions</ns0:libCategorieFondsSilo><ns0:tauxRepartitionSupportInv>0.3077</ns0:tauxRepartitionSupportInv><ns0:deviseFonds>EUR</ns0:deviseFonds></ns0:SupportInv></ns0:OccStructInv><ns0:OccStructInv><ns0:idOccStructInv>SF_7039940 SI_3521 SI_3508 SI_3524 SU_3303</ns0:idOccStructInv><ns0:idOccParentStructInv>SF_7039940 SI_3521 SI_3508 SI_3524</ns0:idOccParentStructInv><ns0:codeNatureSupportInv>UNICPT</ns0:codeNatureSupportInv><ns0:libNatureSupportInv>UC</ns0:libNatureSupportInv><ns0:codeNatureSupportInvSilo>UC</ns0:codeNatureSupportInvSilo><ns0:SupportInv><ns0:idSupportInv>3303</ns0:idSupportInv><ns0:codeISIN>IE00B0DD1V33</ns0:codeISIN><ns0:nomSupportInv>MSMM EUROZONE EQ FUND A</ns0:nomSupportInv><ns0:codeCategorieFonds>OPACT</ns0:codeCategorieFonds><ns0:libCategorieFonds>OPCVM à tendance actions</ns0:libCategorieFonds><ns0:codeCategorieFondsSilo>PAC</ns0:codeCategorieFondsSilo><ns0:libCategorieFondsSilo>OPCVM à tendance actions</ns0:libCategorieFondsSilo><ns0:tauxRepartitionSupportInv>0.2308</ns0:tauxRepartitionSupportInv><ns0:deviseFonds>EUR</ns0:deviseFonds></ns0:SupportInv></ns0:OccStructInv><ns0:OccStructInv><ns0:idOccStructInv>SF_7039940 SI_3521 SI_3508 SI_3524 SU_3160</ns0:idOccStructInv><ns0:idOccParentStructInv>SF_7039940 SI_3521 SI_3508 SI_3524</ns0:idOccParentStructInv><ns0:codeNatureSupportInv>UNICPT</ns0:codeNatureSupportInv><ns0:libNatureSupportInv>UC</ns0:libNatureSupportInv><ns0:codeNatureSupportInvSilo>UC</ns0:codeNatureSupportInvSilo><ns0:SupportInv><ns0:idSupportInv>3160</ns0:idSupportInv><ns0:codeISIN>IE0007356581</ns0:codeISIN><ns0:nomSupportInv>RIC PLC - INV CONTI EUROP EQUI C</ns0:nomSupportInv><ns0:codeCategorieFonds>OPACT</ns0:codeCategorieFonds><ns0:libCategorieFonds>OPCVM à tendance actions</ns0:libCategorieFonds><ns0:codeCategorieFondsSilo>PAC</ns0:codeCategorieFondsSilo><ns0:libCategorieFondsSilo>OPCVM à tendance actions</ns0:libCategorieFondsSilo><ns0:tauxRepartitionSupportInv>0.3077</ns0:tauxRepartitionSupportInv><ns0:deviseFonds>EUR</ns0:deviseFonds></ns0:SupportInv></ns0:OccStructInv><ns0:OccStructInv><ns0:idOccStructInv>SF_7039940 SI_3521 SI_3508 SI_3524 SU_3162</ns0:idOccStructInv><ns0:idOccParentStructInv>SF_7039940 SI_3521 SI_3508 SI_3524</ns0:idOccParentStructInv><ns0:codeNatureSupportInv>UNICPT</ns0:codeNatureSupportInv><ns0:libNatureSupportInv>UC</ns0:libNatureSupportInv><ns0:codeNatureSupportInvSilo>UC</ns0:codeNatureSupportInvSilo><ns0:SupportInv><ns0:idSupportInv>3162</ns0:idSupportInv><ns0:codeISIN>IE0004307934</ns0:codeISIN><ns0:nomSupportInv>MSMM  European Small Cap Eq</ns0:nomSupportInv><ns0:codeCategorieFonds>OPACT</ns0:codeCategorieFonds><ns0:libCategorieFonds>OPCVM à tendance actions</ns0:libCategorieFonds><ns0:codeCategorieFondsSilo>PAC</ns0:codeCategorieFondsSilo><ns0:libCategorieFondsSilo>OPCVM à tendance actions</ns0:libCategorieFondsSilo><ns0:tauxRepartitionSupportInv>0.1538</ns0:tauxRepartitionSupportInv><ns0:deviseFonds>EUR</ns0:deviseFonds></ns0:SupportInv></ns0:OccStructInv><ns0:OccStructInv><ns0:idOccStructInv>SF_7039940 SI_3521 SI_3508 SI_3525 SU_3164</ns0:idOccStructInv><ns0:idOccParentStructInv>SF_7039940 SI_3521 SI_3508 SI_3525</ns0:idOccParentStructInv><ns0:codeNatureSupportInv>UNICPT</ns0:codeNatureSupportInv><ns0:libNatureSupportInv>UC</ns0:libNatureSupportInv><ns0:codeNatureSupportInvSilo>UC</ns0:codeNatureSupportInvSilo><ns0:SupportInv><ns0:idSupportInv>3164</ns0:idSupportInv><ns0:codeISIN>IE0031179298</ns0:codeISIN><ns0:nomSupportInv>RIC 2 PLC - INVEST US QUANT FD C</ns0:nomSupportInv><ns0:codeCategorieFonds>OPACT</ns0:codeCategorieFonds><ns0:libCategorieFonds>OPCVM à tendance actions</ns0:libCategorieFonds><ns0:codeCategorieFondsSilo>PAC</ns0:codeCategorieFondsSilo><ns0:libCategorieFondsSilo>OPCVM à tendance actions</ns0:libCategorieFondsSilo><ns0:tauxRepartitionSupportInv>0.4</ns0:tauxRepartitionSupportInv><ns0:deviseFonds>EUR</ns0:deviseFonds></ns0:SupportInv></ns0:OccStructInv><ns0:OccStructInv><ns0:idOccStructInv>SF_7039940 SI_3521 SI_3508 SI_3525 SU_3163</ns0:idOccStructInv><ns0:idOccParentStructInv>SF_7039940 SI_3521 SI_3508 SI_3525</ns0:idOccParentStructInv><ns0:codeNatureSupportInv>UNICPT</ns0:codeNatureSupportInv><ns0:libNatureSupportInv>UC</ns0:libNatureSupportInv><ns0:codeNatureSupportInvSilo>UC</ns0:codeNatureSupportInvSilo><ns0:SupportInv><ns0:idSupportInv>3163</ns0:idSupportInv><ns0:codeISIN>IE0003507831</ns0:codeISIN><ns0:nomSupportInv>RIC PLC - INVEST US EQUITY B</ns0:nomSupportInv><ns0:codeCategorieFonds>OPACT</ns0:codeCategorieFonds><ns0:libCategorieFonds>OPCVM à tendance actions</ns0:libCategorieFonds><ns0:codeCategorieFondsSilo>PAC</ns0:codeCategorieFondsSilo><ns0:libCategorieFondsSilo>OPCVM à tendance actions</ns0:libCategorieFondsSilo><ns0:tauxRepartitionSupportInv>0.6</ns0:tauxRepartitionSupportInv><ns0:deviseFonds>USD</ns0:deviseFonds></ns0:SupportInv></ns0:OccStructInv><ns0:OccStructInv><ns0:idOccStructInv>SF_7039940 SI_3520 SI_3506 SU_4316</ns0:idOccStructInv><ns0:idOccParentStructInv>SF_7039940 SI_3520 SI_3506</ns0:idOccParentStructInv><ns0:codeNatureSupportInv>FDSGES</ns0:codeNatureSupportInv><ns0:libNatureSupportInv>Fonds Euro</ns0:libNatureSupportInv><ns0:codeNatureSupportInvSilo>FG</ns0:codeNatureSupportInvSilo><ns0:SupportInv><ns0:idSupportInv>4316</ns0:idSupportInv><ns0:nomSupportInv>Fonds en Euro</ns0:nomSupportInv><ns0:codeCategorieFonds>FDPR</ns0:codeCategorieFonds><ns0:libCategorieFonds>Fonds propres</ns0:libCategorieFonds><ns0:codeCategorieFondsSilo>FPR</ns0:codeCategorieFondsSilo><ns0:libCategorieFondsSilo>Fonds propres</ns0:libCategorieFondsSilo><ns0:tauxRepartitionSupportInv>1.0</ns0:tauxRepartitionSupportInv><ns0:deviseFonds>EUR</ns0:deviseFonds></ns0:SupportInv></ns0:OccStructInv><ns0:OccStructInv><ns0:idOccStructInv>SF_7039940 SI_3520 SI_3508 SI_3524</ns0:idOccStructInv><ns0:idOccParentStructInv>SF_7039940 SI_3520 SI_3508</ns0:idOccParentStructInv><ns0:codeNatureSupportInv>UNICPT</ns0:codeNatureSupportInv><ns0:libNatureSupportInv>UC</ns0:libNatureSupportInv><ns0:codeNatureSupportInvSilo>UC</ns0:codeNatureSupportInvSilo><ns0:libNatureSupportInvSilo>Unité de Compte</ns0:libNatureSupportInvSilo><ns0:ProfilInv><ns0:idProfilInv>3524</ns0:idProfilInv><ns0:nomProfilInv>Actions Europe</ns0:nomProfilInv><ns0:tauxRepartitionProfilInv>0.65</ns0:tauxRepartitionProfilInv><ns0:indicateurTauxDerogeableProfilInv>false</ns0:indicateurTauxDerogeableProfilInv></ns0:ProfilInv></ns0:OccStructInv><ns0:OccStructInv><ns0:idOccStructInv>SF_7039940 SI_3520 SI_3508 SI_3526</ns0:idOccStructInv><ns0:idOccParentStructInv>SF_7039940 SI_3520 SI_3508</ns0:idOccParentStructInv><ns0:codeNatureSupportInv>UNICPT</ns0:codeNatureSupportInv><ns0:libNatureSupportInv>UC</ns0:libNatureSupportInv><ns0:codeNatureSupportInvSilo>UC</ns0:codeNatureSupportInvSilo><ns0:libNatureSupportInvSilo>Unité de Compte</ns0:libNatureSupportInvSilo><ns0:ProfilInv><ns0:idProfilInv>3526</ns0:idProfilInv><ns0:nomProfilInv>Actions Japon</ns0:nomProfilInv><ns0:tauxRepartitionProfilInv>0.05</ns0:tauxRepartitionProfilInv><ns0:indicateurTauxDerogeableProfilInv>false</ns0:indicateurTauxDerogeableProfilInv></ns0:ProfilInv></ns0:OccStructInv><ns0:OccStructInv><ns0:idOccStructInv>SF_7039940 SI_3520 SI_3508 SI_3527</ns0:idOccStructInv><ns0:idOccParentStructInv>SF_7039940 SI_3520 SI_3508</ns0:idOccParentStructInv><ns0:codeNatureSupportInv>UNICPT</ns0:codeNatureSupportInv><ns0:libNatureSupportInv>UC</ns0:libNatureSupportInv><ns0:codeNatureSupportInvSilo>UC</ns0:codeNatureSupportInvSilo><ns0:libNatureSupportInvSilo>Unité de Compte</ns0:libNatureSupportInvSilo><ns0:ProfilInv><ns0:idProfilInv>3527</ns0:idProfilInv><ns0:nomProfilInv>Actions Pays Emergents</ns0:nomProfilInv><ns0:tauxRepartitionProfilInv>0.05</ns0:tauxRepartitionProfilInv><ns0:indicateurTauxDerogeableProfilInv>false</ns0:indicateurTauxDerogeableProfilInv></ns0:ProfilInv></ns0:OccStructInv><ns0:OccStructInv><ns0:idOccStructInv>SF_7039940 SI_3520 SI_3508 SI_3525</ns0:idOccStructInv><ns0:idOccParentStructInv>SF_7039940 SI_3520 SI_3508</ns0:idOccParentStructInv><ns0:codeNatureSupportInv>UNICPT</ns0:codeNatureSupportInv><ns0:libNatureSupportInv>UC</ns0:libNatureSupportInv><ns0:codeNatureSupportInvSilo>UC</ns0:codeNatureSupportInvSilo><ns0:libNatureSupportInvSilo>Unité de Compte</ns0:libNatureSupportInvSilo><ns0:ProfilInv><ns0:idProfilInv>3525</ns0:idProfilInv><ns0:nomProfilInv>Actions Etats-Unis</ns0:nomProfilInv><ns0:tauxRepartitionProfilInv>0.25</ns0:tauxRepartitionProfilInv><ns0:indicateurTauxDerogeableProfilInv>false</ns0:indicateurTauxDerogeableProfilInv></ns0:ProfilInv></ns0:OccStructInv><ns0:OccStructInv><ns0:idOccStructInv>SF_7039940 SI_3517 SI_3506 SU_4316</ns0:idOccStructInv><ns0:idOccParentStructInv>SF_7039940 SI_3517 SI_3506</ns0:idOccParentStructInv><ns0:codeNatureSupportInv>FDSGES</ns0:codeNatureSupportInv><ns0:libNatureSupportInv>Fonds Euro</ns0:libNatureSupportInv><ns0:codeNatureSupportInvSilo>FG</ns0:codeNatureSupportInvSilo><ns0:SupportInv><ns0:idSupportInv>4316</ns0:idSupportInv><ns0:nomSupportInv>Fonds en Euro</ns0:nomSupportInv><ns0:codeCategorieFonds>FDPR</ns0:codeCategorieFonds><ns0:libCategorieFonds>Fonds propres</ns0:libCategorieFonds><ns0:codeCategorieFondsSilo>FPR</ns0:codeCategorieFondsSilo><ns0:libCategorieFondsSilo>Fonds propres</ns0:libCategorieFondsSilo><ns0:tauxRepartitionSupportInv>1.0</ns0:tauxRepartitionSupportInv><ns0:deviseFonds>EUR</ns0:deviseFonds></ns0:SupportInv></ns0:OccStructInv><ns0:OccStructInv><ns0:idOccStructInv>SF_7039940 SI_3518 SI_3506</ns0:idOccStructInv><ns0:idOccParentStructInv>SF_7039940 SI_3518</ns0:idOccParentStructInv><ns0:codeNatureSupportInv>FDSGES</ns0:codeNatureSupportInv><ns0:libNatureSupportInv>Fonds Euro</ns0:libNatureSupportInv><ns0:codeNatureSupportInvSilo>FG</ns0:codeNatureSupportInvSilo><ns0:libNatureSupportInvSilo>Fond en Devises</ns0:libNatureSupportInvSilo><ns0:ProfilInv><ns0:idProfilInv>3506</ns0:idProfilInv><ns0:nomProfilInv>Fonds en Euro</ns0:nomProfilInv><ns0:tauxRepartitionProfilInv>0.8</ns0:tauxRepartitionProfilInv><ns0:indicateurTauxDerogeableProfilInv>false</ns0:indicateurTauxDerogeableProfilInv></ns0:ProfilInv></ns0:OccStructInv><ns0:OccStructInv><ns0:idOccStructInv>SF_7039940 SI_3518 SI_3508</ns0:idOccStructInv><ns0:idOccParentStructInv>SF_7039940 SI_3518</ns0:idOccParentStructInv><ns0:codeNatureSupportInv>UNICPT</ns0:codeNatureSupportInv><ns0:libNatureSupportInv>UC</ns0:libNatureSupportInv><ns0:codeNatureSupportInvSilo>UC</ns0:codeNatureSupportInvSilo><ns0:libNatureSupportInvSilo>Unité de Compte</ns0:libNatureSupportInvSilo><ns0:ProfilInv><ns0:idProfilInv>3508</ns0:idProfilInv><ns0:nomProfilInv>Actions</ns0:nomProfilInv><ns0:tauxRepartitionProfilInv>0.2</ns0:tauxRepartitionProfilInv><ns0:indicateurTauxDerogeableProfilInv>false</ns0:indicateurTauxDerogeableProfilInv></ns0:ProfilInv></ns0:OccStructInv><ns0:OccStructInv><ns0:idOccStructInv>SF_7039940 SI_3519 SI_3506</ns0:idOccStructInv><ns0:idOccParentStructInv>SF_7039940 SI_3519</ns0:idOccParentStructInv><ns0:codeNatureSupportInv>FDSGES</ns0:codeNatureSupportInv><ns0:libNatureSupportInv>Fonds Euro</ns0:libNatureSupportInv><ns0:codeNatureSupportInvSilo>FG</ns0:codeNatureSupportInvSilo><ns0:libNatureSupportInvSilo>Fond en Devises</ns0:libNatureSupportInvSilo><ns0:ProfilInv><ns0:idProfilInv>3506</ns0:idProfilInv><ns0:nomProfilInv>Fonds en Euro</ns0:nomProfilInv><ns0:tauxRepartitionProfilInv>0.65</ns0:tauxRepartitionProfilInv><ns0:indicateurTauxDerogeableProfilInv>false</ns0:indicateurTauxDerogeableProfilInv></ns0:ProfilInv></ns0:OccStructInv><ns0:OccStructInv><ns0:idOccStructInv>SF_7039940 SI_3519 SI_3508</ns0:idOccStructInv><ns0:idOccParentStructInv>SF_7039940 SI_3519</ns0:idOccParentStructInv><ns0:codeNatureSupportInv>UNICPT</ns0:codeNatureSupportInv><ns0:libNatureSupportInv>UC</ns0:libNatureSupportInv><ns0:codeNatureSupportInvSilo>UC</ns0:codeNatureSupportInvSilo><ns0:libNatureSupportInvSilo>Unité de Compte</ns0:libNatureSupportInvSilo><ns0:ProfilInv><ns0:idProfilInv>3508</ns0:idProfilInv><ns0:nomProfilInv>Actions</ns0:nomProfilInv><ns0:tauxRepartitionProfilInv>0.35</ns0:tauxRepartitionProfilInv><ns0:indicateurTauxDerogeableProfilInv>false</ns0:indicateurTauxDerogeableProfilInv></ns0:ProfilInv></ns0:OccStructInv><ns0:OccStructInv><ns0:idOccStructInv>SF_7039940 SI_3517 SI_3506</ns0:idOccStructInv><ns0:idOccParentStructInv>SF_7039940 SI_3517</ns0:idOccParentStructInv><ns0:codeNatureSupportInv>FDSGES</ns0:codeNatureSupportInv><ns0:libNatureSupportInv>Fonds Euro</ns0:libNatureSupportInv><ns0:codeNatureSupportInvSilo>FG</ns0:codeNatureSupportInvSilo><ns0:libNatureSupportInvSilo>Fond en Devises</ns0:libNatureSupportInvSilo><ns0:ProfilInv><ns0:idProfilInv>3506</ns0:idProfilInv><ns0:nomProfilInv>Fonds en Euro</ns0:nomProfilInv><ns0:tauxRepartitionProfilInv>1.0</ns0:tauxRepartitionProfilInv><ns0:indicateurTauxDerogeableProfilInv>false</ns0:indicateurTauxDerogeableProfilInv></ns0:ProfilInv></ns0:OccStructInv><ns0:OccStructInv><ns0:idOccStructInv>SF_7039940 SI_3518 SI_3508 SI_3525 SU_3164</ns0:idOccStructInv><ns0:idOccParentStructInv>SF_7039940 SI_3518 SI_3508 SI_3525</ns0:idOccParentStructInv><ns0:codeNatureSupportInv>UNICPT</ns0:codeNatureSupportInv><ns0:libNatureSupportInv>UC</ns0:libNatureSupportInv><ns0:codeNatureSupportInvSilo>UC</ns0:codeNatureSupportInvSilo><ns0:SupportInv><ns0:idSupportInv>3164</ns0:idSupportInv><ns0:codeISIN>IE0031179298</ns0:codeISIN><ns0:nomSupportInv>RIC 2 PLC - INVEST US QUANT FD C</ns0:nomSupportInv><ns0:codeCategorieFonds>OPACT</ns0:codeCategorieFonds><ns0:libCategorieFonds>OPCVM à tendance actions</ns0:libCategorieFonds><ns0:codeCategorieFondsSilo>PAC</ns0:codeCategorieFondsSilo><ns0:libCategorieFondsSilo>OPCVM à tendance actions</ns0:libCategorieFondsSilo><ns0:tauxRepartitionSupportInv>0.4</ns0:tauxRepartitionSupportInv><ns0:deviseFonds>EUR</ns0:deviseFonds></ns0:SupportInv></ns0:OccStructInv><ns0:OccStructInv><ns0:idOccStructInv>SF_7039940 SI_3518 SI_3508 SI_3525 SU_3163</ns0:idOccStructInv><ns0:idOccParentStructInv>SF_7039940 SI_3518 SI_3508 SI_3525</ns0:idOccParentStructInv><ns0:codeNatureSupportInv>UNICPT</ns0:codeNatureSupportInv><ns0:libNatureSupportInv>UC</ns0:libNatureSupportInv><ns0:codeNatureSupportInvSilo>UC</ns0:codeNatureSupportInvSilo><ns0:SupportInv><ns0:idSupportInv>3163</ns0:idSupportInv><ns0:codeISIN>IE0003507831</ns0:codeISIN><ns0:nomSupportInv>RIC PLC - INVEST US EQUITY B</ns0:nomSupportInv><ns0:codeCategorieFonds>OPACT</ns0:codeCategorieFonds><ns0:libCategorieFonds>OPCVM à tendance actions</ns0:libCategorieFonds><ns0:codeCategorieFondsSilo>PAC</ns0:codeCategorieFondsSilo><ns0:libCategorieFondsSilo>OPCVM à tendance actions</ns0:libCategorieFondsSilo><ns0:tauxRepartitionSupportInv>0.6</ns0:tauxRepartitionSupportInv><ns0:deviseFonds>USD</ns0:deviseFonds></ns0:SupportInv></ns0:OccStructInv><ns0:OccStructInv><ns0:idOccStructInv>SF_7039940 SI_3518 SI_3508 SI_3524 SU_3161</ns0:idOccStructInv><ns0:idOccParentStructInv>SF_7039940 SI_3518 SI_3508 SI_3524</ns0:idOccParentStructInv><ns0:codeNatureSupportInv>UNICPT</ns0:codeNatureSupportInv><ns0:libNatureSupportInv>UC</ns0:libNatureSupportInv><ns0:codeNatureSupportInvSilo>UC</ns0:codeNatureSupportInvSilo><ns0:SupportInv><ns0:idSupportInv>3161</ns0:idSupportInv><ns0:codeISIN>IE0031180304</ns0:codeISIN><ns0:nomSupportInv>RIC II PLC - INV PAN EUROP EQU F</ns0:nomSupportInv><ns0:codeCategorieFonds>OPACT</ns0:codeCategorieFonds><ns0:libCategorieFonds>OPCVM à tendance actions</ns0:libCategorieFonds><ns0:codeCategorieFondsSilo>PAC</ns0:codeCategorieFondsSilo><ns0:libCategorieFondsSilo>OPCVM à tendance actions</ns0:libCategorieFondsSilo><ns0:tauxRepartitionSupportInv>0.3077</ns0:tauxRepartitionSupportInv><ns0:deviseFonds>EUR</ns0:deviseFonds></ns0:SupportInv></ns0:OccStructInv><ns0:OccStructInv><ns0:idOccStructInv>SF_7039940 SI_3518 SI_3508 SI_3524 SU_3303</ns0:idOccStructInv><ns0:idOccParentStructInv>SF_7039940 SI_3518 SI_3508 SI_3524</ns0:idOccParentStructInv><ns0:codeNatureSupportInv>UNICPT</ns0:codeNatureSupportInv><ns0:libNatureSupportInv>UC</ns0:libNatureSupportInv><ns0:codeNatureSupportInvSilo>UC</ns0:codeNatureSupportInvSilo><ns0:SupportInv><ns0:idSupportInv>3303</ns0:idSupportInv><ns0:codeISIN>IE00B0DD1V33</ns0:codeISIN><ns0:nomSupportInv>MSMM EUROZONE EQ FUND A</ns0:nomSupportInv><ns0:codeCategorieFonds>OPACT</ns0:codeCategorieFonds><ns0:libCategorieFonds>OPCVM à tendance actions</ns0:libCategorieFonds><ns0:codeCategorieFondsSilo>PAC</ns0:codeCategorieFondsSilo><ns0:libCategorieFondsSilo>OPCVM à tendance actions</ns0:libCategorieFondsSilo><ns0:tauxRepartitionSupportInv>0.2308</ns0:tauxRepartitionSupportInv><ns0:deviseFonds>EUR</ns0:deviseFonds></ns0:SupportInv></ns0:OccStructInv><ns0:OccStructInv><ns0:idOccStructInv>SF_7039940 SI_3518 SI_3508 SI_3524 SU_3160</ns0:idOccStructInv><ns0:idOccParentStructInv>SF_7039940 SI_3518 SI_3508 SI_3524</ns0:idOccParentStructInv><ns0:codeNatureSupportInv>UNICPT</ns0:codeNatureSupportInv><ns0:libNatureSupportInv>UC</ns0:libNatureSupportInv><ns0:codeNatureSupportInvSilo>UC</ns0:codeNatureSupportInvSilo><ns0:SupportInv><ns0:idSupportInv>3160</ns0:idSupportInv><ns0:codeISIN>IE0007356581</ns0:codeISIN><ns0:nomSupportInv>RIC PLC - INV CONTI EUROP EQUI C</ns0:nomSupportInv><ns0:codeCategorieFonds>OPACT</ns0:codeCategorieFonds><ns0:libCategorieFonds>OPCVM à tendance actions</ns0:libCategorieFonds><ns0:codeCategorieFondsSilo>PAC</ns0:codeCategorieFondsSilo><ns0:libCategorieFondsSilo>OPCVM à tendance actions</ns0:libCategorieFondsSilo><ns0:tauxRepartitionSupportInv>0.3077</ns0:tauxRepartitionSupportInv><ns0:deviseFonds>EUR</ns0:deviseFonds></ns0:SupportInv></ns0:OccStructInv><ns0:OccStructInv><ns0:idOccStructInv>SF_7039940 SI_3518 SI_3508 SI_3524 SU_3162</ns0:idOccStructInv><ns0:idOccParentStructInv>SF_7039940 SI_3518 SI_3508 SI_3524</ns0:idOccParentStructInv><ns0:codeNatureSupportInv>UNICPT</ns0:codeNatureSupportInv><ns0:libNatureSupportInv>UC</ns0:libNatureSupportInv><ns0:codeNatureSupportInvSilo>UC</ns0:codeNatureSupportInvSilo><ns0:SupportInv><ns0:idSupportInv>3162</ns0:idSupportInv><ns0:codeISIN>IE0004307934</ns0:codeISIN><ns0:nomSupportInv>MSMM  European Small Cap Eq</ns0:nomSupportInv><ns0:codeCategorieFonds>OPACT</ns0:codeCategorieFonds><ns0:libCategorieFonds>OPCVM à tendance actions</ns0:libCategorieFonds><ns0:codeCategorieFondsSilo>PAC</ns0:codeCategorieFondsSilo><ns0:libCategorieFondsSilo>OPCVM à tendance actions</ns0:libCategorieFondsSilo><ns0:tauxRepartitionSupportInv>0.1538</ns0:tauxRepartitionSupportInv><ns0:deviseFonds>EUR</ns0:deviseFonds></ns0:SupportInv></ns0:OccStructInv><ns0:OccStructInv><ns0:idOccStructInv>SF_7039940 SI_3518 SI_3508 SI_3527 SU_3167</ns0:idOccStructInv><ns0:idOccParentStructInv>SF_7039940 SI_3518 SI_3508 SI_3527</ns0:idOccParentStructInv><ns0:codeNatureSupportInv>UNICPT</ns0:codeNatureSupportInv><ns0:libNatureSupportInv>UC</ns0:libNatureSupportInv><ns0:codeNatureSupportInvSilo>UC</ns0:codeNatureSupportInvSilo><ns0:SupportInv><ns0:idSupportInv>3167</ns0:idSupportInv><ns0:codeISIN>IE0003502493</ns0:codeISIN><ns0:nomSupportInv>RIC Emerging Markets Eq B</ns0:nomSupportInv><ns0:codeCategorieFonds>OPACT</ns0:codeCategorieFonds><ns0:libCategorieFonds>OPCVM à tendance actions</ns0:libCategorieFonds><ns0:codeCategorieFondsSilo>PAC</ns0:codeCategorieFondsSilo><ns0:libCategorieFondsSilo>OPCVM à tendance actions</ns0:libCategorieFondsSilo><ns0:tauxRepartitionSupportInv>1.0</ns0:tauxRepartitionSupportInv><ns0:deviseFonds>USD</ns0:deviseFonds></ns0:SupportInv></ns0:OccStructInv><ns0:OccStructInv><ns0:idOccStructInv>SF_7039940 SI_3518 SI_3508 SI_3526 SU_3166</ns0:idOccStructInv><ns0:idOccParentStructInv>SF_7039940 SI_3518 SI_3508 SI_3526</ns0:idOccParentStructInv><ns0:codeNatureSupportInv>UNICPT</ns0:codeNatureSupportInv><ns0:libNatureSupportInv>UC</ns0:libNatureSupportInv><ns0:codeNatureSupportInvSilo>UC</ns0:codeNatureSupportInvSilo><ns0:SupportInv><ns0:idSupportInv>3166</ns0:idSupportInv><ns0:codeISIN>IE0031503448</ns0:codeISIN><ns0:nomSupportInv>RIC PLC - INVEST JAPAN EQUITY F</ns0:nomSupportInv><ns0:codeCategorieFonds>OPACT</ns0:codeCategorieFonds><ns0:libCategorieFonds>OPCVM à tendance actions</ns0:libCategorieFonds><ns0:codeCategorieFondsSilo>PAC</ns0:codeCategorieFondsSilo><ns0:libCategorieFondsSilo>OPCVM à tendance actions</ns0:libCategorieFondsSilo><ns0:tauxRepartitionSupportInv>1.0</ns0:tauxRepartitionSupportInv><ns0:deviseFonds>EUR</ns0:deviseFonds></ns0:SupportInv></ns0:OccStructInv><ns0:OccStructInv><ns0:idOccStructInv>SF_7039940 SI_3519 SI_3508 SI_3527 SU_3167</ns0:idOccStructInv><ns0:idOccParentStructInv>SF_7039940 SI_3519 SI_3508 SI_3527</ns0:idOccParentStructInv><ns0:codeNatureSupportInv>UNICPT</ns0:codeNatureSupportInv><ns0:libNatureSupportInv>UC</ns0:libNatureSupportInv><ns0:codeNatureSupportInvSilo>UC</ns0:codeNatureSupportInvSilo><ns0:SupportInv><ns0:idSupportInv>3167</ns0:idSupportInv><ns0:codeISIN>IE0003502493</ns0:codeISIN><ns0:nomSupportInv>RIC Emerging Markets Eq B</ns0:nomSupportInv><ns0:codeCategorieFonds>OPACT</ns0:codeCategorieFonds><ns0:libCategorieFonds>OPCVM à tendance actions</ns0:libCategorieFonds><ns0:codeCategorieFondsSilo>PAC</ns0:codeCategorieFondsSilo><ns0:libCategorieFondsSilo>OPCVM à tendance actions</ns0:libCategorieFondsSilo><ns0:tauxRepartitionSupportInv>1.0</ns0:tauxRepartitionSupportInv><ns0:deviseFonds>USD</ns0:deviseFonds></ns0:SupportInv></ns0:OccStructInv><ns0:OccStructInv><ns0:idOccStructInv>SF_7039940 SI_3521 SI_3508</ns0:idOccStructInv><ns0:idOccParentStructInv>SF_7039940 SI_3521</ns0:idOccParentStructInv><ns0:codeNatureSupportInv>UNICPT</ns0:codeNatureSupportInv><ns0:libNatureSupportInv>UC</ns0:libNatureSupportInv><ns0:codeNatureSupportInvSilo>UC</ns0:codeNatureSupportInvSilo><ns0:libNatureSupportInvSilo>Unité de Compte</ns0:libNatureSupportInvSilo><ns0:ProfilInv><ns0:idProfilInv>3508</ns0:idProfilInv><ns0:nomProfilInv>Actions</ns0:nomProfilInv><ns0:tauxRepartitionProfilInv>1.0</ns0:tauxRepartitionProfilInv><ns0:indicateurTauxDerogeableProfilInv>false</ns0:indicateurTauxDerogeableProfilInv></ns0:ProfilInv></ns0:OccStructInv><ns0:OccStructInv><ns0:idOccStructInv>SF_7039940 SI_3520 SI_3508 SI_3524 SU_3161</ns0:idOccStructInv><ns0:idOccParentStructInv>SF_7039940 SI_3520 SI_3508 SI_3524</ns0:idOccParentStructInv><ns0:codeNatureSupportInv>UNICPT</ns0:codeNatureSupportInv><ns0:libNatureSupportInv>UC</ns0:libNatureSupportInv><ns0:codeNatureSupportInvSilo>UC</ns0:codeNatureSupportInvSilo><ns0:SupportInv><ns0:idSupportInv>3161</ns0:idSupportInv><ns0:codeISIN>IE0031180304</ns0:codeISIN><ns0:nomSupportInv>RIC II PLC - INV PAN EUROP EQU F</ns0:nomSupportInv><ns0:codeCategorieFonds>OPACT</ns0:codeCategorieFonds><ns0:libCategorieFonds>OPCVM à tendance actions</ns0:libCategorieFonds><ns0:codeCategorieFondsSilo>PAC</ns0:codeCategorieFondsSilo><ns0:libCategorieFondsSilo>OPCVM à tendance actions</ns0:libCategorieFondsSilo><ns0:tauxRepartitionSupportInv>0.3077</ns0:tauxRepartitionSupportInv><ns0:deviseFonds>EUR</ns0:deviseFonds></ns0:SupportInv></ns0:OccStructInv><ns0:OccStructInv><ns0:idOccStructInv>SF_7039940 SI_3520 SI_3508 SI_3524 SU_3303</ns0:idOccStructInv><ns0:idOccParentStructInv>SF_7039940 SI_3520 SI_3508 SI_3524</ns0:idOccParentStructInv><ns0:codeNatureSupportInv>UNICPT</ns0:codeNatureSupportInv><ns0:libNatureSupportInv>UC</ns0:libNatureSupportInv><ns0:codeNatureSupportInvSilo>UC</ns0:codeNatureSupportInvSilo><ns0:SupportInv><ns0:idSupportInv>3303</ns0:idSupportInv><ns0:codeISIN>IE00B0DD1V33</ns0:codeISIN><ns0:nomSupportInv>MSMM EUROZONE EQ FUND A</ns0:nomSupportInv><ns0:codeCategorieFonds>OPACT</ns0:codeCategorieFonds><ns0:libCategorieFonds>OPCVM à tendance actions</ns0:libCategorieFonds><ns0:codeCategorieFondsSilo>PAC</ns0:codeCategorieFondsSilo><ns0:libCategorieFondsSilo>OPCVM à tendance actions</ns0:libCategorieFondsSilo><ns0:tauxRepartitionSupportInv>0.2308</ns0:tauxRepartitionSupportInv><ns0:deviseFonds>EUR</ns0:deviseFonds></ns0:SupportInv></ns0:OccStructInv><ns0:OccStructInv><ns0:idOccStructInv>SF_7039940 SI_3520 SI_3508 SI_3524 SU_3160</ns0:idOccStructInv><ns0:idOccParentStructInv>SF_7039940 SI_3520 SI_3508 SI_3524</ns0:idOccParentStructInv><ns0:codeNatureSupportInv>UNICPT</ns0:codeNatureSupportInv><ns0:libNatureSupportInv>UC</ns0:libNatureSupportInv><ns0:codeNatureSupportInvSilo>UC</ns0:codeNatureSupportInvSilo><ns0:SupportInv><ns0:idSupportInv>3160</ns0:idSupportInv><ns0:codeISIN>IE0007356581</ns0:codeISIN><ns0:nomSupportInv>RIC PLC - INV CONTI EUROP EQUI C</ns0:nomSupportInv><ns0:codeCategorieFonds>OPACT</ns0:codeCategorieFonds><ns0:libCategorieFonds>OPCVM à tendance actions</ns0:libCategorieFonds><ns0:codeCategorieFondsSilo>PAC</ns0:codeCategorieFondsSilo><ns0:libCategorieFondsSilo>OPCVM à tendance actions</ns0:libCategorieFondsSilo><ns0:tauxRepartitionSupportInv>0.3077</ns0:tauxRepartitionSupportInv><ns0:deviseFonds>EUR</ns0:deviseFonds></ns0:SupportInv></ns0:OccStructInv><ns0:OccStructInv><ns0:idOccStructInv>SF_7039940 SI_3520 SI_3508 SI_3524 SU_3162</ns0:idOccStructInv><ns0:idOccParentStructInv>SF_7039940 SI_3520 SI_3508 SI_3524</ns0:idOccParentStructInv><ns0:codeNatureSupportInv>UNICPT</ns0:codeNatureSupportInv><ns0:libNatureSupportInv>UC</ns0:libNatureSupportInv><ns0:codeNatureSupportInvSilo>UC</ns0:codeNatureSupportInvSilo><ns0:SupportInv><ns0:idSupportInv>3162</ns0:idSupportInv><ns0:codeISIN>IE0004307934</ns0:codeISIN><ns0:nomSupportInv>MSMM  European Small Cap Eq</ns0:nomSupportInv><ns0:codeCategorieFonds>OPACT</ns0:codeCategorieFonds><ns0:libCategorieFonds>OPCVM à tendance actions</ns0:libCategorieFonds><ns0:codeCategorieFondsSilo>PAC</ns0:codeCategorieFondsSilo><ns0:libCategorieFondsSilo>OPCVM à tendance actions</ns0:libCategorieFondsSilo><ns0:tauxRepartitionSupportInv>0.1538</ns0:tauxRepartitionSupportInv><ns0:deviseFonds>EUR</ns0:deviseFonds></ns0:SupportInv></ns0:OccStructInv><ns0:OccStructInv><ns0:idOccStructInv>SF_7039940 SI_3520 SI_3508 SI_3525 SU_3164</ns0:idOccStructInv><ns0:idOccParentStructInv>SF_7039940 SI_3520 SI_3508 SI_3525</ns0:idOccParentStructInv><ns0:codeNatureSupportInv>UNICPT</ns0:codeNatureSupportInv><ns0:libNatureSupportInv>UC</ns0:libNatureSupportInv><ns0:codeNatureSupportInvSilo>UC</ns0:codeNatureSupportInvSilo><ns0:SupportInv><ns0:idSupportInv>3164</ns0:idSupportInv><ns0:codeISIN>IE0031179298</ns0:codeISIN><ns0:nomSupportInv>RIC 2 PLC - INVEST US QUANT FD C</ns0:nomSupportInv><ns0:codeCategorieFonds>OPACT</ns0:codeCategorieFonds><ns0:libCategorieFonds>OPCVM à tendance actions</ns0:libCategorieFonds><ns0:codeCategorieFondsSilo>PAC</ns0:codeCategorieFondsSilo><ns0:libCategorieFondsSilo>OPCVM à tendance actions</ns0:libCategorieFondsSilo><ns0:tauxRepartitionSupportInv>0.4</ns0:tauxRepartitionSupportInv><ns0:deviseFonds>EUR</ns0:deviseFonds></ns0:SupportInv></ns0:OccStructInv><ns0:OccStructInv><ns0:idOccStructInv>SF_7039940 SI_3520 SI_3508 SI_3525 SU_3163</ns0:idOccStructInv><ns0:idOccParentStructInv>SF_7039940 SI_3520 SI_3508 SI_3525</ns0:idOccParentStructInv><ns0:codeNatureSupportInv>UNICPT</ns0:codeNatureSupportInv><ns0:libNatureSupportInv>UC</ns0:libNatureSupportInv><ns0:codeNatureSupportInvSilo>UC</ns0:codeNatureSupportInvSilo><ns0:SupportInv><ns0:idSupportInv>3163</ns0:idSupportInv><ns0:codeISIN>IE0003507831</ns0:codeISIN><ns0:nomSupportInv>RIC PLC - INVEST US EQUITY B</ns0:nomSupportInv><ns0:codeCategorieFonds>OPACT</ns0:codeCategorieFonds><ns0:libCategorieFonds>OPCVM à tendance actions</ns0:libCategorieFonds><ns0:codeCategorieFondsSilo>PAC</ns0:codeCategorieFondsSilo><ns0:libCategorieFondsSilo>OPCVM à tendance actions</ns0:libCategorieFondsSilo><ns0:tauxRepartitionSupportInv>0.6</ns0:tauxRepartitionSupportInv><ns0:deviseFonds>USD</ns0:deviseFonds></ns0:SupportInv></ns0:OccStructInv><ns0:OccStructInv><ns0:idOccStructInv>SF_7039940 SI_3520 SI_3508 SI_3526 SU_3166</ns0:idOccStructInv><ns0:idOccParentStructInv>SF_7039940 SI_3520 SI_3508 SI_3526</ns0:idOccParentStructInv><ns0:codeNatureSupportInv>UNICPT</ns0:codeNatureSupportInv><ns0:libNatureSupportInv>UC</ns0:libNatureSupportInv><ns0:codeNatureSupportInvSilo>UC</ns0:codeNatureSupportInvSilo><ns0:SupportInv><ns0:idSupportInv>3166</ns0:idSupportInv><ns0:codeISIN>IE0031503448</ns0:codeISIN><ns0:nomSupportInv>RIC PLC - INVEST JAPAN EQUITY F</ns0:nomSupportInv><ns0:codeCategorieFonds>OPACT</ns0:codeCategorieFonds><ns0:libCategorieFonds>OPCVM à tendance actions</ns0:libCategorieFonds><ns0:codeCategorieFondsSilo>PAC</ns0:codeCategorieFondsSilo><ns0:libCategorieFondsSilo>OPCVM à tendance actions</ns0:libCategorieFondsSilo><ns0:tauxRepartitionSupportInv>1.0</ns0:tauxRepartitionSupportInv><ns0:deviseFonds>EUR</ns0:deviseFonds></ns0:SupportInv></ns0:OccStructInv><ns0:OccStructInv><ns0:idOccStructInv>SF_7039940 SI_3520 SI_3508 SI_3527 SU_3167</ns0:idOccStructInv><ns0:idOccParentStructInv>SF_7039940 SI_3520 SI_3508 SI_3527</ns0:idOccParentStructInv><ns0:codeNatureSupportInv>UNICPT</ns0:codeNatureSupportInv><ns0:libNatureSupportInv>UC</ns0:libNatureSupportInv><ns0:codeNatureSupportInvSilo>UC</ns0:codeNatureSupportInvSilo><ns0:SupportInv><ns0:idSupportInv>3167</ns0:idSupportInv><ns0:codeISIN>IE0003502493</ns0:codeISIN><ns0:nomSupportInv>RIC Emerging Markets Eq B</ns0:nomSupportInv><ns0:codeCategorieFonds>OPACT</ns0:codeCategorieFonds><ns0:libCategorieFonds>OPCVM à tendance actions</ns0:libCategorieFonds><ns0:codeCategorieFondsSilo>PAC</ns0:codeCategorieFondsSilo><ns0:libCategorieFondsSilo>OPCVM à tendance actions</ns0:libCategorieFondsSilo><ns0:tauxRepartitionSupportInv>1.0</ns0:tauxRepartitionSupportInv><ns0:deviseFonds>USD</ns0:deviseFonds></ns0:SupportInv></ns0:OccStructInv><ns0:OccStructInv><ns0:idOccStructInv>SF_7039940 SI_3520 SI_3508</ns0:idOccStructInv><ns0:idOccParentStructInv>SF_7039940 SI_3520</ns0:idOccParentStructInv><ns0:codeNatureSupportInv>UNICPT</ns0:codeNatureSupportInv><ns0:libNatureSupportInv>UC</ns0:libNatureSupportInv><ns0:codeNatureSupportInvSilo>UC</ns0:codeNatureSupportInvSilo><ns0:libNatureSupportInvSilo>Unité de Compte</ns0:libNatureSupportInvSilo><ns0:ProfilInv><ns0:idProfilInv>3508</ns0:idProfilInv><ns0:nomProfilInv>Actions</ns0:nomProfilInv><ns0:tauxRepartitionProfilInv>0.6</ns0:tauxRepartitionProfilInv><ns0:indicateurTauxDerogeableProfilInv>false</ns0:indicateurTauxDerogeableProfilInv></ns0:ProfilInv></ns0:OccStructInv><ns0:OccStructInv><ns0:idOccStructInv>SF_7039940 SI_3520 SI_3506</ns0:idOccStructInv><ns0:idOccParentStructInv>SF_7039940 SI_3520</ns0:idOccParentStructInv><ns0:codeNatureSupportInv>FDSGES</ns0:codeNatureSupportInv><ns0:libNatureSupportInv>Fonds Euro</ns0:libNatureSupportInv><ns0:codeNatureSupportInvSilo>FG</ns0:codeNatureSupportInvSilo><ns0:libNatureSupportInvSilo>Fond en Devises</ns0:libNatureSupportInvSilo><ns0:ProfilInv><ns0:idProfilInv>3506</ns0:idProfilInv><ns0:nomProfilInv>Fonds en Euro</ns0:nomProfilInv><ns0:tauxRepartitionProfilInv>0.4</ns0:tauxRepartitionProfilInv><ns0:indicateurTauxDerogeableProfilInv>false</ns0:indicateurTauxDerogeableProfilInv></ns0:ProfilInv></ns0:OccStructInv><ns0:OccStructInv><ns0:idOccStructInv>SF_7039940 SI_3517</ns0:idOccStructInv><ns0:idOccParentStructInv>SF_7039940</ns0:idOccParentStructInv><ns0:codeNatureSupportInv>FDSGES</ns0:codeNatureSupportInv><ns0:libNatureSupportInv>Fonds Euro</ns0:libNatureSupportInv><ns0:codeNatureSupportInvSilo>FG</ns0:codeNatureSupportInvSilo><ns0:libNatureSupportInvSilo>Fond en Devises</ns0:libNatureSupportInvSilo><ns0:HorizonInv><ns0:idHorizonInv>3517</ns0:idHorizonInv><ns0:nomHorizonInv>COURT TERME</ns0:nomHorizonInv><ns0:borneMaxVersementInv>35</ns0:borneMaxVersementInv><ns0:borneMaxDeplacerCapitalInvesti>35</ns0:borneMaxDeplacerCapitalInvesti></ns0:HorizonInv></ns0:OccStructInv><ns0:OccStructInv><ns0:idOccStructInv>SF_7039940 SI_3518</ns0:idOccStructInv><ns0:idOccParentStructInv>SF_7039940</ns0:idOccParentStructInv><ns0:codeNatureSupportInv>MIXTE</ns0:codeNatureSupportInv><ns0:libNatureSupportInv>Mixte</ns0:libNatureSupportInv><ns0:codeNatureSupportInvSilo>MI</ns0:codeNatureSupportInvSilo><ns0:libNatureSupportInvSilo>Mixte</ns0:libNatureSupportInvSilo><ns0:HorizonInv><ns0:idHorizonInv>3518</ns0:idHorizonInv><ns0:nomHorizonInv>MOYEN TERME</ns0:nomHorizonInv><ns0:borneMinVersementInv>36</ns0:borneMinVersementInv><ns0:borneMaxVersementInv>107</ns0:borneMaxVersementInv><ns0:borneMinDeplacerCapitalInvesti>36</ns0:borneMinDeplacerCapitalInvesti><ns0:borneMaxDeplacerCapitalInvesti>107</ns0:borneMaxDeplacerCapitalInvesti></ns0:HorizonInv></ns0:OccStructInv><ns0:OccStructInv><ns0:idOccStructInv>SF_7039940 SI_3521</ns0:idOccStructInv><ns0:idOccParentStructInv>SF_7039940</ns0:idOccParentStructInv><ns0:codeNatureSupportInv>UNICPT</ns0:codeNatureSupportInv><ns0:libNatureSupportInv>UC</ns0:libNatureSupportInv><ns0:codeNatureSupportInvSilo>UC</ns0:codeNatureSupportInvSilo><ns0:libNatureSupportInvSilo>Unité de Compte</ns0:libNatureSupportInvSilo><ns0:HorizonInv><ns0:idHorizonInv>3521</ns0:idHorizonInv><ns0:nomHorizonInv>HORIZON INFINI</ns0:nomHorizonInv><ns0:borneMinVersementInv>252</ns0:borneMinVersementInv><ns0:borneMinDeplacerCapitalInvesti>252</ns0:borneMinDeplacerCapitalInvesti></ns0:HorizonInv></ns0:OccStructInv><ns0:OccStructInv><ns0:idOccStructInv>SF_7039940 SI_3520</ns0:idOccStructInv><ns0:idOccParentStructInv>SF_7039940</ns0:idOccParentStructInv><ns0:codeNatureSupportInv>MIXTE</ns0:codeNatureSupportInv><ns0:libNatureSupportInv>Mixte</ns0:libNatureSupportInv><ns0:codeNatureSupportInvSilo>MI</ns0:codeNatureSupportInvSilo><ns0:libNatureSupportInvSilo>Mixte</ns0:libNatureSupportInvSilo><ns0:HorizonInv><ns0:idHorizonInv>3520</ns0:idHorizonInv><ns0:nomHorizonInv>TRES LONG TERME</ns0:nomHorizonInv><ns0:borneMinVersementInv>156</ns0:borneMinVersementInv><ns0:borneMaxVersementInv>251</ns0:borneMaxVersementInv><ns0:borneMinDeplacerCapitalInvesti>156</ns0:borneMinDeplacerCapitalInvesti><ns0:borneMaxDeplacerCapitalInvesti>251</ns0:borneMaxDeplacerCapitalInvesti></ns0:HorizonInv></ns0:OccStructInv><ns0:OccStructInv><ns0:idOccStructInv>SF_7039940 SI_3519</ns0:idOccStructInv><ns0:idOccParentStructInv>SF_7039940</ns0:idOccParentStructInv><ns0:codeNatureSupportInv>MIXTE</ns0:codeNatureSupportInv><ns0:libNatureSupportInv>Mixte</ns0:libNatureSupportInv><ns0:codeNatureSupportInvSilo>MI</ns0:codeNatureSupportInvSilo><ns0:libNatureSupportInvSilo>Mixte</ns0:libNatureSupportInvSilo><ns0:HorizonInv><ns0:idHorizonInv>3519</ns0:idHorizonInv><ns0:nomHorizonInv>LONG TERME</ns0:nomHorizonInv><ns0:borneMinVersementInv>108</ns0:borneMinVersementInv><ns0:borneMaxVersementInv>155</ns0:borneMaxVersementInv><ns0:borneMinDeplacerCapitalInvesti>108</ns0:borneMinDeplacerCapitalInvesti><ns0:borneMaxDeplacerCapitalInvesti>155</ns0:borneMaxDeplacerCapitalInvesti></ns0:HorizonInv></ns0:OccStructInv><ns0:OccStructInv><ns0:idOccStructInv>SF_7039940 SI_3518 SI_3508 SI_3524</ns0:idOccStructInv><ns0:idOccParentStructInv>SF_7039940 SI_3518 SI_3508</ns0:idOccParentStructInv><ns0:codeNatureSupportInv>UNICPT</ns0:codeNatureSupportInv><ns0:libNatureSupportInv>UC</ns0:libNatureSupportInv><ns0:codeNatureSupportInvSilo>UC</ns0:codeNatureSupportInvSilo><ns0:libNatureSupportInvSilo>Unité de Compte</ns0:libNatureSupportInvSilo><ns0:ProfilInv><ns0:idProfilInv>3524</ns0:idProfilInv><ns0:nomProfilInv>Actions Europe</ns0:nomProfilInv><ns0:tauxRepartitionProfilInv>0.65</ns0:tauxRepartitionProfilInv><ns0:indicateurTauxDerogeableProfilInv>false</ns0:indicateurTauxDerogeableProfilInv></ns0:ProfilInv></ns0:OccStructInv><ns0:OccStructInv><ns0:idOccStructInv>SF_7039940 SI_3518 SI_3508 SI_3526</ns0:idOccStructInv><ns0:idOccParentStructInv>SF_7039940 SI_3518 SI_3508</ns0:idOccParentStructInv><ns0:codeNatureSupportInv>UNICPT</ns0:codeNatureSupportInv><ns0:libNatureSupportInv>UC</ns0:libNatureSupportInv><ns0:codeNatureSupportInvSilo>UC</ns0:codeNatureSupportInvSilo><ns0:libNatureSupportInvSilo>Unité de Compte</ns0:libNatureSupportInvSilo><ns0:ProfilInv><ns0:idProfilInv>3526</ns0:idProfilInv><ns0:nomProfilInv>Actions Japon</ns0:nomProfilInv><ns0:tauxRepartitionProfilInv>0.05</ns0:tauxRepartitionProfilInv><ns0:indicateurTauxDerogeableProfilInv>false</ns0:indicateurTauxDerogeableProfilInv></ns0:ProfilInv></ns0:OccStructInv><ns0:OccStructInv><ns0:idOccStructInv>SF_7039940 SI_3518 SI_3508 SI_3527</ns0:idOccStructInv><ns0:idOccParentStructInv>SF_7039940 SI_3518 SI_3508</ns0:idOccParentStructInv><ns0:codeNatureSupportInv>UNICPT</ns0:codeNatureSupportInv><ns0:libNatureSupportInv>UC</ns0:libNatureSupportInv><ns0:codeNatureSupportInvSilo>UC</ns0:codeNatureSupportInvSilo><ns0:libNatureSupportInvSilo>Unité de Compte</ns0:libNatureSupportInvSilo><ns0:ProfilInv><ns0:idProfilInv>3527</ns0:idProfilInv><ns0:nomProfilInv>Actions Pays Emergents</ns0:nomProfilInv><ns0:tauxRepartitionProfilInv>0.05</ns0:tauxRepartitionProfilInv><ns0:indicateurTauxDerogeableProfilInv>false</ns0:indicateurTauxDerogeableProfilInv></ns0:ProfilInv></ns0:OccStructInv><ns0:OccStructInv><ns0:idOccStructInv>SF_7039940 SI_3518 SI_3508 SI_3525</ns0:idOccStructInv><ns0:idOccParentStructInv>SF_7039940 SI_3518 SI_3508</ns0:idOccParentStructInv><ns0:codeNatureSupportInv>UNICPT</ns0:codeNatureSupportInv><ns0:libNatureSupportInv>UC</ns0:libNatureSupportInv><ns0:codeNatureSupportInvSilo>UC</ns0:codeNatureSupportInvSilo><ns0:libNatureSupportInvSilo>Unité de Compte</ns0:libNatureSupportInvSilo><ns0:ProfilInv><ns0:idProfilInv>3525</ns0:idProfilInv><ns0:nomProfilInv>Actions Etats-Unis</ns0:nomProfilInv><ns0:tauxRepartitionProfilInv>0.25</ns0:tauxRepartitionProfilInv><ns0:indicateurTauxDerogeableProfilInv>false</ns0:indicateurTauxDerogeableProfilInv></ns0:ProfilInv></ns0:OccStructInv><ns0:OccStructInv><ns0:idOccStructInv>SF_7039940 SI_3518 SI_3506 SU_4316</ns0:idOccStructInv><ns0:idOccParentStructInv>SF_7039940 SI_3518 SI_3506</ns0:idOccParentStructInv><ns0:codeNatureSupportInv>FDSGES</ns0:codeNatureSupportInv><ns0:libNatureSupportInv>Fonds Euro</ns0:libNatureSupportInv><ns0:codeNatureSupportInvSilo>FG</ns0:codeNatureSupportInvSilo><ns0:SupportInv><ns0:idSupportInv>4316</ns0:idSupportInv><ns0:nomSupportInv>Fonds en Euro</ns0:nomSupportInv><ns0:codeCategorieFonds>FDPR</ns0:codeCategorieFonds><ns0:libCategorieFonds>Fonds propres</ns0:libCategorieFonds><ns0:codeCategorieFondsSilo>FPR</ns0:codeCategorieFondsSilo><ns0:libCategorieFondsSilo>Fonds propres</ns0:libCategorieFondsSilo><ns0:tauxRepartitionSupportInv>1.0</ns0:tauxRepartitionSupportInv><ns0:deviseFonds>EUR</ns0:deviseFonds></ns0:SupportInv></ns0:OccStructInv></ns0:StructInv></ns0:ConsulterStructInvFunc></ns0:ConsulterStructInvResponse></SOAP-ENV:Body></SOAP-ENV:Envelope>