<?xml version="1.0" encoding="UTF-8"?>
<SOAP-ENV:Envelope xmlns:SOAP-ENV="http://schemas.xmlsoap.org/soap/envelope/">
    <SOAP-ENV:Header>
        <ns:WSResponseMetaInfo xmlns:xs="http://www.w3.org/2001/XMLSchema" xmlns:xsi="http://www.w3.org/2001/XMLSchema-instance" xmlns:ns="http://www.fmk.com/ESB/Framework/ESBTechPivotSchema" xmlns:ns0="http://schemas.xmlsoap.org/soap/envelope/">
            <ns:FuncFault/>
            <ns:BusinessHeader/>
        </ns:WSResponseMetaInfo>
    </SOAP-ENV:Header>
    <SOAP-ENV:Body>
        <ns0:ConsulterStructInvResponse xmlns:ns0="http://www.alm.com/esb/service/GestInfoFin_1/ConsulterStructInv_3">
            <ns0:ConsulterStructInvFunc>
                <ns0:StructInv>
                    <ns0:IdentificationStructInv>
                        <ns0:idStructInv>SF_9257045</ns0:idStructInv>
                    </ns0:IdentificationStructInv>
                    <ns0:OccStructInv>
                        <ns0:idOccStructInv>SF_9257026</ns0:idOccStructInv>
                        <ns0:idOccParentStructInv>SF_9257028</ns0:idOccParentStructInv>
                        <ns0:codeModeGestionInv>PILHRZ</ns0:codeModeGestionInv>
                        <ns0:libModeGestionInv>Gestion pilotée horizon</ns0:libModeGestionInv>
                        <ns0:codeModeGestionInvSilo>GP</ns0:codeModeGestionInvSilo>
                        <ns0:libModeGestionInvSilo>Gestion pilotée</ns0:libModeGestionInvSilo>
                        <ns0:codeNatureSupportInv>FDSGES</ns0:codeNatureSupportInv>
                        <ns0:libNatureSupportInv>Fonds Euro</ns0:libNatureSupportInv>
                        <ns0:codeNatureSupportInvSilo>FG</ns0:codeNatureSupportInvSilo>
                        <ns0:libNatureSupportInvSilo>Fond en Devises</ns0:libNatureSupportInvSilo>
                        <ns0:GrilleInv>
                            <ns0:idGrilleInv>4235</ns0:idGrilleInv>
                            <ns0:nomGrilleInv>Grille Fonds Club  (4-8 ans)</ns0:nomGrilleInv>
                            <ns0:tauxRepartitionGrilleInv>1.0</ns0:tauxRepartitionGrilleInv>
                            <ns0:indicateurTauxDerogeableGrilleInv>false</ns0:indicateurTauxDerogeableGrilleInv>
                            <ns0:tauxRepartitionGrilleInvDefaut>1.0</ns0:tauxRepartitionGrilleInvDefaut>
                        </ns0:GrilleInv>
                    </ns0:OccStructInv>
                    <ns0:OccStructInv>
                        <ns0:idOccStructInv>SF_9257028</ns0:idOccStructInv>
                        <ns0:idOccParentStructInv>SF_9257045</ns0:idOccParentStructInv>
                        <ns0:ContributionInv>
                            <ns0:idContributionInv>9257028</ns0:idContributionInv>
                            <ns0:codeContributionInv>PPATRO</ns0:codeContributionInv>
                            <ns0:libContributionInv>Part Patronale</ns0:libContributionInv>
                            <ns0:libContributionInvSilo>Part patronale</ns0:libContributionInvSilo>
                            <ns0:tauxRepartitionContribution>0.0</ns0:tauxRepartitionContribution>
                            <ns0:indicateurTauxDerogeableContributionInv>false</ns0:indicateurTauxDerogeableContributionInv>
                            <ns0:tauxRepartitionContributionDefaut>1.0</ns0:tauxRepartitionContributionDefaut>
                        </ns0:ContributionInv>
                    </ns0:OccStructInv>
                    <ns0:OccStructInv>
                        <ns0:idOccStructInv>SF_9257034</ns0:idOccStructInv>
                        <ns0:idOccParentStructInv>SF_9257045</ns0:idOccParentStructInv>
                        <ns0:ContributionInv>
                            <ns0:idContributionInv>9257034</ns0:idContributionInv>
                            <ns0:codeContributionInv>PSALAR</ns0:codeContributionInv>
                            <ns0:libContributionInv>Part Salariale</ns0:libContributionInv>
                            <ns0:libContributionInvSilo>Part salariale</ns0:libContributionInvSilo>
                            <ns0:tauxRepartitionContribution>0.0</ns0:tauxRepartitionContribution>
                            <ns0:indicateurTauxDerogeableContributionInv>false</ns0:indicateurTauxDerogeableContributionInv>
                            <ns0:tauxRepartitionContributionDefaut>1.0</ns0:tauxRepartitionContributionDefaut>
                        </ns0:ContributionInv>
                    </ns0:OccStructInv>
                    <ns0:OccStructInv>
                        <ns0:idOccStructInv>SF_9257044</ns0:idOccStructInv>
                        <ns0:idOccParentStructInv>SF_9257045</ns0:idOccParentStructInv>
                        <ns0:ContributionInv>
                            <ns0:idContributionInv>9257044</ns0:idContributionInv>
                            <ns0:codeContributionInv>VERLIB</ns0:codeContributionInv>
                            <ns0:libContributionInv>Versement Libre</ns0:libContributionInv>
                            <ns0:libContributionInvSilo>Versement libre</ns0:libContributionInvSilo>
                            <ns0:tauxRepartitionContribution>0.0</ns0:tauxRepartitionContribution>
                            <ns0:indicateurTauxDerogeableContributionInv>false</ns0:indicateurTauxDerogeableContributionInv>
                            <ns0:tauxRepartitionContributionDefaut>1.0</ns0:tauxRepartitionContributionDefaut>
                        </ns0:ContributionInv>
                    </ns0:OccStructInv>
                    <ns0:OccStructInv>
                        <ns0:idOccStructInv>SF_9257032</ns0:idOccStructInv>
                        <ns0:idOccParentStructInv>SF_9257034</ns0:idOccParentStructInv>
                        <ns0:codeModeGestionInv>PILHRZ</ns0:codeModeGestionInv>
                        <ns0:libModeGestionInv>Gestion pilotée horizon</ns0:libModeGestionInv>
                        <ns0:codeModeGestionInvSilo>GP</ns0:codeModeGestionInvSilo>
                        <ns0:libModeGestionInvSilo>Gestion pilotée</ns0:libModeGestionInvSilo>
                        <ns0:codeNatureSupportInv>FDSGES</ns0:codeNatureSupportInv>
                        <ns0:libNatureSupportInv>Fonds Euro</ns0:libNatureSupportInv>
                        <ns0:codeNatureSupportInvSilo>FG</ns0:codeNatureSupportInvSilo>
                        <ns0:libNatureSupportInvSilo>Fond en Devises</ns0:libNatureSupportInvSilo>
                        <ns0:GrilleInv>
                            <ns0:idGrilleInv>4235</ns0:idGrilleInv>
                            <ns0:nomGrilleInv>Grille Fonds Club  (4-8 ans)</ns0:nomGrilleInv>
                            <ns0:tauxRepartitionGrilleInv>1.0</ns0:tauxRepartitionGrilleInv>
                            <ns0:indicateurTauxDerogeableGrilleInv>false</ns0:indicateurTauxDerogeableGrilleInv>
                            <ns0:tauxRepartitionGrilleInvDefaut>1.0</ns0:tauxRepartitionGrilleInvDefaut>
                        </ns0:GrilleInv>
                    </ns0:OccStructInv>
                    <ns0:OccStructInv>
                        <ns0:idOccStructInv>SF_9257035</ns0:idOccStructInv>
                        <ns0:idOccParentStructInv>SF_9257044</ns0:idOccParentStructInv>
                        <ns0:codeModeGestionInv>LIBRE</ns0:codeModeGestionInv>
                        <ns0:libModeGestionInv>Gestion libre</ns0:libModeGestionInv>
                        <ns0:codeModeGestionInvSilo>GL</ns0:codeModeGestionInvSilo>
                        <ns0:libModeGestionInvSilo>Gestion libre</ns0:libModeGestionInvSilo>
                        <ns0:codeNatureSupportInv>FDSGES</ns0:codeNatureSupportInv>
                        <ns0:libNatureSupportInv>Fonds Euro</ns0:libNatureSupportInv>
                        <ns0:codeNatureSupportInvSilo>FG</ns0:codeNatureSupportInvSilo>
                        <ns0:libNatureSupportInvSilo>Fond en Devises</ns0:libNatureSupportInvSilo>
                        <ns0:ProfilInv>
                            <ns0:idProfilInv>4226</ns0:idProfilInv>
                            <ns0:nomProfilInv>Actif en euros</ns0:nomProfilInv>
                            <ns0:tauxRepartitionProfilInv>1.0</ns0:tauxRepartitionProfilInv>
                            <ns0:indicateurTauxDerogeableProfilInv>false</ns0:indicateurTauxDerogeableProfilInv>
                            <ns0:tauxRepartitionProfilInvDefaut>0.0</ns0:tauxRepartitionProfilInvDefaut>
                        </ns0:ProfilInv>
                    </ns0:OccStructInv>
                    <ns0:OccStructInv>
                        <ns0:idOccStructInv>SF_9257036</ns0:idOccStructInv>
                        <ns0:idOccParentStructInv>SF_9257044</ns0:idOccParentStructInv>
                        <ns0:codeModeGestionInv>LIBRE</ns0:codeModeGestionInv>
                        <ns0:libModeGestionInv>Gestion libre</ns0:libModeGestionInv>
                        <ns0:codeModeGestionInvSilo>GL</ns0:codeModeGestionInvSilo>
                        <ns0:libModeGestionInvSilo>Gestion libre</ns0:libModeGestionInvSilo>
                        <ns0:codeNatureSupportInv>FDSGES</ns0:codeNatureSupportInv>
                        <ns0:libNatureSupportInv>Fonds Euro</ns0:libNatureSupportInv>
                        <ns0:codeNatureSupportInvSilo>FG</ns0:codeNatureSupportInvSilo>
                        <ns0:libNatureSupportInvSilo>Fond en Devises</ns0:libNatureSupportInvSilo>
                        <ns0:ProfilInv>
                            <ns0:idProfilInv>4227</ns0:idProfilInv>
                            <ns0:nomProfilInv>Fonds Club 2</ns0:nomProfilInv>
                            <ns0:tauxRepartitionProfilInv>1.0</ns0:tauxRepartitionProfilInv>
                            <ns0:indicateurTauxDerogeableProfilInv>false</ns0:indicateurTauxDerogeableProfilInv>
                            <ns0:tauxRepartitionProfilInvDefaut>0.0</ns0:tauxRepartitionProfilInvDefaut>
                        </ns0:ProfilInv>
                    </ns0:OccStructInv>
                    <ns0:OccStructInv>
                        <ns0:idOccStructInv>SF_9257037</ns0:idOccStructInv>
                        <ns0:idOccParentStructInv>SF_9257044</ns0:idOccParentStructInv>
                        <ns0:codeModeGestionInv>LIBRE</ns0:codeModeGestionInv>
                        <ns0:libModeGestionInv>Gestion libre</ns0:libModeGestionInv>
                        <ns0:codeModeGestionInvSilo>GL</ns0:codeModeGestionInvSilo>
                        <ns0:libModeGestionInvSilo>Gestion libre</ns0:libModeGestionInvSilo>
                        <ns0:codeNatureSupportInv>FDSGES</ns0:codeNatureSupportInv>
                        <ns0:libNatureSupportInv>Fonds Euro</ns0:libNatureSupportInv>
                        <ns0:codeNatureSupportInvSilo>FG</ns0:codeNatureSupportInvSilo>
                        <ns0:libNatureSupportInvSilo>Fond en Devises</ns0:libNatureSupportInvSilo>
                        <ns0:ProfilInv>
                            <ns0:idProfilInv>4228</ns0:idProfilInv>
                            <ns0:nomProfilInv>Fonds Club 3</ns0:nomProfilInv>
                            <ns0:tauxRepartitionProfilInv>1.0</ns0:tauxRepartitionProfilInv>
                            <ns0:indicateurTauxDerogeableProfilInv>false</ns0:indicateurTauxDerogeableProfilInv>
                            <ns0:tauxRepartitionProfilInvDefaut>0.0</ns0:tauxRepartitionProfilInvDefaut>
                        </ns0:ProfilInv>
                    </ns0:OccStructInv>
                    <ns0:OccStructInv>
                        <ns0:idOccStructInv>SF_9257042</ns0:idOccStructInv>
                        <ns0:idOccParentStructInv>SF_9257044</ns0:idOccParentStructInv>
                        <ns0:codeModeGestionInv>PILHRZ</ns0:codeModeGestionInv>
                        <ns0:libModeGestionInv>Gestion pilotée horizon</ns0:libModeGestionInv>
                        <ns0:codeModeGestionInvSilo>GP</ns0:codeModeGestionInvSilo>
                        <ns0:libModeGestionInvSilo>Gestion pilotée</ns0:libModeGestionInvSilo>
                        <ns0:codeNatureSupportInv>FDSGES</ns0:codeNatureSupportInv>
                        <ns0:libNatureSupportInv>Fonds Euro</ns0:libNatureSupportInv>
                        <ns0:codeNatureSupportInvSilo>FG</ns0:codeNatureSupportInvSilo>
                        <ns0:libNatureSupportInvSilo>Fond en Devises</ns0:libNatureSupportInvSilo>
                        <ns0:GrilleInv>
                            <ns0:idGrilleInv>4235</ns0:idGrilleInv>
                            <ns0:nomGrilleInv>Grille Fonds Club  (4-8 ans)</ns0:nomGrilleInv>
                            <ns0:tauxRepartitionGrilleInv>1.0</ns0:tauxRepartitionGrilleInv>
                            <ns0:indicateurTauxDerogeableGrilleInv>false</ns0:indicateurTauxDerogeableGrilleInv>
                            <ns0:tauxRepartitionGrilleInvDefaut>1.0</ns0:tauxRepartitionGrilleInvDefaut>
                        </ns0:GrilleInv>
                    </ns0:OccStructInv>
                    <ns0:OccStructInv>
                        <ns0:idOccStructInv>SF_9352471</ns0:idOccStructInv>
                        <ns0:idOccParentStructInv>SF_9257044</ns0:idOccParentStructInv>
                        <ns0:codeModeGestionInv>LIBRE</ns0:codeModeGestionInv>
                        <ns0:libModeGestionInv>Gestion libre</ns0:libModeGestionInv>
                        <ns0:codeModeGestionInvSilo>GL</ns0:codeModeGestionInvSilo>
                        <ns0:libModeGestionInvSilo>Gestion libre</ns0:libModeGestionInvSilo>
                        <ns0:codeNatureSupportInv>UNICPT</ns0:codeNatureSupportInv>
                        <ns0:libNatureSupportInv>UC</ns0:libNatureSupportInv>
                        <ns0:codeNatureSupportInvSilo>UC</ns0:codeNatureSupportInvSilo>
                        <ns0:libNatureSupportInvSilo>Unité de Compte</ns0:libNatureSupportInvSilo>
                        <ns0:ProfilInv>
                            <ns0:idProfilInv>4388</ns0:idProfilInv>
                            <ns0:nomProfilInv>Allocation NESTLE - ACA</ns0:nomProfilInv>
                            <ns0:tauxRepartitionProfilInv>1.0</ns0:tauxRepartitionProfilInv>
                            <ns0:indicateurTauxDerogeableProfilInv>false</ns0:indicateurTauxDerogeableProfilInv>
                            <ns0:tauxRepartitionProfilInvDefaut>0.0</ns0:tauxRepartitionProfilInvDefaut>
                        </ns0:ProfilInv>
                    </ns0:OccStructInv>
                    <ns0:OccStructInv>
                        <ns0:idOccStructInv>SF_9257026 SI_4238 SI_4228 SU_4550</ns0:idOccStructInv>
                        <ns0:idOccParentStructInv>SF_9257026 SI_4238 SI_4228</ns0:idOccParentStructInv>
                        <ns0:codeNatureSupportInv>FDSGES</ns0:codeNatureSupportInv>
                        <ns0:libNatureSupportInv>Fonds Euro</ns0:libNatureSupportInv>
                        <ns0:codeNatureSupportInvSilo>FG</ns0:codeNatureSupportInvSilo>
                        <ns0:SupportInv>
                            <ns0:idSupportInv>4550</ns0:idSupportInv>
                            <ns0:nomSupportInv>Fonds Club 3</ns0:nomSupportInv>
                            <ns0:codeCategorieFonds>FDDD</ns0:codeCategorieFonds>
                            <ns0:libCategorieFonds>Fonds dédiés</ns0:libCategorieFonds>
                            <ns0:codeCategorieFondsSilo>FDD</ns0:codeCategorieFondsSilo>
                            <ns0:libCategorieFondsSilo>Fonds dédiés</ns0:libCategorieFondsSilo>
                            <ns0:tauxRepartitionSupportInv>1.0</ns0:tauxRepartitionSupportInv>
                            <ns0:deviseFonds>EUR</ns0:deviseFonds>
                        </ns0:SupportInv>
                    </ns0:OccStructInv>
                    <ns0:OccStructInv>
                        <ns0:idOccStructInv>SF_9257026 SI_4236</ns0:idOccStructInv>
                        <ns0:idOccParentStructInv>SF_9257026</ns0:idOccParentStructInv>
                        <ns0:codeNatureSupportInv>FDSGES</ns0:codeNatureSupportInv>
                        <ns0:libNatureSupportInv>Fonds Euro</ns0:libNatureSupportInv>
                        <ns0:codeNatureSupportInvSilo>FG</ns0:codeNatureSupportInvSilo>
                        <ns0:libNatureSupportInvSilo>Fond en Devises</ns0:libNatureSupportInvSilo>
                        <ns0:HorizonInv>
                            <ns0:idHorizonInv>4236</ns0:idHorizonInv>
                            <ns0:nomHorizonInv>Moins de 4 ans</ns0:nomHorizonInv>
                            <ns0:borneMaxVersementInv>47</ns0:borneMaxVersementInv>
                            <ns0:borneMaxDeplacerCapitalInvesti>47</ns0:borneMaxDeplacerCapitalInvesti>
                        </ns0:HorizonInv>
                    </ns0:OccStructInv>
                    <ns0:OccStructInv>
                        <ns0:idOccStructInv>SF_9257026 SI_4237</ns0:idOccStructInv>
                        <ns0:idOccParentStructInv>SF_9257026</ns0:idOccParentStructInv>
                        <ns0:codeNatureSupportInv>FDSGES</ns0:codeNatureSupportInv>
                        <ns0:libNatureSupportInv>Fonds Euro</ns0:libNatureSupportInv>
                        <ns0:codeNatureSupportInvSilo>FG</ns0:codeNatureSupportInvSilo>
                        <ns0:libNatureSupportInvSilo>Fond en Devises</ns0:libNatureSupportInvSilo>
                        <ns0:HorizonInv>
                            <ns0:idHorizonInv>4237</ns0:idHorizonInv>
                            <ns0:nomHorizonInv>Entre 4 et 8 ans</ns0:nomHorizonInv>
                            <ns0:borneMinVersementInv>48</ns0:borneMinVersementInv>
                            <ns0:borneMaxVersementInv>107</ns0:borneMaxVersementInv>
                            <ns0:borneMinDeplacerCapitalInvesti>48</ns0:borneMinDeplacerCapitalInvesti>
                            <ns0:borneMaxDeplacerCapitalInvesti>107</ns0:borneMaxDeplacerCapitalInvesti>
                        </ns0:HorizonInv>
                    </ns0:OccStructInv>
                    <ns0:OccStructInv>
                        <ns0:idOccStructInv>SF_9257026 SI_4238</ns0:idOccStructInv>
                        <ns0:idOccParentStructInv>SF_9257026</ns0:idOccParentStructInv>
                        <ns0:codeNatureSupportInv>FDSGES</ns0:codeNatureSupportInv>
                        <ns0:libNatureSupportInv>Fonds Euro</ns0:libNatureSupportInv>
                        <ns0:codeNatureSupportInvSilo>FG</ns0:codeNatureSupportInvSilo>
                        <ns0:libNatureSupportInvSilo>Fond en Devises</ns0:libNatureSupportInvSilo>
                        <ns0:HorizonInv>
                            <ns0:idHorizonInv>4238</ns0:idHorizonInv>
                            <ns0:nomHorizonInv>Plus de 8 ans</ns0:nomHorizonInv>
                            <ns0:borneMinVersementInv>108</ns0:borneMinVersementInv>
                            <ns0:borneMinDeplacerCapitalInvesti>108</ns0:borneMinDeplacerCapitalInvesti>
                        </ns0:HorizonInv>
                    </ns0:OccStructInv>
                    <ns0:OccStructInv>
                        <ns0:idOccStructInv>SF_9257026 SI_4237 SI_4227 SU_4549</ns0:idOccStructInv>
                        <ns0:idOccParentStructInv>SF_9257026 SI_4237 SI_4227</ns0:idOccParentStructInv>
                        <ns0:codeNatureSupportInv>FDSGES</ns0:codeNatureSupportInv>
                        <ns0:libNatureSupportInv>Fonds Euro</ns0:libNatureSupportInv>
                        <ns0:codeNatureSupportInvSilo>FG</ns0:codeNatureSupportInvSilo>
                        <ns0:SupportInv>
                            <ns0:idSupportInv>4549</ns0:idSupportInv>
                            <ns0:nomSupportInv>Fonds Club 2</ns0:nomSupportInv>
                            <ns0:codeCategorieFonds>FDDD</ns0:codeCategorieFonds>
                            <ns0:libCategorieFonds>Fonds dédiés</ns0:libCategorieFonds>
                            <ns0:codeCategorieFondsSilo>FDD</ns0:codeCategorieFondsSilo>
                            <ns0:libCategorieFondsSilo>Fonds dédiés</ns0:libCategorieFondsSilo>
                            <ns0:tauxRepartitionSupportInv>1.0</ns0:tauxRepartitionSupportInv>
                            <ns0:deviseFonds>EUR</ns0:deviseFonds>
                        </ns0:SupportInv>
                    </ns0:OccStructInv>
                    <ns0:OccStructInv>
                        <ns0:idOccStructInv>SF_9257026 SI_4238 SI_4228</ns0:idOccStructInv>
                        <ns0:idOccParentStructInv>SF_9257026 SI_4238</ns0:idOccParentStructInv>
                        <ns0:codeNatureSupportInv>FDSGES</ns0:codeNatureSupportInv>
                        <ns0:libNatureSupportInv>Fonds Euro</ns0:libNatureSupportInv>
                        <ns0:codeNatureSupportInvSilo>FG</ns0:codeNatureSupportInvSilo>
                        <ns0:libNatureSupportInvSilo>Fond en Devises</ns0:libNatureSupportInvSilo>
                        <ns0:ProfilInv>
                            <ns0:idProfilInv>4228</ns0:idProfilInv>
                            <ns0:nomProfilInv>Fonds Club 3</ns0:nomProfilInv>
                            <ns0:tauxRepartitionProfilInv>1.0</ns0:tauxRepartitionProfilInv>
                            <ns0:indicateurTauxDerogeableProfilInv>false</ns0:indicateurTauxDerogeableProfilInv>
                        </ns0:ProfilInv>
                    </ns0:OccStructInv>
                    <ns0:OccStructInv>
                        <ns0:idOccStructInv>SF_9257026 SI_4237 SI_4227</ns0:idOccStructInv>
                        <ns0:idOccParentStructInv>SF_9257026 SI_4237</ns0:idOccParentStructInv>
                        <ns0:codeNatureSupportInv>FDSGES</ns0:codeNatureSupportInv>
                        <ns0:libNatureSupportInv>Fonds Euro</ns0:libNatureSupportInv>
                        <ns0:codeNatureSupportInvSilo>FG</ns0:codeNatureSupportInvSilo>
                        <ns0:libNatureSupportInvSilo>Fond en Devises</ns0:libNatureSupportInvSilo>
                        <ns0:ProfilInv>
                            <ns0:idProfilInv>4227</ns0:idProfilInv>
                            <ns0:nomProfilInv>Fonds Club 2</ns0:nomProfilInv>
                            <ns0:tauxRepartitionProfilInv>1.0</ns0:tauxRepartitionProfilInv>
                            <ns0:indicateurTauxDerogeableProfilInv>false</ns0:indicateurTauxDerogeableProfilInv>
                        </ns0:ProfilInv>
                    </ns0:OccStructInv>
                    <ns0:OccStructInv>
                        <ns0:idOccStructInv>SF_9257026 SI_4236 SI_4226</ns0:idOccStructInv>
                        <ns0:idOccParentStructInv>SF_9257026 SI_4236</ns0:idOccParentStructInv>
                        <ns0:codeNatureSupportInv>FDSGES</ns0:codeNatureSupportInv>
                        <ns0:libNatureSupportInv>Fonds Euro</ns0:libNatureSupportInv>
                        <ns0:codeNatureSupportInvSilo>FG</ns0:codeNatureSupportInvSilo>
                        <ns0:libNatureSupportInvSilo>Fond en Devises</ns0:libNatureSupportInvSilo>
                        <ns0:ProfilInv>
                            <ns0:idProfilInv>4226</ns0:idProfilInv>
                            <ns0:nomProfilInv>Actif en euros</ns0:nomProfilInv>
                            <ns0:tauxRepartitionProfilInv>1.0</ns0:tauxRepartitionProfilInv>
                            <ns0:indicateurTauxDerogeableProfilInv>false</ns0:indicateurTauxDerogeableProfilInv>
                        </ns0:ProfilInv>
                    </ns0:OccStructInv>
                    <ns0:OccStructInv>
                        <ns0:idOccStructInv>SF_9257026 SI_4236 SI_4226 SU_4548</ns0:idOccStructInv>
                        <ns0:idOccParentStructInv>SF_9257026 SI_4236 SI_4226</ns0:idOccParentStructInv>
                        <ns0:codeNatureSupportInv>FDSGES</ns0:codeNatureSupportInv>
                        <ns0:libNatureSupportInv>Fonds Euro</ns0:libNatureSupportInv>
                        <ns0:codeNatureSupportInvSilo>FG</ns0:codeNatureSupportInvSilo>
                        <ns0:SupportInv>
                            <ns0:idSupportInv>4548</ns0:idSupportInv>
                            <ns0:nomSupportInv>Actif en euros</ns0:nomSupportInv>
                            <ns0:codeCategorieFonds>FDPR</ns0:codeCategorieFonds>
                            <ns0:libCategorieFonds>Fonds propres</ns0:libCategorieFonds>
                            <ns0:codeCategorieFondsSilo>FPR</ns0:codeCategorieFondsSilo>
                            <ns0:libCategorieFondsSilo>Fonds propres</ns0:libCategorieFondsSilo>
                            <ns0:tauxRepartitionSupportInv>1.0</ns0:tauxRepartitionSupportInv>
                            <ns0:deviseFonds>EUR</ns0:deviseFonds>
                        </ns0:SupportInv>
                    </ns0:OccStructInv>
                    <ns0:OccStructInv>
                        <ns0:idOccStructInv>SF_9257032 SI_4238 SI_4228</ns0:idOccStructInv>
                        <ns0:idOccParentStructInv>SF_9257032 SI_4238</ns0:idOccParentStructInv>
                        <ns0:codeNatureSupportInv>FDSGES</ns0:codeNatureSupportInv>
                        <ns0:libNatureSupportInv>Fonds Euro</ns0:libNatureSupportInv>
                        <ns0:codeNatureSupportInvSilo>FG</ns0:codeNatureSupportInvSilo>
                        <ns0:libNatureSupportInvSilo>Fond en Devises</ns0:libNatureSupportInvSilo>
                        <ns0:ProfilInv>
                            <ns0:idProfilInv>4228</ns0:idProfilInv>
                            <ns0:nomProfilInv>Fonds Club 3</ns0:nomProfilInv>
                            <ns0:tauxRepartitionProfilInv>1.0</ns0:tauxRepartitionProfilInv>
                            <ns0:indicateurTauxDerogeableProfilInv>false</ns0:indicateurTauxDerogeableProfilInv>
                        </ns0:ProfilInv>
                    </ns0:OccStructInv>
                    <ns0:OccStructInv>
                        <ns0:idOccStructInv>SF_9257032 SI_4237 SI_4227</ns0:idOccStructInv>
                        <ns0:idOccParentStructInv>SF_9257032 SI_4237</ns0:idOccParentStructInv>
                        <ns0:codeNatureSupportInv>FDSGES</ns0:codeNatureSupportInv>
                        <ns0:libNatureSupportInv>Fonds Euro</ns0:libNatureSupportInv>
                        <ns0:codeNatureSupportInvSilo>FG</ns0:codeNatureSupportInvSilo>
                        <ns0:libNatureSupportInvSilo>Fond en Devises</ns0:libNatureSupportInvSilo>
                        <ns0:ProfilInv>
                            <ns0:idProfilInv>4227</ns0:idProfilInv>
                            <ns0:nomProfilInv>Fonds Club 2</ns0:nomProfilInv>
                            <ns0:tauxRepartitionProfilInv>1.0</ns0:tauxRepartitionProfilInv>
                            <ns0:indicateurTauxDerogeableProfilInv>false</ns0:indicateurTauxDerogeableProfilInv>
                        </ns0:ProfilInv>
                    </ns0:OccStructInv>
                    <ns0:OccStructInv>
                        <ns0:idOccStructInv>SF_9257032 SI_4236 SI_4226</ns0:idOccStructInv>
                        <ns0:idOccParentStructInv>SF_9257032 SI_4236</ns0:idOccParentStructInv>
                        <ns0:codeNatureSupportInv>FDSGES</ns0:codeNatureSupportInv>
                        <ns0:libNatureSupportInv>Fonds Euro</ns0:libNatureSupportInv>
                        <ns0:codeNatureSupportInvSilo>FG</ns0:codeNatureSupportInvSilo>
                        <ns0:libNatureSupportInvSilo>Fond en Devises</ns0:libNatureSupportInvSilo>
                        <ns0:ProfilInv>
                            <ns0:idProfilInv>4226</ns0:idProfilInv>
                            <ns0:nomProfilInv>Actif en euros</ns0:nomProfilInv>
                            <ns0:tauxRepartitionProfilInv>1.0</ns0:tauxRepartitionProfilInv>
                            <ns0:indicateurTauxDerogeableProfilInv>false</ns0:indicateurTauxDerogeableProfilInv>
                        </ns0:ProfilInv>
                    </ns0:OccStructInv>
                    <ns0:OccStructInv>
                        <ns0:idOccStructInv>SF_9257032 SI_4237 SI_4227 SU_4549</ns0:idOccStructInv>
                        <ns0:idOccParentStructInv>SF_9257032 SI_4237 SI_4227</ns0:idOccParentStructInv>
                        <ns0:codeNatureSupportInv>FDSGES</ns0:codeNatureSupportInv>
                        <ns0:libNatureSupportInv>Fonds Euro</ns0:libNatureSupportInv>
                        <ns0:codeNatureSupportInvSilo>FG</ns0:codeNatureSupportInvSilo>
                        <ns0:SupportInv>
                            <ns0:idSupportInv>4549</ns0:idSupportInv>
                            <ns0:nomSupportInv>Fonds Club 2</ns0:nomSupportInv>
                            <ns0:codeCategorieFonds>FDDD</ns0:codeCategorieFonds>
                            <ns0:libCategorieFonds>Fonds dédiés</ns0:libCategorieFonds>
                            <ns0:codeCategorieFondsSilo>FDD</ns0:codeCategorieFondsSilo>
                            <ns0:libCategorieFondsSilo>Fonds dédiés</ns0:libCategorieFondsSilo>
                            <ns0:tauxRepartitionSupportInv>1.0</ns0:tauxRepartitionSupportInv>
                            <ns0:deviseFonds>EUR</ns0:deviseFonds>
                        </ns0:SupportInv>
                    </ns0:OccStructInv>
                    <ns0:OccStructInv>
                        <ns0:idOccStructInv>SF_9257032 SI_4238</ns0:idOccStructInv>
                        <ns0:idOccParentStructInv>SF_9257032</ns0:idOccParentStructInv>
                        <ns0:codeNatureSupportInv>FDSGES</ns0:codeNatureSupportInv>
                        <ns0:libNatureSupportInv>Fonds Euro</ns0:libNatureSupportInv>
                        <ns0:codeNatureSupportInvSilo>FG</ns0:codeNatureSupportInvSilo>
                        <ns0:libNatureSupportInvSilo>Fond en Devises</ns0:libNatureSupportInvSilo>
                        <ns0:HorizonInv>
                            <ns0:idHorizonInv>4238</ns0:idHorizonInv>
                            <ns0:nomHorizonInv>Plus de 8 ans</ns0:nomHorizonInv>
                            <ns0:borneMinVersementInv>108</ns0:borneMinVersementInv>
                            <ns0:borneMinDeplacerCapitalInvesti>108</ns0:borneMinDeplacerCapitalInvesti>
                        </ns0:HorizonInv>
                    </ns0:OccStructInv>
                    <ns0:OccStructInv>
                        <ns0:idOccStructInv>SF_9257032 SI_4236</ns0:idOccStructInv>
                        <ns0:idOccParentStructInv>SF_9257032</ns0:idOccParentStructInv>
                        <ns0:codeNatureSupportInv>FDSGES</ns0:codeNatureSupportInv>
                        <ns0:libNatureSupportInv>Fonds Euro</ns0:libNatureSupportInv>
                        <ns0:codeNatureSupportInvSilo>FG</ns0:codeNatureSupportInvSilo>
                        <ns0:libNatureSupportInvSilo>Fond en Devises</ns0:libNatureSupportInvSilo>
                        <ns0:HorizonInv>
                            <ns0:idHorizonInv>4236</ns0:idHorizonInv>
                            <ns0:nomHorizonInv>Moins de 4 ans</ns0:nomHorizonInv>
                            <ns0:borneMaxVersementInv>47</ns0:borneMaxVersementInv>
                            <ns0:borneMaxDeplacerCapitalInvesti>47</ns0:borneMaxDeplacerCapitalInvesti>
                        </ns0:HorizonInv>
                    </ns0:OccStructInv>
                    <ns0:OccStructInv>
                        <ns0:idOccStructInv>SF_9257032 SI_4237</ns0:idOccStructInv>
                        <ns0:idOccParentStructInv>SF_9257032</ns0:idOccParentStructInv>
                        <ns0:codeNatureSupportInv>FDSGES</ns0:codeNatureSupportInv>
                        <ns0:libNatureSupportInv>Fonds Euro</ns0:libNatureSupportInv>
                        <ns0:codeNatureSupportInvSilo>FG</ns0:codeNatureSupportInvSilo>
                        <ns0:libNatureSupportInvSilo>Fond en Devises</ns0:libNatureSupportInvSilo>
                        <ns0:HorizonInv>
                            <ns0:idHorizonInv>4237</ns0:idHorizonInv>
                            <ns0:nomHorizonInv>Entre 4 et 8 ans</ns0:nomHorizonInv>
                            <ns0:borneMinVersementInv>48</ns0:borneMinVersementInv>
                            <ns0:borneMaxVersementInv>107</ns0:borneMaxVersementInv>
                            <ns0:borneMinDeplacerCapitalInvesti>48</ns0:borneMinDeplacerCapitalInvesti>
                            <ns0:borneMaxDeplacerCapitalInvesti>107</ns0:borneMaxDeplacerCapitalInvesti>
                        </ns0:HorizonInv>
                    </ns0:OccStructInv>
                    <ns0:OccStructInv>
                        <ns0:idOccStructInv>SF_9257032 SI_4236 SI_4226 SU_4548</ns0:idOccStructInv>
                        <ns0:idOccParentStructInv>SF_9257032 SI_4236 SI_4226</ns0:idOccParentStructInv>
                        <ns0:codeNatureSupportInv>FDSGES</ns0:codeNatureSupportInv>
                        <ns0:libNatureSupportInv>Fonds Euro</ns0:libNatureSupportInv>
                        <ns0:codeNatureSupportInvSilo>FG</ns0:codeNatureSupportInvSilo>
                        <ns0:SupportInv>
                            <ns0:idSupportInv>4548</ns0:idSupportInv>
                            <ns0:nomSupportInv>Actif en euros</ns0:nomSupportInv>
                            <ns0:codeCategorieFonds>FDPR</ns0:codeCategorieFonds>
                            <ns0:libCategorieFonds>Fonds propres</ns0:libCategorieFonds>
                            <ns0:codeCategorieFondsSilo>FPR</ns0:codeCategorieFondsSilo>
                            <ns0:libCategorieFondsSilo>Fonds propres</ns0:libCategorieFondsSilo>
                            <ns0:tauxRepartitionSupportInv>1.0</ns0:tauxRepartitionSupportInv>
                            <ns0:deviseFonds>EUR</ns0:deviseFonds>
                        </ns0:SupportInv>
                    </ns0:OccStructInv>
                    <ns0:OccStructInv>
                        <ns0:idOccStructInv>SF_9257032 SI_4238 SI_4228 SU_4550</ns0:idOccStructInv>
                        <ns0:idOccParentStructInv>SF_9257032 SI_4238 SI_4228</ns0:idOccParentStructInv>
                        <ns0:codeNatureSupportInv>FDSGES</ns0:codeNatureSupportInv>
                        <ns0:libNatureSupportInv>Fonds Euro</ns0:libNatureSupportInv>
                        <ns0:codeNatureSupportInvSilo>FG</ns0:codeNatureSupportInvSilo>
                        <ns0:SupportInv>
                            <ns0:idSupportInv>4550</ns0:idSupportInv>
                            <ns0:nomSupportInv>Fonds Club 3</ns0:nomSupportInv>
                            <ns0:codeCategorieFonds>FDDD</ns0:codeCategorieFonds>
                            <ns0:libCategorieFonds>Fonds dédiés</ns0:libCategorieFonds>
                            <ns0:codeCategorieFondsSilo>FDD</ns0:codeCategorieFondsSilo>
                            <ns0:libCategorieFondsSilo>Fonds dédiés</ns0:libCategorieFondsSilo>
                            <ns0:tauxRepartitionSupportInv>1.0</ns0:tauxRepartitionSupportInv>
                            <ns0:deviseFonds>EUR</ns0:deviseFonds>
                        </ns0:SupportInv>
                    </ns0:OccStructInv>
                    <ns0:OccStructInv>
                        <ns0:idOccStructInv>SF_9257035 SU_4548</ns0:idOccStructInv>
                        <ns0:idOccParentStructInv>SF_9257035</ns0:idOccParentStructInv>
                        <ns0:codeNatureSupportInv>FDSGES</ns0:codeNatureSupportInv>
                        <ns0:libNatureSupportInv>Fonds Euro</ns0:libNatureSupportInv>
                        <ns0:codeNatureSupportInvSilo>FG</ns0:codeNatureSupportInvSilo>
                        <ns0:SupportInv>
                            <ns0:idSupportInv>4548</ns0:idSupportInv>
                            <ns0:nomSupportInv>Actif en euros</ns0:nomSupportInv>
                            <ns0:codeCategorieFonds>FDPR</ns0:codeCategorieFonds>
                            <ns0:libCategorieFonds>Fonds propres</ns0:libCategorieFonds>
                            <ns0:codeCategorieFondsSilo>FPR</ns0:codeCategorieFondsSilo>
                            <ns0:libCategorieFondsSilo>Fonds propres</ns0:libCategorieFondsSilo>
                            <ns0:tauxRepartitionSupportInv>1.0</ns0:tauxRepartitionSupportInv>
                            <ns0:deviseFonds>EUR</ns0:deviseFonds>
                        </ns0:SupportInv>
                    </ns0:OccStructInv>
                    <ns0:OccStructInv>
                        <ns0:idOccStructInv>SF_9257036 SU_4549</ns0:idOccStructInv>
                        <ns0:idOccParentStructInv>SF_9257036</ns0:idOccParentStructInv>
                        <ns0:codeNatureSupportInv>FDSGES</ns0:codeNatureSupportInv>
                        <ns0:libNatureSupportInv>Fonds Euro</ns0:libNatureSupportInv>
                        <ns0:codeNatureSupportInvSilo>FG</ns0:codeNatureSupportInvSilo>
                        <ns0:SupportInv>
                            <ns0:idSupportInv>4549</ns0:idSupportInv>
                            <ns0:nomSupportInv>Fonds Club 2</ns0:nomSupportInv>
                            <ns0:codeCategorieFonds>FDDD</ns0:codeCategorieFonds>
                            <ns0:libCategorieFonds>Fonds dédiés</ns0:libCategorieFonds>
                            <ns0:codeCategorieFondsSilo>FDD</ns0:codeCategorieFondsSilo>
                            <ns0:libCategorieFondsSilo>Fonds dédiés</ns0:libCategorieFondsSilo>
                            <ns0:tauxRepartitionSupportInv>1.0</ns0:tauxRepartitionSupportInv>
                            <ns0:deviseFonds>EUR</ns0:deviseFonds>
                        </ns0:SupportInv>
                    </ns0:OccStructInv>
                    <ns0:OccStructInv>
                        <ns0:idOccStructInv>SF_9257037 SU_4550</ns0:idOccStructInv>
                        <ns0:idOccParentStructInv>SF_9257037</ns0:idOccParentStructInv>
                        <ns0:codeNatureSupportInv>FDSGES</ns0:codeNatureSupportInv>
                        <ns0:libNatureSupportInv>Fonds Euro</ns0:libNatureSupportInv>
                        <ns0:codeNatureSupportInvSilo>FG</ns0:codeNatureSupportInvSilo>
                        <ns0:SupportInv>
                            <ns0:idSupportInv>4550</ns0:idSupportInv>
                            <ns0:nomSupportInv>Fonds Club 3</ns0:nomSupportInv>
                            <ns0:codeCategorieFonds>FDDD</ns0:codeCategorieFonds>
                            <ns0:libCategorieFonds>Fonds dédiés</ns0:libCategorieFonds>
                            <ns0:codeCategorieFondsSilo>FDD</ns0:codeCategorieFondsSilo>
                            <ns0:libCategorieFondsSilo>Fonds dédiés</ns0:libCategorieFondsSilo>
                            <ns0:tauxRepartitionSupportInv>1.0</ns0:tauxRepartitionSupportInv>
                            <ns0:deviseFonds>EUR</ns0:deviseFonds>
                        </ns0:SupportInv>
                    </ns0:OccStructInv>
                    <ns0:OccStructInv>
                        <ns0:idOccStructInv>SF_9257042 SI_4236 SI_4226</ns0:idOccStructInv>
                        <ns0:idOccParentStructInv>SF_9257042 SI_4236</ns0:idOccParentStructInv>
                        <ns0:codeNatureSupportInv>FDSGES</ns0:codeNatureSupportInv>
                        <ns0:libNatureSupportInv>Fonds Euro</ns0:libNatureSupportInv>
                        <ns0:codeNatureSupportInvSilo>FG</ns0:codeNatureSupportInvSilo>
                        <ns0:libNatureSupportInvSilo>Fond en Devises</ns0:libNatureSupportInvSilo>
                        <ns0:ProfilInv>
                            <ns0:idProfilInv>4226</ns0:idProfilInv>
                            <ns0:nomProfilInv>Actif en euros</ns0:nomProfilInv>
                            <ns0:tauxRepartitionProfilInv>1.0</ns0:tauxRepartitionProfilInv>
                            <ns0:indicateurTauxDerogeableProfilInv>false</ns0:indicateurTauxDerogeableProfilInv>
                        </ns0:ProfilInv>
                    </ns0:OccStructInv>
                    <ns0:OccStructInv>
                        <ns0:idOccStructInv>SF_9257042 SI_4238 SI_4228 SU_4550</ns0:idOccStructInv>
                        <ns0:idOccParentStructInv>SF_9257042 SI_4238 SI_4228</ns0:idOccParentStructInv>
                        <ns0:codeNatureSupportInv>FDSGES</ns0:codeNatureSupportInv>
                        <ns0:libNatureSupportInv>Fonds Euro</ns0:libNatureSupportInv>
                        <ns0:codeNatureSupportInvSilo>FG</ns0:codeNatureSupportInvSilo>
                        <ns0:SupportInv>
                            <ns0:idSupportInv>4550</ns0:idSupportInv>
                            <ns0:nomSupportInv>Fonds Club 3</ns0:nomSupportInv>
                            <ns0:codeCategorieFonds>FDDD</ns0:codeCategorieFonds>
                            <ns0:libCategorieFonds>Fonds dédiés</ns0:libCategorieFonds>
                            <ns0:codeCategorieFondsSilo>FDD</ns0:codeCategorieFondsSilo>
                            <ns0:libCategorieFondsSilo>Fonds dédiés</ns0:libCategorieFondsSilo>
                            <ns0:tauxRepartitionSupportInv>1.0</ns0:tauxRepartitionSupportInv>
                            <ns0:deviseFonds>EUR</ns0:deviseFonds>
                        </ns0:SupportInv>
                    </ns0:OccStructInv>
                    <ns0:OccStructInv>
                        <ns0:idOccStructInv>SF_9257042 SI_4238 SI_4228</ns0:idOccStructInv>
                        <ns0:idOccParentStructInv>SF_9257042 SI_4238</ns0:idOccParentStructInv>
                        <ns0:codeNatureSupportInv>FDSGES</ns0:codeNatureSupportInv>
                        <ns0:libNatureSupportInv>Fonds Euro</ns0:libNatureSupportInv>
                        <ns0:codeNatureSupportInvSilo>FG</ns0:codeNatureSupportInvSilo>
                        <ns0:libNatureSupportInvSilo>Fond en Devises</ns0:libNatureSupportInvSilo>
                        <ns0:ProfilInv>
                            <ns0:idProfilInv>4228</ns0:idProfilInv>
                            <ns0:nomProfilInv>Fonds Club 3</ns0:nomProfilInv>
                            <ns0:tauxRepartitionProfilInv>1.0</ns0:tauxRepartitionProfilInv>
                            <ns0:indicateurTauxDerogeableProfilInv>false</ns0:indicateurTauxDerogeableProfilInv>
                        </ns0:ProfilInv>
                    </ns0:OccStructInv>
                    <ns0:OccStructInv>
                        <ns0:idOccStructInv>SF_9257042 SI_4237 SI_4227 SU_4549</ns0:idOccStructInv>
                        <ns0:idOccParentStructInv>SF_9257042 SI_4237 SI_4227</ns0:idOccParentStructInv>
                        <ns0:codeNatureSupportInv>FDSGES</ns0:codeNatureSupportInv>
                        <ns0:libNatureSupportInv>Fonds Euro</ns0:libNatureSupportInv>
                        <ns0:codeNatureSupportInvSilo>FG</ns0:codeNatureSupportInvSilo>
                        <ns0:SupportInv>
                            <ns0:idSupportInv>4549</ns0:idSupportInv>
                            <ns0:nomSupportInv>Fonds Club 2</ns0:nomSupportInv>
                            <ns0:codeCategorieFonds>FDDD</ns0:codeCategorieFonds>
                            <ns0:libCategorieFonds>Fonds dédiés</ns0:libCategorieFonds>
                            <ns0:codeCategorieFondsSilo>FDD</ns0:codeCategorieFondsSilo>
                            <ns0:libCategorieFondsSilo>Fonds dédiés</ns0:libCategorieFondsSilo>
                            <ns0:tauxRepartitionSupportInv>1.0</ns0:tauxRepartitionSupportInv>
                            <ns0:deviseFonds>EUR</ns0:deviseFonds>
                        </ns0:SupportInv>
                    </ns0:OccStructInv>
                    <ns0:OccStructInv>
                        <ns0:idOccStructInv>SF_9257042 SI_4237 SI_4227</ns0:idOccStructInv>
                        <ns0:idOccParentStructInv>SF_9257042 SI_4237</ns0:idOccParentStructInv>
                        <ns0:codeNatureSupportInv>FDSGES</ns0:codeNatureSupportInv>
                        <ns0:libNatureSupportInv>Fonds Euro</ns0:libNatureSupportInv>
                        <ns0:codeNatureSupportInvSilo>FG</ns0:codeNatureSupportInvSilo>
                        <ns0:libNatureSupportInvSilo>Fond en Devises</ns0:libNatureSupportInvSilo>
                        <ns0:ProfilInv>
                            <ns0:idProfilInv>4227</ns0:idProfilInv>
                            <ns0:nomProfilInv>Fonds Club 2</ns0:nomProfilInv>
                            <ns0:tauxRepartitionProfilInv>1.0</ns0:tauxRepartitionProfilInv>
                            <ns0:indicateurTauxDerogeableProfilInv>false</ns0:indicateurTauxDerogeableProfilInv>
                        </ns0:ProfilInv>
                    </ns0:OccStructInv>
                    <ns0:OccStructInv>
                        <ns0:idOccStructInv>SF_9257042 SI_4236 SI_4226 SU_4548</ns0:idOccStructInv>
                        <ns0:idOccParentStructInv>SF_9257042 SI_4236 SI_4226</ns0:idOccParentStructInv>
                        <ns0:codeNatureSupportInv>FDSGES</ns0:codeNatureSupportInv>
                        <ns0:libNatureSupportInv>Fonds Euro</ns0:libNatureSupportInv>
                        <ns0:codeNatureSupportInvSilo>FG</ns0:codeNatureSupportInvSilo>
                        <ns0:SupportInv>
                            <ns0:idSupportInv>4548</ns0:idSupportInv>
                            <ns0:nomSupportInv>Actif en euros</ns0:nomSupportInv>
                            <ns0:codeCategorieFonds>FDPR</ns0:codeCategorieFonds>
                            <ns0:libCategorieFonds>Fonds propres</ns0:libCategorieFonds>
                            <ns0:codeCategorieFondsSilo>FPR</ns0:codeCategorieFondsSilo>
                            <ns0:libCategorieFondsSilo>Fonds propres</ns0:libCategorieFondsSilo>
                            <ns0:tauxRepartitionSupportInv>1.0</ns0:tauxRepartitionSupportInv>
                            <ns0:deviseFonds>EUR</ns0:deviseFonds>
                        </ns0:SupportInv>
                    </ns0:OccStructInv>
                    <ns0:OccStructInv>
                        <ns0:idOccStructInv>SF_9257042 SI_4236</ns0:idOccStructInv>
                        <ns0:idOccParentStructInv>SF_9257042</ns0:idOccParentStructInv>
                        <ns0:codeNatureSupportInv>FDSGES</ns0:codeNatureSupportInv>
                        <ns0:libNatureSupportInv>Fonds Euro</ns0:libNatureSupportInv>
                        <ns0:codeNatureSupportInvSilo>FG</ns0:codeNatureSupportInvSilo>
                        <ns0:libNatureSupportInvSilo>Fond en Devises</ns0:libNatureSupportInvSilo>
                        <ns0:HorizonInv>
                            <ns0:idHorizonInv>4236</ns0:idHorizonInv>
                            <ns0:nomHorizonInv>Moins de 4 ans</ns0:nomHorizonInv>
                            <ns0:borneMaxVersementInv>47</ns0:borneMaxVersementInv>
                            <ns0:borneMaxDeplacerCapitalInvesti>47</ns0:borneMaxDeplacerCapitalInvesti>
                        </ns0:HorizonInv>
                    </ns0:OccStructInv>
                    <ns0:OccStructInv>
                        <ns0:idOccStructInv>SF_9257042 SI_4238</ns0:idOccStructInv>
                        <ns0:idOccParentStructInv>SF_9257042</ns0:idOccParentStructInv>
                        <ns0:codeNatureSupportInv>FDSGES</ns0:codeNatureSupportInv>
                        <ns0:libNatureSupportInv>Fonds Euro</ns0:libNatureSupportInv>
                        <ns0:codeNatureSupportInvSilo>FG</ns0:codeNatureSupportInvSilo>
                        <ns0:libNatureSupportInvSilo>Fond en Devises</ns0:libNatureSupportInvSilo>
                        <ns0:HorizonInv>
                            <ns0:idHorizonInv>4238</ns0:idHorizonInv>
                            <ns0:nomHorizonInv>Plus de 8 ans</ns0:nomHorizonInv>
                            <ns0:borneMinVersementInv>108</ns0:borneMinVersementInv>
                            <ns0:borneMinDeplacerCapitalInvesti>108</ns0:borneMinDeplacerCapitalInvesti>
                        </ns0:HorizonInv>
                    </ns0:OccStructInv>
                    <ns0:OccStructInv>
                        <ns0:idOccStructInv>SF_9257042 SI_4237</ns0:idOccStructInv>
                        <ns0:idOccParentStructInv>SF_9257042</ns0:idOccParentStructInv>
                        <ns0:codeNatureSupportInv>FDSGES</ns0:codeNatureSupportInv>
                        <ns0:libNatureSupportInv>Fonds Euro</ns0:libNatureSupportInv>
                        <ns0:codeNatureSupportInvSilo>FG</ns0:codeNatureSupportInvSilo>
                        <ns0:libNatureSupportInvSilo>Fond en Devises</ns0:libNatureSupportInvSilo>
                        <ns0:HorizonInv>
                            <ns0:idHorizonInv>4237</ns0:idHorizonInv>
                            <ns0:nomHorizonInv>Entre 4 et 8 ans</ns0:nomHorizonInv>
                            <ns0:borneMinVersementInv>48</ns0:borneMinVersementInv>
                            <ns0:borneMaxVersementInv>107</ns0:borneMaxVersementInv>
                            <ns0:borneMinDeplacerCapitalInvesti>48</ns0:borneMinDeplacerCapitalInvesti>
                            <ns0:borneMaxDeplacerCapitalInvesti>107</ns0:borneMaxDeplacerCapitalInvesti>
                        </ns0:HorizonInv>
                    </ns0:OccStructInv>
                    <ns0:OccStructInv>
                        <ns0:idOccStructInv>SF_9352471 SU_4474</ns0:idOccStructInv>
                        <ns0:idOccParentStructInv>SF_9352471</ns0:idOccParentStructInv>
                        <ns0:codeNatureSupportInv>UNICPT</ns0:codeNatureSupportInv>
                        <ns0:libNatureSupportInv>UC</ns0:libNatureSupportInv>
                        <ns0:codeNatureSupportInvSilo>UC</ns0:codeNatureSupportInvSilo>
                        <ns0:SupportInv>
                            <ns0:idSupportInv>4474</ns0:idSupportInv>
                            <ns0:codeISIN>FR0010434019</ns0:codeISIN>
                            <ns0:nomSupportInv>ECHIQUIER PATRIMOINE ACTION A SICAV</ns0:nomSupportInv>
                            <ns0:codeCategorieFonds>OPCVM</ns0:codeCategorieFonds>
                            <ns0:libCategorieFonds>OPVCM</ns0:libCategorieFonds>
                            <ns0:codeCategorieFondsSilo>OPC</ns0:codeCategorieFondsSilo>
                            <ns0:libCategorieFondsSilo>OPVCM</ns0:libCategorieFondsSilo>
                            <ns0:tauxRepartitionSupportInv>0.5</ns0:tauxRepartitionSupportInv>
                            <ns0:deviseFonds>EUR</ns0:deviseFonds>
                        </ns0:SupportInv>
                    </ns0:OccStructInv>
                    <ns0:OccStructInv>
                        <ns0:idOccStructInv>SF_9352471 SU_4509</ns0:idOccStructInv>
                        <ns0:idOccParentStructInv>SF_9352471</ns0:idOccParentStructInv>
                        <ns0:codeNatureSupportInv>UNICPT</ns0:codeNatureSupportInv>
                        <ns0:libNatureSupportInv>UC</ns0:libNatureSupportInv>
                        <ns0:codeNatureSupportInvSilo>UC</ns0:codeNatureSupportInvSilo>
                        <ns0:SupportInv>
                            <ns0:idSupportInv>4509</ns0:idSupportInv>
                            <ns0:codeISIN>FR0010306142</ns0:codeISIN>
                            <ns0:nomSupportInv>CARMIGNAC PATRIMOINE Part E EUR ACC</ns0:nomSupportInv>
                            <ns0:codeCategorieFonds>OPCVM</ns0:codeCategorieFonds>
                            <ns0:libCategorieFonds>OPVCM</ns0:libCategorieFonds>
                            <ns0:codeCategorieFondsSilo>OPC</ns0:codeCategorieFondsSilo>
                            <ns0:libCategorieFondsSilo>OPVCM</ns0:libCategorieFondsSilo>
                            <ns0:tauxRepartitionSupportInv>0.5</ns0:tauxRepartitionSupportInv>
                            <ns0:deviseFonds>EUR</ns0:deviseFonds>
                        </ns0:SupportInv>
                    </ns0:OccStructInv>
                </ns0:StructInv>
            </ns0:ConsulterStructInvFunc>
        </ns0:ConsulterStructInvResponse>
    </SOAP-ENV:Body>
</SOAP-ENV:Envelope>
