{
  "CreerPaimtDigi": {
    "CreerPaimtDigi": {
      "PaimtDigi": {
        "EntetePaimtNumerise": {
          "idPaimtDigi": "",
          "descPaimtDigi": "blabla",
          "codeValECI": "9",
          "codeNivSecuPaimtDigi": "0"
        },
        "DetEspCli": {
          "idExtranet": "123",
          "dateCreatEspCli": "2018-05-07",
          "dureeCreat": "10",
          "dateModifEspCli": "2018-05-07",
          "dureeModif": "10",
          "dateModifMDPEspCli": "2018-05-07",
          "dureeModifMDP": "10",
          "nbeEssaiAjoutCarte24H": "0",
          "dateEnrCartePaimt": "2018-05-07",
          "dureeEnrCartePaimt": "10",
          "datePremUtilAdrLivr": "2018-05-07",
          "dureePremUtilAdrLivr": "10",
          "nbeCmdAnnee": "0",
          "nbeCmd6M": "0",
          "nbeCmd24H": "0",
          "indActivSuspt": "false",
          "indNomsIdentiques": "true"
        },
        "DetCartePaimt": {
          "idChiffreMoyenPaimt": "4ab7f1a73b27b63dd70ab7a9a2b0e450dcd8624bd5ae67e2c7b57fc8e4060aa5",
          "codeTypeCarte": "VISA"
        },
        "DetMntPaimt": {
          "mntTTC": "8.99",
          "mntFraisLivr": "1.3",
          "mntTaxes": "1.1",
          "tauxTaxes": "1",
          "codeDevVersm": "EUR",
          "datePrevueVersm": "2022-12-20"
        },
        "DetTransaPaimtNumerise": {
          "codeTypeTransaPaimtDigi": "Authorization",
          "codeDevMntTransaPaimtDigi": "EUR",
          "codeCatCmd": "5941"
        },
        "Redirect": {
          "accept_url": "https://developer.hipay.com/simulator/success/",
          "decline_url": "https://developer.hipay.com/simulator/decline/",
          "cancel_url": "https://developer.hipay.com/simulator/cancel/",
          "notify_url": "https://developer.hipay.com/simulator/notify/"
        }
      }
    }
  }
}