{
  "Response": {
    "Header": null,
    "Body": {
      "CreerPaimtDigiResponse": {
        "CreerPaimtDigiFunc": {
          "CreerPaimtDigi": {
            "PaimtDigi": {
              "EntetePaimtNumerise": {
                "idDemPaimt": "zzezz",
                "codeValECI": "9",
                "numTentvPaimtDigi": 1,
                "codeModePaimt": "visa"
              },
              "DetActr": {
                "codeRole": "CNS",
                "InfoPP": {
                  "Signq": {
                    "DosCom": {
                      "DosCom": {
                        "DetCnlCom": {
                          "Emails": null
                        }
                      }
                    }
                  }
                }
              },
              "DetCartePaimt": {
                "codeTypeCarte": "VISA",
                "idChiffreMoyenPaimt": "4ab7f1a73b27b63dd70ab7a9a2b0e450dcd8624bd5ae67e2c7b57fc8e4060aa5",
                "numCarte": "411111******1111",
                "anneeExpiration": "2021",
                "moisExpiration": "12",
                "TitlCartePaimt": "SOUFIANE",
                "libEtabBanc": "JPMORGAN CHASE BANK, N.A.",
                "codePaysEtabBanc": "US"
              },
              "DetMntPaimt": {
                "mntTTC": 13.04,
                "mntFraisLivr": 1.3,
                "mntTaxes": 1.1,
                "codeDevVersm": "EUR"
              },
              "DetTransaPaimtNumerise": {
                "refTransPaimtDigi": "800096079704",
                "instantCreatTransa": "2021-03-30T10:09:13",
                "instantModifTransa": "2021-03-30T10:09:16",
                "mntTransaPaimtDigi": 0.0,
                "codeDevMntTransaPaimtDigi": "EUR",
                "codeSitTransaPaimtDigi": "ANN",
                "libSitTransaPaimtDigi": "Declined",
                "codeTechSitTransaPaimtDigi": "4000002"
              },
              "InfoTech": {
                "adrIP": "0.0.0.0"
              },
              "indModeTest": true,
              "idMarchand": "00001338125",
              "stt": "113",
              "msg": "Authorization Refused"
            }
          }
        }
      }
    }
  }
}