{
  "EntetePaiementDigital": {
    "descriptionPaiementDigital": "blabla",
    "codeValeurECI": "9",
    "codeNiveauSecuritePaiementDigital": "0"
  },
  "DetailActeurs": {
    "dateNaissance": "1988-06-12",
    "codeSexe": "U",
    "prenom": "Cathy",
    "nom": "Cathy",
    "civilite": "DR",
    "libelleEmail": "john.doe@foobar99.com",
    "telephone": [
      {
        "codeTypeNumeroTelephone": "TPE",
        "numeroTelephone": "33633445566"
      }
    ],
    "adresseLigne1": "101 Rue de Rivoli",
    "adresseLigne2": "Immeuble B",
    "libelleCommune": "Paris",
    "numeroCodePostal": "75000",
    "paysResidence": "FR",
    "codeRole": "PAY",
    "idUniqueClient": null
  },
  "DetailPerimetreMetier": {
    "codeApplication": "A1573",
    "structureJuridique": "SA",
    "filiale": "ACA",
    "codeSilo": "A0000"
  },
  "DetailEspaceClient": {
    "identifiantExtranet": "123",
    "dateCreationEspaceClient": "2018-05-07",
    "dureeDepuisCreation": "10",
    "dateModificationEspaceClient": "2018-05-07",
    "dureeDepuisModification": "10",
    "dateModificationMotDePasseEspaceClient": "2018-05-07",
    "dureeDepuisModificationMotDePasse": "10",
    "nombreEssaiAjoutCarte24H": "0",
    "dateEnregistrementCartePaiement": "2018-05-07",
    "dureeDepuisEnregistrementCartePaiement": "10",
    "datePremiereUtilisationAdresseLivraison": "2018-05-07",
    "dureeDepuisPremiereUtilisationAdresseLivraison": "10",
    "nombreCommandeAnnee": "0",
    "nombreCommandeDernierSixMois": "0",
    "nombreCommande24H": "0",
    "indicateurActiviteSuspicieuse": "false",
    "indicateurNomsIdentiques": "true"
  },
  "DetailMethodePaiement": {
    "methodeDePaiement": "VISA",
    "DetailCarte": {
      "identifiantChiffreMoyenPaiement": "e2ac39ee942e639e7701952ef17e5fa57c8619b44be878c9ccb023e857a242fc",
      "numeroCarte": null
    },
    "DetailSEPA": {
      "codeIBAN": "FR1420041010050500013M02606",
      "codeBIC": "BNPAFRPPXXX",
      "identifiantRUM": null,
      "indicateurAccordMandatSEPA": "false"
    },
    "DetailPorteMonnaieElectronique": {
      "identifiantPorteMonnaieElectronique": "33670985712"
    }
  },
  "DetailMontantPaiement": {
    "montantTTC": "8.99",
    "montantFraisLivraison": "1.3",
    "montantTaxes": "1.1",
    "tauxTaxes": "1",
    "codeDeviseVersement": "EUR",
    "datePrevueVersement": "2022-12-20"
  },
  "DetailTransactionPaiementNumerise": {
    "codeTypeTransactionPaiementDigital": "Authorization",
    "codeDeviseMontantTransactionPaiementDigital": "EUR",
    "codeCategorieCommande": "5941"
  },
  "Livraison": {
    "methodeLivraison": "CARRIER",
    "descriptionLivreur": "La Poste"
  },
  "CustomData": [],
  "InformationsTechniques": {
    "adresseIP": "127.0.0.1",
    "http_accept": "*/*",
    "http_user_agent": "Mozilla/4.0 (compatible; MSIE 6.0; Windows NT 5.0)",
    "device_fingerprint": "042q0aAXOogFCkNMNf94lis1ztsdwpJAn3AFS6wesUIr2q",
    "java_enabled": "1",
    "javascript_enabled": "1",
    "language": "fr_FR",
    "color_depth": "24",
    "screen_height": "0",
    "screen_width": "0",
    "timezone": "60",
    "device_channel": "3",
    "sdk_info_interface": "1",
    "sdk_info_ui_type": "1",
    "sdk_info_app_id": "app1"
  },
  "Redirection": {
    "accept_url": "https://developer.hipay.com/simulator/success/",
    "decline_url": "https://developer.hipay.com/simulator/decline/",
    "cancel_url": "https://developer.hipay.com/simulator/cancel/",
    "notify_url": "https://developer.hipay.com/simulator/notify/"
  }
}