{
  "Response": {
    "Header": null,
    "Body": {
      "CreerPaimtDigiResponse": {
        "CreerPaimtDigiFunc": {
          "CreerPaimtDigi": {
            "PaimtDigi": {
              "EntetePaimtNumerise": {
                "idDemPaimt": "ORDER_LBofsidwadhoaI_06",
                "codeValECI": "9",
                "numTentvPaimtDigi": 1,
                "codeModePaimt": "visa"
              },
              "DetActr": {
                "codeRole": "CNS",
                "InfoPP": {
                  "Signq": {
                    "DosCom": {
                      "DosCom": {
                        "DetCnlCom": {
                          "Emails": {
                            "libEmail": "john.doe@foobar99.com"
                          }
                        }
                      }
                    }
                  }
                }
              },
              "DetCartePaimt": {
                "codeTypeCarte": "VISA",
                "idChiffreMoyenPaimt": "e2ac39ee942e639e7701952ef17e5fa57c8619b44be878c9ccb023e857a242fc",
                "numCarte": "424242******4242",
                "anneeExpiration": "2032",
                "moisExpiration": "12",
                "TitlCartePaimt": "JOHN DOE",
                "codePaysEtabBanc": "GB"
              },
              "DetMntPaimt": {
                "mntTTC": 8.99,
                "mntFraisLivr": 1.3,
                "mntTaxes": 1.1,
                "codeDevVersm": "EUR"
              },
              "DetTransaPaimtNumerise": {
                "refTransPaimtDigi": "800091432212",
                "numAutionTransaPaimtNumerise": "test123",
                "instantAutionTransa": "2021-03-04T15:24:33",
                "instantCreatTransa": "2021-03-04T15:24:30",
                "instantModifTransa": "2021-03-04T15:24:33",
                "mntTransaPaimtDigi": 8.99,
                "codeDevMntTransaPaimtDigi": "EUR",
                "codeSitTransaPaimtDigi": "CPL"
              },
              "InfoTech": {
                "adrIP": "0.0.0.0"
              },
              "indModeTest": true,
              "idMarchand": "00001338128",
              "stt": "116",
              "msg": "Authorized",
              "Redirect": {
                "forward_url": "https://developer.hipay.com/simulator/success/"
              }
            }
          }
        }
      }
    }
  }
}