{
  "CreerPaimtDigi": {
    "CreerPaimtDigi": {
      "PaimtDigi": {
        "EntetePaimtNumerise": {
          "idPaimtDigi": "aaaaaaaaaaaaaz",
          "descPaimtDigi": "blabla",
          "codeValECI": "9",
          "codeNivSecuPaimtDigi": "0"
        },
        "DetActr": {
          "codeRole": "PAY",
          "idPersDansSilo": [
            {
              "idPers": "283749291",
              "codeAppli": "A0252"
            }
          ],
          "InfoPP": {
            "Signq": {
              "Signq": {
                "dateNais": "1988-06-12",
                "codeSexe": "U",
                "prenom": "Cathy",
                "nom": "Cathy",
                "civ": "DR"
              },
              "DosCom": {
                "DetCnlCom": {
                  "Emails": {
                    "libEmail": "john.doe@foobar99.com"
                  },
                  "Tel": {
                    "codeTypeNumTel": "TPE",
                    "NumTel": "33012345678"
                  },
                  "Adr": {
                    "adrLig1": "101 Rue de Rivoli",
                    "adrLig2": "Immeuble B",
                    "libVil": "Paris",
                    "numCodePostal": "75000",
                    "libPays": "FR"
                  }
                }
              }
            }
          }
        },
        "DetEspCli": {
          "idExtranet": "123",
          "dateCreatEspCli": "2018-05-07",
          "dureeCreat": "10",
          "dateModifEspCli": "2018-05-07",
          "dureeModif": "10",
          "dateModifMDPEspCli": "2018-05-07",
          "dureeModifMDP": "10",
          "nbeEssaiAjoutCarte24H": "0",
          "dateEnrCartePaimt": "2018-05-07",
          "dureeEnrCartePaimt": "10",
          "datePremUtilAdrLivr": "2018-05-07",
          "dureePremUtilAdrLivr": "10",
          "nbeCmdAnnee": "0",
          "nbeCmd6M": "0",
          "nbeCmd24H": "0",
          "indActivSuspt": "false",
          "indNomsIdentiques": "true"
        },
        "DetCartePaimt": {
          "idChiffreMoyenPaimt": "83493d749e0b6ef96746050c724ddf7391646f6b9cb0e6ed9e6cf5310add435a",
          "codeTypeCarte": "VISA"
        },
        "DetPorteMonnaieElec": {
          "idPorteMonnaieElec": "33670985712"
        },
        "DetMntPaimt": {
          "mntTTC": "8.99",
          "mntFraisLivr": "1.3",
          "mntTaxes": "1.1",
          "tauxTaxes": "1",
          "codeDevVersm": "EUR",
          "datePrevueVersm": "2022-12-20"
        },
        "DetTransaPaimtNumerise": {
          "codeTypeTransaPaimtDigi": "Authorization",
          "codeDevMntTransaPaimtDigi": "EUR",
          "codeCatCmd": "5941"
        },
        "DetPdt": {
          "InfoCtr": {
            "idSilo": "1231231231",
            "codeAppli": "A0014"
          }
        },
        "Livr": {
          "mtdLivr": "CARRIER",
          "descLivreur": "La Poste"
        },
        "InfoTech": {
          "adrIP": "127.0.0.1",
          "http_accept": "*/*",
          "http_user_agent": "Mozilla/4.0 (compatible; MSIE 6.0; Windows NT 5.0)",
          "device_fingerprint": "042q0aAXOogFCkNMNf94lis1ztsdwpJAn3AFS6wesUIr2q",
          "java_enabled": "1",
          "javascript_enabled": "1",
          "language": "fr_FR",
          "color_depth": "0",
          "screen_height": "0",
          "screen_width": "0",
          "timezone": "string"
        },
        "Redirect": {
          "accept_url": "https://developer.hipay.com/simulator/success/",
          "decline_url": "https://developer.hipay.com/simulator/decline/",
          "cancel_url": "https://developer.hipay.com/simulator/cancel/",
          "notify_url": "https://developer.hipay.com/simulator/notify/"
        }
      }
    }
  }
}