{
  "CreerPaimtDigi": {
    "CreerPaimtDigi": {
      "PaimtDigi": {
        "EntetePaimtNumerise": {
          "idPaimtDigi": "",
          "descPaimtDigi": "versement libre",
          "codeValECI": "323R",
          "codeNivSecuPaimtDigi": "09"
        },
        "DetActr": {
          "codeRole": "PAY",
          "idPersDansSilo": [
            {
              "idPers": "P999",
              "codeAppli": "A123"
            }
          ],
          "InfoPP": {
            "Signq": {
              "Signq": {
                "dateNais": "2011-09-28",
                "codeSexe": "M",
                "prenom": "david",
                "nom": "mir",
                "civ": "M"
              },
              "DosCom": {
                "DetCnlCom": {
                  "Emails": {
                    "libEmail": "mir@gmail.com"
                  },
                  "Tel": {
                    "codeTypeNumTel": "TPO",
                    "NumTel": "0671111416"
                  },
                  "Adr": {
                    "adrLig1": "adresseLigne1 - string",
                    "adrLig2": "adresseLigne2 - string",
                    "libVil": "libelleCommune - string",
                    "numCodePostal": "numeroCodePostal - string",
                    "libPays": "libellePays - string"
                  }
                }
              }
            }
          },
          "InfoPM": {
            "codeFiliale": "TEM",
            "libFiliale": "filiaR"
          }
        },
        "DetEspCli": {
          "idExtranet": "identifiantExtranet - string",
          "dateCreatEspCli": "2012-09-27",
          "dureeCreat": "3",
          "dateModifEspCli": "2012-09-27",
          "dureeModif": "3",
          "dateModifMDPEspCli": "2012-09-27",
          "dureeModifMDP": "4",
          "nbeEssaiAjoutCarte24H": "3",
          "dateEnrCartePaimt": "2012-09-27",
          "dureeEnrCartePaimt": "6",
          "datePremUtilAdrLivr": "2012-09-27",
          "dureePremUtilAdrLivr": "7",
          "nbeCmdAnnee": "3",
          "nbeCmd6M": "1",
          "nbeCmd24H": "4",
          "indActivSuspt": "true",
          "indNomsIdentiques": "true"
        },
        "DetCartePaimt": {
          "idChiffreMoyenPaimt": "identifiantChiffreMoyenPaiement - string",
          "numCarte": "CB06",
          "codeTypeCarte": "VISA"
        },
        "DetSepa": {
          "codeIBAN": "codeIBAN - string",
          "codeBIC": "codeBIC - string",
          "idRUM": "identifiantRUM - string",
          "libEtabBanc": "libelleEtablissementBancaire - string",
          "indAccordMandatSEPA": "false"
        },
        "DetPorteMonnaieElec": {
          "idPorteMonnaieElec": "identifiantPorteMonnaieElectronique - string"
        },
        "DetMntPaimt": {
          "mntTTC": "2100",
          "mntFraisLivr": "70",
          "mntTaxes": "24",
          "tauxTaxes": "10",
          "codeDevVersm": "Euro",
          "datePrevueVersm": "2012-09-27"
        },
        "DetTransaPaimtNumerise": {
          "codeTypeTransaPaimtDigi": "PAIEMENT",
          "codeDevMntTransaPaimtDigi": "Euro",
          "codeCatCmd": "codeCategorieCommande - string [Hors Pivot]"
        },
        "DetPdt": {
          "InfoCtr": {
            "idSilo": "identifiantDansSilo - string",
            "codeAppli": "codeApplication - string"
          }
        },
        "Livr": {
          "mtdLivr": "methodeLivraison - string",
          "descLivreur": "descriptionLivreur - string"
        },
        "InfoTech": {
          "adrIP": "adresseIP - string",
          "http_accept": "http_accept - string",
          "http_user_agent": "http_user_agent - string",
          "device_fingerprint": "device_fingerprint - string",
          "java_enabled": "java_enabled - string",
          "javascript_enabled": "javascript_enabled - string",
          "language": "language - string",
          "color_depth": "color_depth - string",
          "screen_height": "screen_height - string",
          "screen_width": "screen_width - string",
          "timezone": "timezone - string",
          "device_channel": "device_channel - string",
          "sdk_info_interface": "sdk_info_interface - string",
          "sdk_info_ui_type": "sdk_info_ui_type - string",
          "sdk_info_app_id": "sdk_info_app_id - string"
        },
        "Redirect": {
          "accept_url": "accept_url - string",
          "decline_url": "decline_url - string",
          "cancel_url": "cancel_url - string",
          "notify_url": "notify_url - string"
        }
      }
    }
  }
}
