{
  "NotifierPaiementDigital":{
    "PaiementDigital":{
      "EntetePaiementNumerise":{
        "identifiantDemandePaiement":"9dba1849bb0c49ffa802e91d3dfc419d"
      },
      "DetailTransactionPaiementNumerise":{
        "referenceTransactionPaiementDigital":"800088752457",
        "codeSituationTransactionPaiementDigital":"CPL",
        "libelleSituationTransactionPaiementDigital":"Autorisé et en attente"
      },
      "identifiantMarchant":"00001338125",
      "statut":"112",
      "message":"Autorisé et en attente"
    }
  }
}

