{
  "NotifierPaiementDigital":{
    "PaiementDigital":{
      "EntetePaiementNumerise":{
        "identifiantDemandePaiement":"aaaa"
      },
      "DetailTransactionPaiementNumerise":{
        "referenceTransactionPaiementDigital":"800114851277",
        "codeSituationTransactionPaiementDigital":"CPL",
        "libelleSituationTransactionPaiementDigital":"Authorized"
      },
      "identifiantMarchant":"00001338125",
      "statut":"116",
      "message":"Authorized"
    }
  }
}