{
  "NotifierPaiementDigital":{
    "PaiementDigital":{
      "EntetePaiementNumerise":{
        "identifiantDemandePaiement":"9dba1849bb0c49ffa802e91d3dfc419d"
      },
      "DetailTransactionPaiementNumerise":{
        "referenceTransactionPaiementDigital":"800088752457",
        "codeSituationTransactionPaiementDigital":"CPL",
        "libelleSituationTransactionPaiementDigital":"Authorization Cancelled"
      },
      "identifiantMarchant":"00001338125",
      "statut":"143",
      "message":"Authorization Cancelled"
    }
  }
}

