{
  "client": {
    "idUniqueClient": "CLIENT_C",
    "natureClient": "PP",
    "typeClient": "CLIENT"
  },
  "dateRecherche": "2021-02-23T08:42:34.769Z",
  "exclusionBanques": false,
  "inclusionPays": false,
  "perimetre": {
    "contrat": "xxxxxxx",
    "filiale": "ACN",
    "produit": "RG02-002-ACN",
    "structureJuridique": "ARI",
    "tiersPayeur": false
  },
  "profil": {
    "codeApplication": "A1573",
    "evenementMetier": "VRLI",
    "metier": "RET_SUP_COL"
  }
}