{
  "EntetePaiementDigital": {
    "descriptionPaiementDigital": "testcaspassant",
    "codeValeurECI": "9",
    "codeNiveauSecuritePaiementDigital": "0"
  },
  "DetailActeurs": {
    "codeRole": "PAY",
    "idUniqueClient": "123PAR1234",
    "natureClient": "PP",
    "typeClient": "CLIENT",
    "tiersPayeur": false,
    "dateNaissance": "1995-06-02",
    "codeSexe": "U",
    "prenom": "JAMES",
    "nom": "BOND",
    "nomPayeur": "JAMES BOND",
    "civilite": "M",
    "libelleEmail": "testpaiementcb@gmail.com",
    "telephone": [
      {
        "codeTypeNumeroTelephone": "TPE",
        "numeroTelephone": "33633445566"
      }
    ],
    "adresseLigne1": "101 Rue de Rivoli",
    "adresseLigne2": "Immeuble B",
    "libelleCommune": "paris",
    "numeroCodePostal": "75000",
    "paysResidence": "FR",
    "paysResidenceFiscale": "FR"
  },
  "DetailPerimetreMetier": {
    "metier": "RET_SUP_COL",
    "codeApplication": "A1573",
    "evenementMetier": "VRLI",
    "structureJuridique": "ARI",
    "filiale": "ARI",
    "produit": "RG01-002-ARI",
    "contrat": "XXXXXXXXXXXX",
    "codeSilo": "A0000"
  },
  "DetailEspaceClient": {
    "identifiantExtranet": "123",
    "dateCreationEspaceClient": "2018-05-07",
    "dureeDepuisCreation": "10",
    "dateModificationEspaceClient": "2018-05-07",
    "dureeDepuisModification": "10",
    "dateModificationMotDePasseEspaceClient": "2018-05-07",
    "dureeDepuisModificationMotDePasse": "10",
    "nombreEssaiAjoutCarte24H": "0",
    "dateEnregistrementCartePaiement": "2018-05-07",
    "dureeDepuisEnregistrementCartePaiement": "10",
    "datePremiereUtilisationAdresseLivraison": "2018-05-07",
    "dureeDepuisPremiereUtilisationAdresseLivraison": "10",
    "nombreCommandeAnnee": "0",
    "nombreCommandeDernierSixMois": "0",
    "nombreCommande24H": "0",
    "indicateurActiviteSuspicieuse": "false",
    "indicateurNomsIdentiques": "false"
  },
  "DetailMethodePaiement": {
    "methodeDePaiement": "VISA",
    "paysMethode": "US",
    "banque": "JPMORGAN CHASE BANK N.A.",
    "DetailCarte": {
      "identifiantChiffreMoyenPaiement": "4ab7f1a73b27b63dd70ab7a9a2b0e450dcd8624bd5ae67e2c7b57fc8e4060aa5",
      "numeroCarte": "411111******1111"
    }
  },
  "DetailMontantPaiement": {
    "montantTTC": "8.99",
    "montantFraisLivraison": "0",
    "montantTaxes": "0",
    "tauxTaxes": "0",
    "codeDeviseVersement": "EUR",
    "datePrevueVersement": "2022-12-20"
  },
  "DetailTransactionPaiementNumerise": {
    "codeDeviseMontantTransactionPaiementDigital": "EUR",
    "codeTypeTransactionPaiementDigital": "Authorization",
    "codeCategorieCommande": "5941"
  },
  "DonneesMetier": [
    {
      "typeDonnee": "test",
      "valeurDonnee": "XXX"
    }
  ],
  "CustomData": [
    {
      "ordre": 1,
      "cdata": "ARI"
    },
    {
      "ordre": 2,
      "cdata": "RG01002ARI"
    },
    {
      "ordre": 3,
      "cdata": "1311014"
    },
    {
      "ordre": 4,
      "cdata": "A0499"
    },
    {
      "ordre": 5,
      "cdata": "P5049181"
    }
  ],
  "InformationsTechniques": {
    "adresseIP": "127.0.0.1",
    "http_accept": "*/*",
    "http_user_agent": "Mozilla/4.0 (compatible; MSIE 6.0; Windows NT 5.0)",
    "device_fingerprint": "042q0aAXOogFCkNMNf94lis1ztsdwpJAn3AFS6wesUIr2q",
    "java_enabled": "1",
    "javascript_enabled": "1",
    "language": "fr_FR",
    "color_depth": "0",
    "screen_height": "0",
    "screen_width": "0",
    "timezone": "string",
    "device_channel": null,
    "sdk_info_interface": null,
    "sdk_info_ui_type": null,
    "sdk_info_app_id": null
  },
  "Redirection": {
    "accept_url": "https://developer.hipay.com/simulator/success/",
    "decline_url": "https://developer.hipay.com/simulator/decline/",
    "cancel_url": "https://developer.hipay.com/simulator/cancel/",
    "notify_url": "https://developer.hipay.com/simulator/notify/"
  }
}