[
	{
		"label": "Sélectionner"
	},
	{
		"label": "AFGHANISTAN"
	},
	{
		"label": "AFRIQUE DU SUD"
	},
	{
		"label": "ALBANIE"
	},
	{
		"label": "ALGERIE"
	},
	{
		"label": "ALLEMAGNE"
	},
	{
		"label": "ANDORRE"
	},
	{
		"label": "ANGOLA"
	},
	{
		"label": "ARABIE SAOUDITE"
	},
	{
		"label": "ARGENTINE"
	},
	{
		"label": "ARMENIE"
	},
	{
		"label": "AUSTRALIE"
	},
	{
		"label": "AUTRICHE"
	},
	{
		"label": "AZERBAIDJAN"
	},
	{
		"label": "BAHREIN"
	},
	{
		"label": "BANGLADESH"
	},
	{
		"label": "BELGIQUE"
	},
	{
		"label": "BELIZE"
	},
	{
		"label": "BENIN"
	},
	{
		"label": "BHOUTAN"
	},
	{
		"label": "BIELORUSSIE"
	},
	{
		"label": "BIRMANIE"
	},
	{
		"label": "BOLIVIE"
	},
	{
		"label": "BOSNIE HERZEGOVINE"
	},
	{
		"label": "BOTSWANA"
	},
	{
		"label": "BRESIL"
	},
	{
		"label": "BRUNEI"
	},
	{
		"label": "BULGARIE"
	},
	{
		"label": "BURKINA"
	},
	{
		"label": "BURUNDI"
	},
	{
		"label": "CAMBODGE"
	},
	{
		"label": "CAMEROUN"
	},
	{
		"label": "CAMEROUN"
	},
	{
		"label": "CANADA"
	},
	{
		"label": "CENTRAFRIQUE"
	},
	{
		"label": "CHILI"
	},
	{
		"label": "CHINE"
	},
	{
		"label": "CHYPRE"
	},
	{
		"label": "COLOMBIE"
	},
	{
		"label": "COMORES"
	},
	{
		"label": "CONGO"
	},
	{
		"label": "COREE DU NORD"
	},
	{
		"label": "COREE DU SUD"
	},
	{
		"label": "COSTA RICA"
	},
	{
		"label": "COTE D IVOIRE"
	},
	{
		"label": "CROATIE"
	},
	{
		"label": "CUBA"
	},
	{
		"label": "DANEMARK"
	},
	{
		"label": "DJIBOUTI"
	},
	{
		"label": "EGYPTE"
	},
	{
		"label": "EMIRATS ARABES UNIS"
	},
	{
		"label": "EQUATEUR"
	},
	{
		"label": "ERYTHREE"
	},
	{
		"label": "ESPAGNE"
	},
	{
		"label": "ESTONIE"
	},
	{
		"label": "ETHIOPIE"
	},
	{
		"label": "FIDJI OU FIJI OU VITI"
	},
	{
		"label": "FINLANDE"
	},
	{
		"label": "FRANCE"
	},
	{
		"label": "GABON"
	},
	{
		"label": "GAMBIE"
	},
	{
		"label": "GEORGIE"
	},
	{
		"label": "GHANA"
	},
	{
		"label": "GIBRALTAR"
	},
	{
		"label": "GRANDE BRETAGNE"
	},
	{
		"label": "GRECE"
	},
	{
		"label": "GRENADE"
	},
	{
		"label": "GROENLAND"
	},
	{
		"label": "GUADELOUPE"
	},
	{
		"label": "GUATEMALA"
	},
	{
		"label": "GUINEE"
	},
	{
		"label": "GUINEE BISSAU"
	},
	{
		"label": "GUINEE EQUATORIALE"
	},
	{
		"label": "GUYANA"
	},
	{
		"label": "GUYANE FRANÇAISE"
	},
	{
		"label": "HAITI"
	},
	{
		"label": "HONDURAS"
	},
	{
		"label": "HONG KONG"
	},
	{
		"label": "HONGRIE"
	},
	{
		"label": "ILE ANTIGUA"
	},
	{
		"label": "ILE DE LA DOMINIQUE"
	},
	{
		"label": "ILE MAURICE"
	},
	{
		"label": "ILE SAINT VINCENT"
	},
	{
		"label": "ILE SAINTE LUCIE"
	},
	{
		"label": "ILES ACORES MADERE"
	},
	{
		"label": "ILES CURACAO"
	},
	{
		"label": "ILES DU CAP VERT"
	},
	{
		"label": "ILES FALKLAND OU MALOUINES"
	},
	{
		"label": "ILES MARSHALL MARIANNES CAROLI"
	},
	{
		"label": "ILES SAINTE HELENE ASCENSION"
	},
	{
		"label": "ILES SEYCHELLES"
	},
	{
		"label": "INDE"
	},
	{
		"label": "INDONESIE"
	},
	{
		"label": "IRAK"
	},
	{
		"label": "IRAN"
	},
	{
		"label": "IRLANDE"
	},
	{
		"label": "ISLANDE"
	},
	{
		"label": "ISRAEL"
	},
	{
		"label": "ITALIE"
	},
	{
		"label": "JAMAIQUE"
	},
	{
		"label": "JAPON"
	},
	{
		"label": "JORDANIE"
	},
	{
		"label": "KAZAKHSTAN"
	},
	{
		"label": "KENYA"
	},
	{
		"label": "KIRGHIZISTAN"
	},
	{
		"label": "KIRIBATI"
	},
	{
		"label": "KOWEIT"
	},
	{
		"label": "LAOS"
	},
	{
		"label": "LESOTHO"
	},
	{
		"label": "LETTONIE"
	},
	{
		"label": "LIBAN"
	},
	{
		"label": "LIBERIA"
	},
	{
		"label": "LIBYE"
	},
	{
		"label": "LIECHTENSTEIN"
	},
	{
		"label": "LITUANIE"
	},
	{
		"label": "LUXEMBOURG"
	},
	{
		"label": "MACAO"
	},
	{
		"label": "MACEDOINE"
	},
	{
		"label": "MADAGASCAR"
	},
	{
		"label": "MALAISIE"
	},
	{
		"label": "MALAWI"
	},
	{
		"label": "MALDIVES ILES"
	},
	{
		"label": "MALI"
	},
	{
		"label": "MALTE"
	},
	{
		"label": "MAROC"
	},
	{
		"label": "MARTINIQUE"
	},
	{
		"label": "MAURITANIE"
	},
	{
		"label": "MAYOTTE"
	},
	{
		"label": "MEXIQUE"
	},
	{
		"label": "MOLDAVIE"
	},
	{
		"label": "MONACO"
	},
	{
		"label": "MONGOLIE"
	},
	{
		"label": "MONTENEGRO"
	},
	{
		"label": "MOZAMBIQUE"
	},
	{
		"label": "NAMIBIE"
	},
	{
		"label": "NAURU"
	},
	{
		"label": "NEPAL"
	},
	{
		"label": "NICARAGUA"
	},
	{
		"label": "NIGER"
	},
	{
		"label": "NIGERIA"
	},
	{
		"label": "NORVEGE"
	},
	{
		"label": "NOUVELLE CALEDONIE"
	},
	{
		"label": "NOUVELLE ZELANDE"
	},
	{
		"label": "OUGANDA"
	},
	{
		"label": "OUZBEKISTAN"
	},
	{
		"label": "PAKISTAN"
	},
	{
		"label": "PALAOS"
	},
	{
		"label": "PALESTINE"
	},
	{
		"label": "PANAMA"
	},
	{
		"label": "PAPOUASIE NOUVELLE GUINEE"
	},
	{
		"label": "PARAGUAY"
	},
	{
		"label": "PAYS BAS"
	},
	{
		"label": "PEROU"
	},
	{
		"label": "PHILIPPINES"
	},
	{
		"label": "POLOGNE"
	},
	{
		"label": "POLYNESIE FRANCAISE"
	},
	{
		"label": "PORTUGAL"
	},
	{
		"label": "PRESIDES"
	},
	{
		"label": "QATAR"
	},
	{
		"label": "REPUBLIQUE TCHEQUE"
	},
	{
		"label": "REUNION"
	},
	{
		"label": "ROUMANIE"
	},
	{
		"label": "RUSSIE"
	},
	{
		"label": "RWANDA"
	},
	{
		"label": "SAINT BARTHELEMY"
	},
	{
		"label": "SAINT MARIN"
	},
	{
		"label": "SAINT MARTIN"
	},
	{
		"label": "SAINT PIERRE ET MIQUELON"
	},
	{
		"label": "SALOMON"
	},
	{
		"label": "SALVADOR"
	},
	{
		"label": "SAMOA OCCIDENTALES"
	},
	{
		"label": "SAO THOME"
	},
	{
		"label": "SENEGAL"
	},
	{
		"label": "SIERRA LEONE"
	},
	{
		"label": "SINGAPOUR"
	},
	{
		"label": "SLOVAQUIE"
	},
	{
		"label": "SLOVENIE"
	},
	{
		"label": "SOMALIE"
	},
	{
		"label": "SOUDAN"
	},
	{
		"label": "SRI LANKA"
	},
	{
		"label": "SUEDE"
	},
	{
		"label": "SUISSE"
	},
	{
		"label": "SULTANAT D OMAN"
	},
	{
		"label": "SURINAM"
	},
	{
		"label": "SYRIE"
	},
	{
		"label": "TADJIKISTAN"
	},
	{
		"label": "TAIWAN"
	},
	{
		"label": "TANZANIE"
	},
	{
		"label": "TCHAD"
	},
	{
		"label": "TERRES AUSTRALES FRANÇAISES"
	},
	{
		"label": "THAILANDE"
	},
	{
		"label": "TOGO"
	},
	{
		"label": "TRINITE ET TOBAGO"
	},
	{
		"label": "TUNISIE"
	},
	{
		"label": "TURKMENISTAN"
	},
	{
		"label": "TURQUIE"
	},
	{
		"label": "TUVALU"
	},
	{
		"label": "UKRAINE"
	},
	{
		"label": "URUGUAY"
	},
	{
		"label": "USA"
	},
	{
		"label": "VANUATU"
	},
	{
		"label": "VANUATU"
	},
	{
		"label": "VATICAN"
	},
	{
		"label": "VENEZUELA"
	},
	{
		"label": "VIET NAM"
	},
	{
		"label": "WALLIS ET FUTUNA"
	},
	{
		"label": "YEMEN"
	},
	{
		"label": "ZAIRE"
	},
	{
		"label": "ZAMBIE"
	},
	{
		"label": "ZIMBABWE"
	}
]