<SOAP-ENV:Envelope xmlns:SOAP-ENV="http://schemas.xmlsoap.org/soap/envelope/"><SOAP-ENV:Header><ns:WSResponseMetaInfo xmlns:ns="http://www.fmk.com/ESB/Framework/ESBTechPivotSchema" xmlns:ns0="http://schemas.xmlsoap.org/soap/envelope/" xmlns:xs="http://www.w3.org/2001/XMLSchema" xmlns:xsi="http://www.w3.org/2001/XMLSchema-instance" xmlns:SOAP-ENV="http://schemas.xmlsoap.org/soap/envelope/"><ns:FuncFault/><ns:BusinessHeader/></ns:WSResponseMetaInfo></SOAP-ENV:Header><SOAP-ENV:Body><ns0:RechDemFrontResponse xmlns:ns0="http://www.alm.com/esb/service/GestDem_2/RechDemFront_2"><ns0:RechDemFrontFunc><ns0:Demande><ns0:IdDemSilo><ns0:idSilo>316526</ns0:idSilo><ns0:codeAppli>EXTRANET</ns0:codeAppli><ns0:codeSysInfo>ERE</ns0:codeSysInfo></ns0:IdDemSilo><ns0:IdentDemWkf><ns0:idDemWkf>1504750</ns0:idDemWkf><ns0:codeAppli>A0185</ns0:codeAppli><ns0:codeSysInfo>ERE</ns0:codeSysInfo></ns0:IdentDemWkf><ns0:IdContratSilo><ns0:idSilo>RR151492563</ns0:idSilo><ns0:codeAppli/></ns0:IdContratSilo><ns0:IdentPers><ns0:idPers>P4392545</ns0:idPers></ns0:IdentPers><ns0:dateDem>2020-01-14</ns0:dateDem><ns0:agendaAffec>G_COTISATION</ns0:agendaAffec><ns0:TypeDem><ns0:opeDem>MODIF_DONNEES_PERSO_SALARIE</ns0:opeDem><ns0:libOpeDemSilo>Extranet : modification des donnees</ns0:libOpeDemSilo><ns0:categDem>OPERATION_CONTRAT</ns0:categDem></ns0:TypeDem><ns0:EtatDem><ns0:codeDem>8</ns0:codeDem><ns0:libEtatDem>Traitée</ns0:libEtatDem></ns0:EtatDem><ns0:ChampCompl><ns0:cle>numPersonne</ns0:cle><ns0:valeur>P4392545</ns0:valeur></ns0:ChampCompl><ns0:ChampCompl><ns0:cle>numContrat</ns0:cle><ns0:valeur>RR151492563</ns0:valeur></ns0:ChampCompl><ns0:ProprieteDocument><ns0:IdentDocument><ns0:idDoc>{7CD34A10-4A8A-4765-82A2-9D2EA4C726BD}</ns0:idDoc><ns0:codeTypeDoc>EMD</ns0:codeTypeDoc><ns0:libTypeDoc>Extranet: Modification des donnees</ns0:libTypeDoc></ns0:IdentDocument></ns0:ProprieteDocument></ns0:Demande><ns0:Demande><ns0:IdDemSilo><ns0:idSilo>316482</ns0:idSilo><ns0:codeAppli>EXTRANET</ns0:codeAppli><ns0:codeSysInfo>ERE</ns0:codeSysInfo></ns0:IdDemSilo><ns0:IdentDemWkf><ns0:idDemWkf>1504720</ns0:idDemWkf><ns0:codeAppli>A0185</ns0:codeAppli><ns0:codeSysInfo>ERE</ns0:codeSysInfo></ns0:IdentDemWkf><ns0:IdContratSilo><ns0:idSilo>RR151492563</ns0:idSilo><ns0:codeAppli/></ns0:IdContratSilo><ns0:IdentPers><ns0:idPers>P4392545</ns0:idPers></ns0:IdentPers><ns0:dateDem>2020-01-09</ns0:dateDem><ns0:agendaAffec>G_COTISATION</ns0:agendaAffec><ns0:TypeDem><ns0:opeDem>MODIF_DONNEES_PERSO_SALARIE</ns0:opeDem><ns0:libOpeDemSilo>Extranet : modification des donnees</ns0:libOpeDemSilo><ns0:categDem>OPERATION_CONTRAT</ns0:categDem></ns0:TypeDem><ns0:EtatDem><ns0:codeDem>8</ns0:codeDem><ns0:libEtatDem>Traitée</ns0:libEtatDem></ns0:EtatDem><ns0:ChampCompl><ns0:cle>numPersonne</ns0:cle><ns0:valeur>P4392545</ns0:valeur></ns0:ChampCompl><ns0:ChampCompl><ns0:cle>numContrat</ns0:cle><ns0:valeur>RR151492563</ns0:valeur></ns0:ChampCompl><ns0:ProprieteDocument><ns0:IdentDocument><ns0:idDoc>{17444DCF-1F1F-4F57-885B-F942185FB145}</ns0:idDoc><ns0:codeTypeDoc>EMD</ns0:codeTypeDoc><ns0:libTypeDoc>Extranet: Modification des donnees</ns0:libTypeDoc></ns0:IdentDocument></ns0:ProprieteDocument></ns0:Demande><ns0:Demande><ns0:IdDemSilo><ns0:idSilo>316402</ns0:idSilo><ns0:codeAppli>EXTRANET</ns0:codeAppli><ns0:codeSysInfo>ERE</ns0:codeSysInfo></ns0:IdDemSilo><ns0:IdentDemWkf><ns0:idDemWkf>1504577</ns0:idDemWkf><ns0:codeAppli>A0185</ns0:codeAppli><ns0:codeSysInfo>ERE</ns0:codeSysInfo></ns0:IdentDemWkf><ns0:IdContratSilo><ns0:idSilo>RR151492563</ns0:idSilo><ns0:codeAppli/></ns0:IdContratSilo><ns0:IdentPers><ns0:idPers>P4392545</ns0:idPers></ns0:IdentPers><ns0:dateDem>2019-12-23</ns0:dateDem><ns0:agendaAffec>G_COTISATION</ns0:agendaAffec><ns0:TypeDem><ns0:opeDem>MODIF_DONNEES_PERSO_SALARIE</ns0:opeDem><ns0:libOpeDemSilo>Extranet : modification des donnees</ns0:libOpeDemSilo><ns0:categDem>OPERATION_CONTRAT</ns0:categDem></ns0:TypeDem><ns0:EtatDem><ns0:codeDem>8</ns0:codeDem><ns0:libEtatDem>Traitée</ns0:libEtatDem></ns0:EtatDem><ns0:ChampCompl><ns0:cle>numContrat</ns0:cle><ns0:valeur>RR151492563</ns0:valeur></ns0:ChampCompl><ns0:ChampCompl><ns0:cle>numPersonne</ns0:cle><ns0:valeur>P4392545</ns0:valeur></ns0:ChampCompl><ns0:ProprieteDocument><ns0:IdentDocument><ns0:idDoc>{221A8DEA-F718-4021-8023-A28DF09691FF}</ns0:idDoc><ns0:codeTypeDoc>EMD</ns0:codeTypeDoc><ns0:libTypeDoc>Extranet: Modification des donnees</ns0:libTypeDoc></ns0:IdentDocument></ns0:ProprieteDocument></ns0:Demande><ns0:Demande><ns0:IdDemSilo><ns0:idSilo>316395</ns0:idSilo><ns0:codeAppli>EXTRANET</ns0:codeAppli><ns0:codeSysInfo>ERE</ns0:codeSysInfo></ns0:IdDemSilo><ns0:IdentDemWkf><ns0:idDemWkf>1504570</ns0:idDemWkf><ns0:codeAppli>A0185</ns0:codeAppli><ns0:codeSysInfo>ERE</ns0:codeSysInfo></ns0:IdentDemWkf><ns0:IdContratSilo><ns0:idSilo>RR151492563</ns0:idSilo><ns0:codeAppli/></ns0:IdContratSilo><ns0:IdentPers><ns0:idPers>P4392545</ns0:idPers></ns0:IdentPers><ns0:dateDem>2019-12-23</ns0:dateDem><ns0:agendaAffec>G_COTISATION</ns0:agendaAffec><ns0:TypeDem><ns0:opeDem>CREATION_COMPTE_SALARIE</ns0:opeDem><ns0:libOpeDemSilo>Extranet : Création compte salarié</ns0:libOpeDemSilo><ns0:categDem>OPERATION_CONTRAT</ns0:categDem></ns0:TypeDem><ns0:EtatDem><ns0:codeDem>8</ns0:codeDem><ns0:libEtatDem>Traitée</ns0:libEtatDem></ns0:EtatDem><ns0:ChampCompl><ns0:cle>numContrat</ns0:cle><ns0:valeur>RR151492563</ns0:valeur></ns0:ChampCompl><ns0:ChampCompl><ns0:cle>numPersonne</ns0:cle><ns0:valeur>P4392545</ns0:valeur></ns0:ChampCompl><ns0:ProprieteDocument><ns0:IdentDocument><ns0:idDoc>{F927A25D-DD13-432A-8F0A-7C886C455D6E}</ns0:idDoc><ns0:codeTypeDoc>ECCS</ns0:codeTypeDoc><ns0:libTypeDoc>Extranet Création compte salarié</ns0:libTypeDoc></ns0:IdentDocument></ns0:ProprieteDocument></ns0:Demande></ns0:RechDemFrontFunc></ns0:RechDemFrontResponse></SOAP-ENV:Body></SOAP-ENV:Envelope>