<config xmlns:xsi='http://www.w3.org/2001/XMLSchema-instance'
        xmlns='http://www.ehcache.org/v3'
        xmlns:jsr107='http://www.ehcache.org/v3/jsr107'
        xmlns:jsr07="http://www.ehcache.org/v3"
        xsi:schemaLocation="
        http://www.ehcache.org/v3 http://www.ehcache.org/schema/ehcache-core-3.0.xsd
        http://www.ehcache.org/v3/jsr107  http://www.ehcache.org/schema/ehcache-107-ext-3.0.xsd">

    <service>
        <jsr107:defaults default-template="default-template"
                         enable-management="true" enable-statistics="true"/>
    </service>

    <cache-template name="default-template">
        <expiry>
            <ttl unit="minutes">30</ttl>
        </expiry>
        <heap unit="entries">10000</heap>
    </cache-template>

    <cache alias="soapCache" uses-template="default-template"/>

    <cache alias="cguCache">
        <expiry>
            <ttl unit="days">1</ttl>
        </expiry>
        <heap unit="entries">1</heap>
    </cache>

    <cache alias="consoleParamCache">
        <expiry>
            <ttl unit="minutes">30</ttl>
        </expiry>
        <heap unit="entries">1000</heap>
    </cache>

    <cache alias="uploadFileValidCache">
        <expiry>
            <ttl unit="minutes">30</ttl>
        </expiry>
        <heap unit="entries">10000</heap>
    </cache>

    <cache alias="jahiaCache">
        <expiry>
            <ttl unit="minutes">30</ttl>
        </expiry>
        <heap unit="entries">1000</heap>
    </cache>

    <cache alias="jahiaNgServerCache">
        <expiry>
            <ttl unit="minutes">10</ttl>
        </expiry>
        <heap unit="entries">200</heap>
    </cache>

</config>
