<SOAP-ENV:Envelope xmlns:SOAP-ENV="http://schemas.xmlsoap.org/soap/envelope/"><SOAP-ENV:Header><ns:WSResponseMetaInfo xmlns:ns="http://www.fmk.com/ESB/Framework/ESBTechPivotSchema" xmlns:ns0="http://schemas.xmlsoap.org/soap/envelope/" xmlns:xs="http://www.w3.org/2001/XMLSchema" xmlns:xsi="http://www.w3.org/2001/XMLSchema-instance" xmlns:SOAP-ENV="http://schemas.xmlsoap.org/soap/envelope/"><ns:FuncFault/></ns:WSResponseMetaInfo></SOAP-ENV:Header><SOAP-ENV:Body><ns0:ConsulterCompteGeneralesEREResponse xmlns:ns0="http://www.alm.com/esb/service/GestContratERE_1/ConsulterCompteGeneralesERE_1"><ns0:ConsulterCompteGeneralesEREFunc><ns0:ContratCollectif><ns0:AffiliationsContrat><ns0:identifiantAffiliation>300928</ns0:identifiantAffiliation><ns0:codeSituationAffiliation>LIBER</ns0:codeSituationAffiliation><ns0:libelleSituationAffiliation>Libéré</ns0:libelleSituationAffiliation><ns0:codeSituationAffiliationSilo>L</ns0:codeSituationAffiliationSilo><ns0:libelleSituationAffiliationSilo>Libéré</ns0:libelleSituationAffiliationSilo><ns0:dateEffetSituationAffiliation>2008-07-31</ns0:dateEffetSituationAffiliation><ns0:codeOptionFiscaleAffiliation>A</ns0:codeOptionFiscaleAffiliation><ns0:libelleOptionFiscaleAffiliation>Fiscalité classique</ns0:libelleOptionFiscaleAffiliation><ns0:InformationContrat><ns0:dateEffet>2008-07-01</ns0:dateEffet></ns0:InformationContrat><ns0:ContratIndividuel><ns0:AssurePrincipal><ns0:IdentificationSiloAssurePrincipal><ns0:identifiantDansSilo>P1119218</ns0:identifiantDansSilo><ns0:libelleNomSilo>ERE PTV2/3</ns0:libelleNomSilo><ns0:codeApplication>A0252</ns0:codeApplication><ns0:libelleApplication>PTV</ns0:libelleApplication><ns0:codeSystemeInformation>ERE</ns0:codeSystemeInformation><ns0:libelleSystemeInformation>Epargne Retraite Entreprise</ns0:libelleSystemeInformation></ns0:IdentificationSiloAssurePrincipal><ns0:GarantiesSouscrites><ns0:codeGarantieContrat>350</ns0:codeGarantieContrat><ns0:libelleGarantieContrat>Vie avec contre-assurance</ns0:libelleGarantieContrat><ns0:dateDebutCouvertureGarantieGlobale>2008-07-01</ns0:dateDebutCouvertureGarantieGlobale></ns0:GarantiesSouscrites><ns0:GarantiesSouscrites><ns0:codeGarantieContrat>351</ns0:codeGarantieContrat><ns0:libelleGarantieContrat>Exonération</ns0:libelleGarantieContrat><ns0:dateDebutCouvertureGarantieGlobale>2008-07-01</ns0:dateDebutCouvertureGarantieGlobale></ns0:GarantiesSouscrites></ns0:AssurePrincipal><ns0:ClausesContrat><ns0:codeTypeClauseBenef>STD</ns0:codeTypeClauseBenef><ns0:libTypeClauseBenef>STANDARD</ns0:libTypeClauseBenef><ns0:codeTypeClauseBenefSilo>O</ns0:codeTypeClauseBenefSilo><ns0:descClauseBenef>A défaut de désignation ou si cette désignation est caduque, ce capital est attribué dans l'ordre suivant :- au conjoint non séparé judiciairement ou au partenaire auquel  le défunt était lié par un PACS (PActe Civil de Solidarité),- à défaut, aux enfants de l'Assuré, nés ou à naître, vivants ou représentés, par parts égales,- à défaut, aux ascendants de l'Assuré par parts égales ou aux survivants d'entre eux,- à défaut, aux héritiers de l'Assuré.</ns0:descClauseBenef><ns0:dateDebutClauseBenef>2008-07-01</ns0:dateDebutClauseBenef></ns0:ClausesContrat></ns0:ContratIndividuel></ns0:AffiliationsContrat></ns0:ContratCollectif><ns0:IdentificationStructureInvestissement><ns0:identifiantStructureInvestissement>SF_2524894</ns0:identifiantStructureInvestissement></ns0:IdentificationStructureInvestissement><ns0:OccurenceStructureInvestissement><ns0:identifiantOccurenceStructureInvestissement>SF_2524890</ns0:identifiantOccurenceStructureInvestissement><ns0:identifiantOccurenceParentStructureInvestissement>SF_2524894</ns0:identifiantOccurenceParentStructureInvestissement><ns0:ContributionInvestissement><ns0:identifiantContributionInvestissement>2524890</ns0:identifiantContributionInvestissement><ns0:codeContributionInvestissement>PPATRO</ns0:codeContributionInvestissement><ns0:libelleContributionInvestissement>Part Patronale</ns0:libelleContributionInvestissement><ns0:libelleContributionInvestissementSilo>Part patronale</ns0:libelleContributionInvestissementSilo><ns0:tauxRepartitionContribution>0.0</ns0:tauxRepartitionContribution><ns0:indicateurTauxDerogeableContributionInvestissement>false</ns0:indicateurTauxDerogeableContributionInvestissement></ns0:ContributionInvestissement></ns0:OccurenceStructureInvestissement><ns0:OccurenceStructureInvestissement><ns0:identifiantOccurenceStructureInvestissement>SF_2524893</ns0:identifiantOccurenceStructureInvestissement><ns0:identifiantOccurenceParentStructureInvestissement>SF_2524894</ns0:identifiantOccurenceParentStructureInvestissement><ns0:ContributionInvestissement><ns0:identifiantContributionInvestissement>2524893</ns0:identifiantContributionInvestissement><ns0:codeContributionInvestissement>PSALAR</ns0:codeContributionInvestissement><ns0:libelleContributionInvestissement>Part Salariale</ns0:libelleContributionInvestissement><ns0:libelleContributionInvestissementSilo>Part salariale</ns0:libelleContributionInvestissementSilo><ns0:tauxRepartitionContribution>0.0</ns0:tauxRepartitionContribution><ns0:indicateurTauxDerogeableContributionInvestissement>false</ns0:indicateurTauxDerogeableContributionInvestissement></ns0:ContributionInvestissement></ns0:OccurenceStructureInvestissement><ns0:OccurenceStructureInvestissement><ns0:identifiantOccurenceStructureInvestissement>SF_4130560</ns0:identifiantOccurenceStructureInvestissement><ns0:identifiantOccurenceParentStructureInvestissement>SF_2524894</ns0:identifiantOccurenceParentStructureInvestissement><ns0:ContributionInvestissement><ns0:identifiantContributionInvestissement>4130560</ns0:identifiantContributionInvestissement><ns0:codeContributionInvestissement>VERLIB</ns0:codeContributionInvestissement><ns0:libelleContributionInvestissement>Versement Libre</ns0:libelleContributionInvestissement><ns0:libelleContributionInvestissementSilo>Versement libre</ns0:libelleContributionInvestissementSilo><ns0:tauxRepartitionContribution>0.0</ns0:tauxRepartitionContribution><ns0:indicateurTauxDerogeableContributionInvestissement>false</ns0:indicateurTauxDerogeableContributionInvestissement></ns0:ContributionInvestissement></ns0:OccurenceStructureInvestissement><ns0:OccurenceStructureInvestissement><ns0:identifiantOccurenceStructureInvestissement>SF_4130562</ns0:identifiantOccurenceStructureInvestissement><ns0:identifiantOccurenceParentStructureInvestissement>SF_4130560</ns0:identifiantOccurenceParentStructureInvestissement><ns0:codeModeGestionInvestissement>PILHRZ</ns0:codeModeGestionInvestissement><ns0:libelleModeGestionInvestissement>Gestion pilotée horizon</ns0:libelleModeGestionInvestissement><ns0:codeModeGestionInvestissementSilo>GP</ns0:codeModeGestionInvestissementSilo><ns0:libelleModeGestionInvestissementSilo>Gestion pilotée</ns0:libelleModeGestionInvestissementSilo><ns0:codeNatureSupportInvestissement>FDSGES</ns0:codeNatureSupportInvestissement><ns0:libelleNatureSupportInvestissement>Fonds Euro</ns0:libelleNatureSupportInvestissement><ns0:codeNatureSupportInvestissementSilo>FG</ns0:codeNatureSupportInvestissementSilo><ns0:libelleNatureSupportInvestissementSilo>Fond en Devises</ns0:libelleNatureSupportInvestissementSilo><ns0:GrilleInvestissement><ns0:identifiantGrilleInvestissement>15</ns0:identifiantGrilleInvestissement><ns0:nomGrilleInvestissement>Grille Fonds club ( -4 à 9 ans)</ns0:nomGrilleInvestissement><ns0:tauxRepartitionGrilleInvestissement>1.0</ns0:tauxRepartitionGrilleInvestissement><ns0:indicateurTauxDerogeableGrilleInvestissement>false</ns0:indicateurTauxDerogeableGrilleInvestissement></ns0:GrilleInvestissement></ns0:OccurenceStructureInvestissement><ns0:OccurenceStructureInvestissement><ns0:identifiantOccurenceStructureInvestissement>SF_2524891</ns0:identifiantOccurenceStructureInvestissement><ns0:identifiantOccurenceParentStructureInvestissement>SF_2524893</ns0:identifiantOccurenceParentStructureInvestissement><ns0:codeModeGestionInvestissement>PILHRZ</ns0:codeModeGestionInvestissement><ns0:libelleModeGestionInvestissement>Gestion pilotée horizon</ns0:libelleModeGestionInvestissement><ns0:codeModeGestionInvestissementSilo>GP</ns0:codeModeGestionInvestissementSilo><ns0:libelleModeGestionInvestissementSilo>Gestion pilotée</ns0:libelleModeGestionInvestissementSilo><ns0:codeNatureSupportInvestissement>FDSGES</ns0:codeNatureSupportInvestissement><ns0:libelleNatureSupportInvestissement>Fonds Euro</ns0:libelleNatureSupportInvestissement><ns0:codeNatureSupportInvestissementSilo>FG</ns0:codeNatureSupportInvestissementSilo><ns0:libelleNatureSupportInvestissementSilo>Fond en Devises</ns0:libelleNatureSupportInvestissementSilo><ns0:GrilleInvestissement><ns0:identifiantGrilleInvestissement>15</ns0:identifiantGrilleInvestissement><ns0:nomGrilleInvestissement>Grille Fonds club ( -4 à 9 ans)</ns0:nomGrilleInvestissement><ns0:tauxRepartitionGrilleInvestissement>1.0</ns0:tauxRepartitionGrilleInvestissement><ns0:indicateurTauxDerogeableGrilleInvestissement>false</ns0:indicateurTauxDerogeableGrilleInvestissement></ns0:GrilleInvestissement></ns0:OccurenceStructureInvestissement><ns0:OccurenceStructureInvestissement><ns0:identifiantOccurenceStructureInvestissement>SF_2524888</ns0:identifiantOccurenceStructureInvestissement><ns0:identifiantOccurenceParentStructureInvestissement>SF_2524890</ns0:identifiantOccurenceParentStructureInvestissement><ns0:codeModeGestionInvestissement>PILHRZ</ns0:codeModeGestionInvestissement><ns0:libelleModeGestionInvestissement>Gestion pilotée horizon</ns0:libelleModeGestionInvestissement><ns0:codeModeGestionInvestissementSilo>GP</ns0:codeModeGestionInvestissementSilo><ns0:libelleModeGestionInvestissementSilo>Gestion pilotée</ns0:libelleModeGestionInvestissementSilo><ns0:codeNatureSupportInvestissement>FDSGES</ns0:codeNatureSupportInvestissement><ns0:libelleNatureSupportInvestissement>Fonds Euro</ns0:libelleNatureSupportInvestissement><ns0:codeNatureSupportInvestissementSilo>FG</ns0:codeNatureSupportInvestissementSilo><ns0:libelleNatureSupportInvestissementSilo>Fond en Devises</ns0:libelleNatureSupportInvestissementSilo><ns0:GrilleInvestissement><ns0:identifiantGrilleInvestissement>15</ns0:identifiantGrilleInvestissement><ns0:nomGrilleInvestissement>Grille Fonds club ( -4 à 9 ans)</ns0:nomGrilleInvestissement><ns0:tauxRepartitionGrilleInvestissement>1.0</ns0:tauxRepartitionGrilleInvestissement><ns0:indicateurTauxDerogeableGrilleInvestissement>false</ns0:indicateurTauxDerogeableGrilleInvestissement></ns0:GrilleInvestissement></ns0:OccurenceStructureInvestissement><ns0:OccurenceStructureInvestissement><ns0:identifiantOccurenceStructureInvestissement>SF_4130562 SI_1009 SI_237 SU_2215</ns0:identifiantOccurenceStructureInvestissement><ns0:identifiantOccurenceParentStructureInvestissement>SF_4130562 SI_1009 SI_237</ns0:identifiantOccurenceParentStructureInvestissement><ns0:codeNatureSupportInvestissement>FDSGES</ns0:codeNatureSupportInvestissement><ns0:libelleNatureSupportInvestissement>Fonds Euro</ns0:libelleNatureSupportInvestissement><ns0:codeNatureSupportInvestissementSilo>FG</ns0:codeNatureSupportInvestissementSilo><ns0:SupportInvestissement><ns0:identifiantSupportInvestissement>2215</ns0:identifiantSupportInvestissement><ns0:nomSupportInvestissement>Fonds Club 3</ns0:nomSupportInvestissement><ns0:codeCategorieFonds>FDDD</ns0:codeCategorieFonds><ns0:libelleCategorieFonds>Fonds dédiés</ns0:libelleCategorieFonds><ns0:codeCategorieFondsSilo>FDD</ns0:codeCategorieFondsSilo><ns0:libelleCategorieFondsSilo>Fonds dédiés</ns0:libelleCategorieFondsSilo><ns0:tauxRepartitionSupportInvestissement>1.0</ns0:tauxRepartitionSupportInvestissement><ns0:deviseFonds>EUR</ns0:deviseFonds></ns0:SupportInvestissement></ns0:OccurenceStructureInvestissement><ns0:OccurenceStructureInvestissement><ns0:identifiantOccurenceStructureInvestissement>SF_4130562 SI_1008 SI_238 SU_2214</ns0:identifiantOccurenceStructureInvestissement><ns0:identifiantOccurenceParentStructureInvestissement>SF_4130562 SI_1008 SI_238</ns0:identifiantOccurenceParentStructureInvestissement><ns0:codeNatureSupportInvestissement>FDSGES</ns0:codeNatureSupportInvestissement><ns0:libelleNatureSupportInvestissement>Fonds Euro</ns0:libelleNatureSupportInvestissement><ns0:codeNatureSupportInvestissementSilo>FG</ns0:codeNatureSupportInvestissementSilo><ns0:SupportInvestissement><ns0:identifiantSupportInvestissement>2214</ns0:identifiantSupportInvestissement><ns0:nomSupportInvestissement>Fonds Club 2</ns0:nomSupportInvestissement><ns0:codeCategorieFonds>FDDD</ns0:codeCategorieFonds><ns0:libelleCategorieFonds>Fonds dédiés</ns0:libelleCategorieFonds><ns0:codeCategorieFondsSilo>FDD</ns0:codeCategorieFondsSilo><ns0:libelleCategorieFondsSilo>Fonds dédiés</ns0:libelleCategorieFondsSilo><ns0:tauxRepartitionSupportInvestissement>1.0</ns0:tauxRepartitionSupportInvestissement><ns0:deviseFonds>EUR</ns0:deviseFonds></ns0:SupportInvestissement></ns0:OccurenceStructureInvestissement><ns0:OccurenceStructureInvestissement><ns0:identifiantOccurenceStructureInvestissement>SF_4130562 SI_1007</ns0:identifiantOccurenceStructureInvestissement><ns0:identifiantOccurenceParentStructureInvestissement>SF_4130562</ns0:identifiantOccurenceParentStructureInvestissement><ns0:codeNatureSupportInvestissement>FDSGES</ns0:codeNatureSupportInvestissement><ns0:libelleNatureSupportInvestissement>Fonds Euro</ns0:libelleNatureSupportInvestissement><ns0:codeNatureSupportInvestissementSilo>FG</ns0:codeNatureSupportInvestissementSilo><ns0:libelleNatureSupportInvestissementSilo>Fond en Devises</ns0:libelleNatureSupportInvestissementSilo><ns0:HorizonInvestissement><ns0:identifiantHorizonInvestissement>1007</ns0:identifiantHorizonInvestissement><ns0:nomHorizonInvestissement>Moins de 4 ans</ns0:nomHorizonInvestissement><ns0:borneMaxVersementInvestissement>47</ns0:borneMaxVersementInvestissement><ns0:borneMaxDeplacerCapitalInvesti>47</ns0:borneMaxDeplacerCapitalInvesti></ns0:HorizonInvestissement></ns0:OccurenceStructureInvestissement><ns0:OccurenceStructureInvestissement><ns0:identifiantOccurenceStructureInvestissement>SF_4130562 SI_1008</ns0:identifiantOccurenceStructureInvestissement><ns0:identifiantOccurenceParentStructureInvestissement>SF_4130562</ns0:identifiantOccurenceParentStructureInvestissement><ns0:codeNatureSupportInvestissement>FDSGES</ns0:codeNatureSupportInvestissement><ns0:libelleNatureSupportInvestissement>Fonds Euro</ns0:libelleNatureSupportInvestissement><ns0:codeNatureSupportInvestissementSilo>FG</ns0:codeNatureSupportInvestissementSilo><ns0:libelleNatureSupportInvestissementSilo>Fond en Devises</ns0:libelleNatureSupportInvestissementSilo><ns0:HorizonInvestissement><ns0:identifiantHorizonInvestissement>1008</ns0:identifiantHorizonInvestissement><ns0:nomHorizonInvestissement>Entre 4 et 9 ans</ns0:nomHorizonInvestissement><ns0:borneMinVersementInvestissement>48</ns0:borneMinVersementInvestissement><ns0:borneMaxVersementInvestissement>119</ns0:borneMaxVersementInvestissement><ns0:borneMinDeplacerCapitalInvesti>48</ns0:borneMinDeplacerCapitalInvesti><ns0:borneMaxDeplacerCapitalInvesti>119</ns0:borneMaxDeplacerCapitalInvesti></ns0:HorizonInvestissement></ns0:OccurenceStructureInvestissement><ns0:OccurenceStructureInvestissement><ns0:identifiantOccurenceStructureInvestissement>SF_4130562 SI_1009</ns0:identifiantOccurenceStructureInvestissement><ns0:identifiantOccurenceParentStructureInvestissement>SF_4130562</ns0:identifiantOccurenceParentStructureInvestissement><ns0:codeNatureSupportInvestissement>FDSGES</ns0:codeNatureSupportInvestissement><ns0:libelleNatureSupportInvestissement>Fonds Euro</ns0:libelleNatureSupportInvestissement><ns0:codeNatureSupportInvestissementSilo>FG</ns0:codeNatureSupportInvestissementSilo><ns0:libelleNatureSupportInvestissementSilo>Fond en Devises</ns0:libelleNatureSupportInvestissementSilo><ns0:HorizonInvestissement><ns0:identifiantHorizonInvestissement>1009</ns0:identifiantHorizonInvestissement><ns0:nomHorizonInvestissement>Plus de 9 ans</ns0:nomHorizonInvestissement><ns0:borneMinVersementInvestissement>120</ns0:borneMinVersementInvestissement><ns0:borneMinDeplacerCapitalInvesti>120</ns0:borneMinDeplacerCapitalInvesti></ns0:HorizonInvestissement></ns0:OccurenceStructureInvestissement><ns0:OccurenceStructureInvestissement><ns0:identifiantOccurenceStructureInvestissement>SF_4130562 SI_1008 SI_238</ns0:identifiantOccurenceStructureInvestissement><ns0:identifiantOccurenceParentStructureInvestissement>SF_4130562 SI_1008</ns0:identifiantOccurenceParentStructureInvestissement><ns0:codeNatureSupportInvestissement>FDSGES</ns0:codeNatureSupportInvestissement><ns0:libelleNatureSupportInvestissement>Fonds Euro</ns0:libelleNatureSupportInvestissement><ns0:codeNatureSupportInvestissementSilo>FG</ns0:codeNatureSupportInvestissementSilo><ns0:libelleNatureSupportInvestissementSilo>Fond en Devises</ns0:libelleNatureSupportInvestissementSilo><ns0:ProfilInvestissement><ns0:identifiantProfilInvestissement>238</ns0:identifiantProfilInvestissement><ns0:nomProfilInvestissement>Fonds club 2</ns0:nomProfilInvestissement><ns0:tauxRepartitionProfilInvestissement>1.0</ns0:tauxRepartitionProfilInvestissement><ns0:indicateurTauxDerogeableProfilInvestissement>false</ns0:indicateurTauxDerogeableProfilInvestissement></ns0:ProfilInvestissement></ns0:OccurenceStructureInvestissement><ns0:OccurenceStructureInvestissement><ns0:identifiantOccurenceStructureInvestissement>SF_4130562 SI_1007 SI_212</ns0:identifiantOccurenceStructureInvestissement><ns0:identifiantOccurenceParentStructureInvestissement>SF_4130562 SI_1007</ns0:identifiantOccurenceParentStructureInvestissement><ns0:codeNatureSupportInvestissement>FDSGES</ns0:codeNatureSupportInvestissement><ns0:libelleNatureSupportInvestissement>Fonds Euro</ns0:libelleNatureSupportInvestissement><ns0:codeNatureSupportInvestissementSilo>FG</ns0:codeNatureSupportInvestissementSilo><ns0:libelleNatureSupportInvestissementSilo>Fond en Devises</ns0:libelleNatureSupportInvestissementSilo><ns0:ProfilInvestissement><ns0:identifiantProfilInvestissement>212</ns0:identifiantProfilInvestissement><ns0:nomProfilInvestissement>Actif en euros</ns0:nomProfilInvestissement><ns0:tauxRepartitionProfilInvestissement>1.0</ns0:tauxRepartitionProfilInvestissement><ns0:indicateurTauxDerogeableProfilInvestissement>false</ns0:indicateurTauxDerogeableProfilInvestissement></ns0:ProfilInvestissement></ns0:OccurenceStructureInvestissement><ns0:OccurenceStructureInvestissement><ns0:identifiantOccurenceStructureInvestissement>SF_4130562 SI_1009 SI_237</ns0:identifiantOccurenceStructureInvestissement><ns0:identifiantOccurenceParentStructureInvestissement>SF_4130562 SI_1009</ns0:identifiantOccurenceParentStructureInvestissement><ns0:codeNatureSupportInvestissement>FDSGES</ns0:codeNatureSupportInvestissement><ns0:libelleNatureSupportInvestissement>Fonds Euro</ns0:libelleNatureSupportInvestissement><ns0:codeNatureSupportInvestissementSilo>FG</ns0:codeNatureSupportInvestissementSilo><ns0:libelleNatureSupportInvestissementSilo>Fond en Devises</ns0:libelleNatureSupportInvestissementSilo><ns0:ProfilInvestissement><ns0:identifiantProfilInvestissement>237</ns0:identifiantProfilInvestissement><ns0:nomProfilInvestissement>Fonds club 3</ns0:nomProfilInvestissement><ns0:tauxRepartitionProfilInvestissement>1.0</ns0:tauxRepartitionProfilInvestissement><ns0:indicateurTauxDerogeableProfilInvestissement>false</ns0:indicateurTauxDerogeableProfilInvestissement></ns0:ProfilInvestissement></ns0:OccurenceStructureInvestissement><ns0:OccurenceStructureInvestissement><ns0:identifiantOccurenceStructureInvestissement>SF_4130562 SI_1007 SI_212 SU_1612</ns0:identifiantOccurenceStructureInvestissement><ns0:identifiantOccurenceParentStructureInvestissement>SF_4130562 SI_1007 SI_212</ns0:identifiantOccurenceParentStructureInvestissement><ns0:codeNatureSupportInvestissement>FDSGES</ns0:codeNatureSupportInvestissement><ns0:libelleNatureSupportInvestissement>Fonds Euro</ns0:libelleNatureSupportInvestissement><ns0:codeNatureSupportInvestissementSilo>FG</ns0:codeNatureSupportInvestissementSilo><ns0:SupportInvestissement><ns0:identifiantSupportInvestissement>1612</ns0:identifiantSupportInvestissement><ns0:nomSupportInvestissement>Actif en euros</ns0:nomSupportInvestissement><ns0:codeCategorieFonds>FDPR</ns0:codeCategorieFonds><ns0:libelleCategorieFonds>Fonds propres</ns0:libelleCategorieFonds><ns0:codeCategorieFondsSilo>FPR</ns0:codeCategorieFondsSilo><ns0:libelleCategorieFondsSilo>Fonds propres</ns0:libelleCategorieFondsSilo><ns0:tauxRepartitionSupportInvestissement>1.0</ns0:tauxRepartitionSupportInvestissement><ns0:deviseFonds>EUR</ns0:deviseFonds></ns0:SupportInvestissement></ns0:OccurenceStructureInvestissement><ns0:OccurenceStructureInvestissement><ns0:identifiantOccurenceStructureInvestissement>SF_2524891 SI_1008 SI_238</ns0:identifiantOccurenceStructureInvestissement><ns0:identifiantOccurenceParentStructureInvestissement>SF_2524891 SI_1008</ns0:identifiantOccurenceParentStructureInvestissement><ns0:codeNatureSupportInvestissement>FDSGES</ns0:codeNatureSupportInvestissement><ns0:libelleNatureSupportInvestissement>Fonds Euro</ns0:libelleNatureSupportInvestissement><ns0:codeNatureSupportInvestissementSilo>FG</ns0:codeNatureSupportInvestissementSilo><ns0:libelleNatureSupportInvestissementSilo>Fond en Devises</ns0:libelleNatureSupportInvestissementSilo><ns0:ProfilInvestissement><ns0:identifiantProfilInvestissement>238</ns0:identifiantProfilInvestissement><ns0:nomProfilInvestissement>Fonds club 2</ns0:nomProfilInvestissement><ns0:tauxRepartitionProfilInvestissement>1.0</ns0:tauxRepartitionProfilInvestissement><ns0:indicateurTauxDerogeableProfilInvestissement>false</ns0:indicateurTauxDerogeableProfilInvestissement></ns0:ProfilInvestissement></ns0:OccurenceStructureInvestissement><ns0:OccurenceStructureInvestissement><ns0:identifiantOccurenceStructureInvestissement>SF_2524891 SI_1007 SI_212</ns0:identifiantOccurenceStructureInvestissement><ns0:identifiantOccurenceParentStructureInvestissement>SF_2524891 SI_1007</ns0:identifiantOccurenceParentStructureInvestissement><ns0:codeNatureSupportInvestissement>FDSGES</ns0:codeNatureSupportInvestissement><ns0:libelleNatureSupportInvestissement>Fonds Euro</ns0:libelleNatureSupportInvestissement><ns0:codeNatureSupportInvestissementSilo>FG</ns0:codeNatureSupportInvestissementSilo><ns0:libelleNatureSupportInvestissementSilo>Fond en Devises</ns0:libelleNatureSupportInvestissementSilo><ns0:ProfilInvestissement><ns0:identifiantProfilInvestissement>212</ns0:identifiantProfilInvestissement><ns0:nomProfilInvestissement>Actif en euros</ns0:nomProfilInvestissement><ns0:tauxRepartitionProfilInvestissement>1.0</ns0:tauxRepartitionProfilInvestissement><ns0:indicateurTauxDerogeableProfilInvestissement>false</ns0:indicateurTauxDerogeableProfilInvestissement></ns0:ProfilInvestissement></ns0:OccurenceStructureInvestissement><ns0:OccurenceStructureInvestissement><ns0:identifiantOccurenceStructureInvestissement>SF_2524891 SI_1009</ns0:identifiantOccurenceStructureInvestissement><ns0:identifiantOccurenceParentStructureInvestissement>SF_2524891</ns0:identifiantOccurenceParentStructureInvestissement><ns0:codeNatureSupportInvestissement>FDSGES</ns0:codeNatureSupportInvestissement><ns0:libelleNatureSupportInvestissement>Fonds Euro</ns0:libelleNatureSupportInvestissement><ns0:codeNatureSupportInvestissementSilo>FG</ns0:codeNatureSupportInvestissementSilo><ns0:libelleNatureSupportInvestissementSilo>Fond en Devises</ns0:libelleNatureSupportInvestissementSilo><ns0:HorizonInvestissement><ns0:identifiantHorizonInvestissement>1009</ns0:identifiantHorizonInvestissement><ns0:nomHorizonInvestissement>Plus de 9 ans</ns0:nomHorizonInvestissement><ns0:borneMinVersementInvestissement>120</ns0:borneMinVersementInvestissement><ns0:borneMinDeplacerCapitalInvesti>120</ns0:borneMinDeplacerCapitalInvesti></ns0:HorizonInvestissement></ns0:OccurenceStructureInvestissement><ns0:OccurenceStructureInvestissement><ns0:identifiantOccurenceStructureInvestissement>SF_2524891 SI_1007</ns0:identifiantOccurenceStructureInvestissement><ns0:identifiantOccurenceParentStructureInvestissement>SF_2524891</ns0:identifiantOccurenceParentStructureInvestissement><ns0:codeNatureSupportInvestissement>FDSGES</ns0:codeNatureSupportInvestissement><ns0:libelleNatureSupportInvestissement>Fonds Euro</ns0:libelleNatureSupportInvestissement><ns0:codeNatureSupportInvestissementSilo>FG</ns0:codeNatureSupportInvestissementSilo><ns0:libelleNatureSupportInvestissementSilo>Fond en Devises</ns0:libelleNatureSupportInvestissementSilo><ns0:HorizonInvestissement><ns0:identifiantHorizonInvestissement>1007</ns0:identifiantHorizonInvestissement><ns0:nomHorizonInvestissement>Moins de 4 ans</ns0:nomHorizonInvestissement><ns0:borneMaxVersementInvestissement>47</ns0:borneMaxVersementInvestissement><ns0:borneMaxDeplacerCapitalInvesti>47</ns0:borneMaxDeplacerCapitalInvesti></ns0:HorizonInvestissement></ns0:OccurenceStructureInvestissement><ns0:OccurenceStructureInvestissement><ns0:identifiantOccurenceStructureInvestissement>SF_2524891 SI_1008</ns0:identifiantOccurenceStructureInvestissement><ns0:identifiantOccurenceParentStructureInvestissement>SF_2524891</ns0:identifiantOccurenceParentStructureInvestissement><ns0:codeNatureSupportInvestissement>FDSGES</ns0:codeNatureSupportInvestissement><ns0:libelleNatureSupportInvestissement>Fonds Euro</ns0:libelleNatureSupportInvestissement><ns0:codeNatureSupportInvestissementSilo>FG</ns0:codeNatureSupportInvestissementSilo><ns0:libelleNatureSupportInvestissementSilo>Fond en Devises</ns0:libelleNatureSupportInvestissementSilo><ns0:HorizonInvestissement><ns0:identifiantHorizonInvestissement>1008</ns0:identifiantHorizonInvestissement><ns0:nomHorizonInvestissement>Entre 4 et 9 ans</ns0:nomHorizonInvestissement><ns0:borneMinVersementInvestissement>48</ns0:borneMinVersementInvestissement><ns0:borneMaxVersementInvestissement>119</ns0:borneMaxVersementInvestissement><ns0:borneMinDeplacerCapitalInvesti>48</ns0:borneMinDeplacerCapitalInvesti><ns0:borneMaxDeplacerCapitalInvesti>119</ns0:borneMaxDeplacerCapitalInvesti></ns0:HorizonInvestissement></ns0:OccurenceStructureInvestissement><ns0:OccurenceStructureInvestissement><ns0:identifiantOccurenceStructureInvestissement>SF_2524891 SI_1009 SI_237</ns0:identifiantOccurenceStructureInvestissement><ns0:identifiantOccurenceParentStructureInvestissement>SF_2524891 SI_1009</ns0:identifiantOccurenceParentStructureInvestissement><ns0:codeNatureSupportInvestissement>FDSGES</ns0:codeNatureSupportInvestissement><ns0:libelleNatureSupportInvestissement>Fonds Euro</ns0:libelleNatureSupportInvestissement><ns0:codeNatureSupportInvestissementSilo>FG</ns0:codeNatureSupportInvestissementSilo><ns0:libelleNatureSupportInvestissementSilo>Fond en Devises</ns0:libelleNatureSupportInvestissementSilo><ns0:ProfilInvestissement><ns0:identifiantProfilInvestissement>237</ns0:identifiantProfilInvestissement><ns0:nomProfilInvestissement>Fonds club 3</ns0:nomProfilInvestissement><ns0:tauxRepartitionProfilInvestissement>1.0</ns0:tauxRepartitionProfilInvestissement><ns0:indicateurTauxDerogeableProfilInvestissement>false</ns0:indicateurTauxDerogeableProfilInvestissement></ns0:ProfilInvestissement></ns0:OccurenceStructureInvestissement><ns0:OccurenceStructureInvestissement><ns0:identifiantOccurenceStructureInvestissement>SF_2524891 SI_1007 SI_212 SU_1612</ns0:identifiantOccurenceStructureInvestissement><ns0:identifiantOccurenceParentStructureInvestissement>SF_2524891 SI_1007 SI_212</ns0:identifiantOccurenceParentStructureInvestissement><ns0:codeNatureSupportInvestissement>FDSGES</ns0:codeNatureSupportInvestissement><ns0:libelleNatureSupportInvestissement>Fonds Euro</ns0:libelleNatureSupportInvestissement><ns0:codeNatureSupportInvestissementSilo>FG</ns0:codeNatureSupportInvestissementSilo><ns0:SupportInvestissement><ns0:identifiantSupportInvestissement>1612</ns0:identifiantSupportInvestissement><ns0:nomSupportInvestissement>Actif en euros</ns0:nomSupportInvestissement><ns0:codeCategorieFonds>FDPR</ns0:codeCategorieFonds><ns0:libelleCategorieFonds>Fonds propres</ns0:libelleCategorieFonds><ns0:codeCategorieFondsSilo>FPR</ns0:codeCategorieFondsSilo><ns0:libelleCategorieFondsSilo>Fonds propres</ns0:libelleCategorieFondsSilo><ns0:tauxRepartitionSupportInvestissement>1.0</ns0:tauxRepartitionSupportInvestissement><ns0:deviseFonds>EUR</ns0:deviseFonds></ns0:SupportInvestissement></ns0:OccurenceStructureInvestissement><ns0:OccurenceStructureInvestissement><ns0:identifiantOccurenceStructureInvestissement>SF_2524891 SI_1008 SI_238 SU_2214</ns0:identifiantOccurenceStructureInvestissement><ns0:identifiantOccurenceParentStructureInvestissement>SF_2524891 SI_1008 SI_238</ns0:identifiantOccurenceParentStructureInvestissement><ns0:codeNatureSupportInvestissement>FDSGES</ns0:codeNatureSupportInvestissement><ns0:libelleNatureSupportInvestissement>Fonds Euro</ns0:libelleNatureSupportInvestissement><ns0:codeNatureSupportInvestissementSilo>FG</ns0:codeNatureSupportInvestissementSilo><ns0:SupportInvestissement><ns0:identifiantSupportInvestissement>2214</ns0:identifiantSupportInvestissement><ns0:nomSupportInvestissement>Fonds Club 2</ns0:nomSupportInvestissement><ns0:codeCategorieFonds>FDDD</ns0:codeCategorieFonds><ns0:libelleCategorieFonds>Fonds dédiés</ns0:libelleCategorieFonds><ns0:codeCategorieFondsSilo>FDD</ns0:codeCategorieFondsSilo><ns0:libelleCategorieFondsSilo>Fonds dédiés</ns0:libelleCategorieFondsSilo><ns0:tauxRepartitionSupportInvestissement>1.0</ns0:tauxRepartitionSupportInvestissement><ns0:deviseFonds>EUR</ns0:deviseFonds></ns0:SupportInvestissement></ns0:OccurenceStructureInvestissement><ns0:OccurenceStructureInvestissement><ns0:identifiantOccurenceStructureInvestissement>SF_2524891 SI_1009 SI_237 SU_2215</ns0:identifiantOccurenceStructureInvestissement><ns0:identifiantOccurenceParentStructureInvestissement>SF_2524891 SI_1009 SI_237</ns0:identifiantOccurenceParentStructureInvestissement><ns0:codeNatureSupportInvestissement>FDSGES</ns0:codeNatureSupportInvestissement><ns0:libelleNatureSupportInvestissement>Fonds Euro</ns0:libelleNatureSupportInvestissement><ns0:codeNatureSupportInvestissementSilo>FG</ns0:codeNatureSupportInvestissementSilo><ns0:SupportInvestissement><ns0:identifiantSupportInvestissement>2215</ns0:identifiantSupportInvestissement><ns0:nomSupportInvestissement>Fonds Club 3</ns0:nomSupportInvestissement><ns0:codeCategorieFonds>FDDD</ns0:codeCategorieFonds><ns0:libelleCategorieFonds>Fonds dédiés</ns0:libelleCategorieFonds><ns0:codeCategorieFondsSilo>FDD</ns0:codeCategorieFondsSilo><ns0:libelleCategorieFondsSilo>Fonds dédiés</ns0:libelleCategorieFondsSilo><ns0:tauxRepartitionSupportInvestissement>1.0</ns0:tauxRepartitionSupportInvestissement><ns0:deviseFonds>EUR</ns0:deviseFonds></ns0:SupportInvestissement></ns0:OccurenceStructureInvestissement><ns0:OccurenceStructureInvestissement><ns0:identifiantOccurenceStructureInvestissement>SF_2524888 SI_1009 SI_237 SU_2215</ns0:identifiantOccurenceStructureInvestissement><ns0:identifiantOccurenceParentStructureInvestissement>SF_2524888 SI_1009 SI_237</ns0:identifiantOccurenceParentStructureInvestissement><ns0:codeNatureSupportInvestissement>FDSGES</ns0:codeNatureSupportInvestissement><ns0:libelleNatureSupportInvestissement>Fonds Euro</ns0:libelleNatureSupportInvestissement><ns0:codeNatureSupportInvestissementSilo>FG</ns0:codeNatureSupportInvestissementSilo><ns0:SupportInvestissement><ns0:identifiantSupportInvestissement>2215</ns0:identifiantSupportInvestissement><ns0:nomSupportInvestissement>Fonds Club 3</ns0:nomSupportInvestissement><ns0:codeCategorieFonds>FDDD</ns0:codeCategorieFonds><ns0:libelleCategorieFonds>Fonds dédiés</ns0:libelleCategorieFonds><ns0:codeCategorieFondsSilo>FDD</ns0:codeCategorieFondsSilo><ns0:libelleCategorieFondsSilo>Fonds dédiés</ns0:libelleCategorieFondsSilo><ns0:tauxRepartitionSupportInvestissement>1.0</ns0:tauxRepartitionSupportInvestissement><ns0:deviseFonds>EUR</ns0:deviseFonds></ns0:SupportInvestissement></ns0:OccurenceStructureInvestissement><ns0:OccurenceStructureInvestissement><ns0:identifiantOccurenceStructureInvestissement>SF_2524888 SI_1009</ns0:identifiantOccurenceStructureInvestissement><ns0:identifiantOccurenceParentStructureInvestissement>SF_2524888</ns0:identifiantOccurenceParentStructureInvestissement><ns0:codeNatureSupportInvestissement>FDSGES</ns0:codeNatureSupportInvestissement><ns0:libelleNatureSupportInvestissement>Fonds Euro</ns0:libelleNatureSupportInvestissement><ns0:codeNatureSupportInvestissementSilo>FG</ns0:codeNatureSupportInvestissementSilo><ns0:libelleNatureSupportInvestissementSilo>Fond en Devises</ns0:libelleNatureSupportInvestissementSilo><ns0:HorizonInvestissement><ns0:identifiantHorizonInvestissement>1009</ns0:identifiantHorizonInvestissement><ns0:nomHorizonInvestissement>Plus de 9 ans</ns0:nomHorizonInvestissement><ns0:borneMinVersementInvestissement>120</ns0:borneMinVersementInvestissement><ns0:borneMinDeplacerCapitalInvesti>120</ns0:borneMinDeplacerCapitalInvesti></ns0:HorizonInvestissement></ns0:OccurenceStructureInvestissement><ns0:OccurenceStructureInvestissement><ns0:identifiantOccurenceStructureInvestissement>SF_2524888 SI_1008</ns0:identifiantOccurenceStructureInvestissement><ns0:identifiantOccurenceParentStructureInvestissement>SF_2524888</ns0:identifiantOccurenceParentStructureInvestissement><ns0:codeNatureSupportInvestissement>FDSGES</ns0:codeNatureSupportInvestissement><ns0:libelleNatureSupportInvestissement>Fonds Euro</ns0:libelleNatureSupportInvestissement><ns0:codeNatureSupportInvestissementSilo>FG</ns0:codeNatureSupportInvestissementSilo><ns0:libelleNatureSupportInvestissementSilo>Fond en Devises</ns0:libelleNatureSupportInvestissementSilo><ns0:HorizonInvestissement><ns0:identifiantHorizonInvestissement>1008</ns0:identifiantHorizonInvestissement><ns0:nomHorizonInvestissement>Entre 4 et 9 ans</ns0:nomHorizonInvestissement><ns0:borneMinVersementInvestissement>48</ns0:borneMinVersementInvestissement><ns0:borneMaxVersementInvestissement>119</ns0:borneMaxVersementInvestissement><ns0:borneMinDeplacerCapitalInvesti>48</ns0:borneMinDeplacerCapitalInvesti><ns0:borneMaxDeplacerCapitalInvesti>119</ns0:borneMaxDeplacerCapitalInvesti></ns0:HorizonInvestissement></ns0:OccurenceStructureInvestissement><ns0:OccurenceStructureInvestissement><ns0:identifiantOccurenceStructureInvestissement>SF_2524888 SI_1007</ns0:identifiantOccurenceStructureInvestissement><ns0:identifiantOccurenceParentStructureInvestissement>SF_2524888</ns0:identifiantOccurenceParentStructureInvestissement><ns0:codeNatureSupportInvestissement>FDSGES</ns0:codeNatureSupportInvestissement><ns0:libelleNatureSupportInvestissement>Fonds Euro</ns0:libelleNatureSupportInvestissement><ns0:codeNatureSupportInvestissementSilo>FG</ns0:codeNatureSupportInvestissementSilo><ns0:libelleNatureSupportInvestissementSilo>Fond en Devises</ns0:libelleNatureSupportInvestissementSilo><ns0:HorizonInvestissement><ns0:identifiantHorizonInvestissement>1007</ns0:identifiantHorizonInvestissement><ns0:nomHorizonInvestissement>Moins de 4 ans</ns0:nomHorizonInvestissement><ns0:borneMaxVersementInvestissement>47</ns0:borneMaxVersementInvestissement><ns0:borneMaxDeplacerCapitalInvesti>47</ns0:borneMaxDeplacerCapitalInvesti></ns0:HorizonInvestissement></ns0:OccurenceStructureInvestissement><ns0:OccurenceStructureInvestissement><ns0:identifiantOccurenceStructureInvestissement>SF_2524888 SI_1008 SI_238 SU_2214</ns0:identifiantOccurenceStructureInvestissement><ns0:identifiantOccurenceParentStructureInvestissement>SF_2524888 SI_1008 SI_238</ns0:identifiantOccurenceParentStructureInvestissement><ns0:codeNatureSupportInvestissement>FDSGES</ns0:codeNatureSupportInvestissement><ns0:libelleNatureSupportInvestissement>Fonds Euro</ns0:libelleNatureSupportInvestissement><ns0:codeNatureSupportInvestissementSilo>FG</ns0:codeNatureSupportInvestissementSilo><ns0:SupportInvestissement><ns0:identifiantSupportInvestissement>2214</ns0:identifiantSupportInvestissement><ns0:nomSupportInvestissement>Fonds Club 2</ns0:nomSupportInvestissement><ns0:codeCategorieFonds>FDDD</ns0:codeCategorieFonds><ns0:libelleCategorieFonds>Fonds dédiés</ns0:libelleCategorieFonds><ns0:codeCategorieFondsSilo>FDD</ns0:codeCategorieFondsSilo><ns0:libelleCategorieFondsSilo>Fonds dédiés</ns0:libelleCategorieFondsSilo><ns0:tauxRepartitionSupportInvestissement>1.0</ns0:tauxRepartitionSupportInvestissement><ns0:deviseFonds>EUR</ns0:deviseFonds></ns0:SupportInvestissement></ns0:OccurenceStructureInvestissement><ns0:OccurenceStructureInvestissement><ns0:identifiantOccurenceStructureInvestissement>SF_2524888 SI_1008 SI_238</ns0:identifiantOccurenceStructureInvestissement><ns0:identifiantOccurenceParentStructureInvestissement>SF_2524888 SI_1008</ns0:identifiantOccurenceParentStructureInvestissement><ns0:codeNatureSupportInvestissement>FDSGES</ns0:codeNatureSupportInvestissement><ns0:libelleNatureSupportInvestissement>Fonds Euro</ns0:libelleNatureSupportInvestissement><ns0:codeNatureSupportInvestissementSilo>FG</ns0:codeNatureSupportInvestissementSilo><ns0:libelleNatureSupportInvestissementSilo>Fond en Devises</ns0:libelleNatureSupportInvestissementSilo><ns0:ProfilInvestissement><ns0:identifiantProfilInvestissement>238</ns0:identifiantProfilInvestissement><ns0:nomProfilInvestissement>Fonds club 2</ns0:nomProfilInvestissement><ns0:tauxRepartitionProfilInvestissement>1.0</ns0:tauxRepartitionProfilInvestissement><ns0:indicateurTauxDerogeableProfilInvestissement>false</ns0:indicateurTauxDerogeableProfilInvestissement></ns0:ProfilInvestissement></ns0:OccurenceStructureInvestissement><ns0:OccurenceStructureInvestissement><ns0:identifiantOccurenceStructureInvestissement>SF_2524888 SI_1007 SI_212 SU_1612</ns0:identifiantOccurenceStructureInvestissement><ns0:identifiantOccurenceParentStructureInvestissement>SF_2524888 SI_1007 SI_212</ns0:identifiantOccurenceParentStructureInvestissement><ns0:codeNatureSupportInvestissement>FDSGES</ns0:codeNatureSupportInvestissement><ns0:libelleNatureSupportInvestissement>Fonds Euro</ns0:libelleNatureSupportInvestissement><ns0:codeNatureSupportInvestissementSilo>FG</ns0:codeNatureSupportInvestissementSilo><ns0:SupportInvestissement><ns0:identifiantSupportInvestissement>1612</ns0:identifiantSupportInvestissement><ns0:nomSupportInvestissement>Actif en euros</ns0:nomSupportInvestissement><ns0:codeCategorieFonds>FDPR</ns0:codeCategorieFonds><ns0:libelleCategorieFonds>Fonds propres</ns0:libelleCategorieFonds><ns0:codeCategorieFondsSilo>FPR</ns0:codeCategorieFondsSilo><ns0:libelleCategorieFondsSilo>Fonds propres</ns0:libelleCategorieFondsSilo><ns0:tauxRepartitionSupportInvestissement>1.0</ns0:tauxRepartitionSupportInvestissement><ns0:deviseFonds>EUR</ns0:deviseFonds></ns0:SupportInvestissement></ns0:OccurenceStructureInvestissement><ns0:OccurenceStructureInvestissement><ns0:identifiantOccurenceStructureInvestissement>SF_2524888 SI_1007 SI_212</ns0:identifiantOccurenceStructureInvestissement><ns0:identifiantOccurenceParentStructureInvestissement>SF_2524888 SI_1007</ns0:identifiantOccurenceParentStructureInvestissement><ns0:codeNatureSupportInvestissement>FDSGES</ns0:codeNatureSupportInvestissement><ns0:libelleNatureSupportInvestissement>Fonds Euro</ns0:libelleNatureSupportInvestissement><ns0:codeNatureSupportInvestissementSilo>FG</ns0:codeNatureSupportInvestissementSilo><ns0:libelleNatureSupportInvestissementSilo>Fond en Devises</ns0:libelleNatureSupportInvestissementSilo><ns0:ProfilInvestissement><ns0:identifiantProfilInvestissement>212</ns0:identifiantProfilInvestissement><ns0:nomProfilInvestissement>Actif en euros</ns0:nomProfilInvestissement><ns0:tauxRepartitionProfilInvestissement>1.0</ns0:tauxRepartitionProfilInvestissement><ns0:indicateurTauxDerogeableProfilInvestissement>false</ns0:indicateurTauxDerogeableProfilInvestissement></ns0:ProfilInvestissement></ns0:OccurenceStructureInvestissement><ns0:OccurenceStructureInvestissement><ns0:identifiantOccurenceStructureInvestissement>SF_2524888 SI_1009 SI_237</ns0:identifiantOccurenceStructureInvestissement><ns0:identifiantOccurenceParentStructureInvestissement>SF_2524888 SI_1009</ns0:identifiantOccurenceParentStructureInvestissement><ns0:codeNatureSupportInvestissement>FDSGES</ns0:codeNatureSupportInvestissement><ns0:libelleNatureSupportInvestissement>Fonds Euro</ns0:libelleNatureSupportInvestissement><ns0:codeNatureSupportInvestissementSilo>FG</ns0:codeNatureSupportInvestissementSilo><ns0:libelleNatureSupportInvestissementSilo>Fond en Devises</ns0:libelleNatureSupportInvestissementSilo><ns0:ProfilInvestissement><ns0:identifiantProfilInvestissement>237</ns0:identifiantProfilInvestissement><ns0:nomProfilInvestissement>Fonds club 3</ns0:nomProfilInvestissement><ns0:tauxRepartitionProfilInvestissement>1.0</ns0:tauxRepartitionProfilInvestissement><ns0:indicateurTauxDerogeableProfilInvestissement>false</ns0:indicateurTauxDerogeableProfilInvestissement></ns0:ProfilInvestissement></ns0:OccurenceStructureInvestissement></ns0:ConsulterCompteGeneralesEREFunc></ns0:ConsulterCompteGeneralesEREResponse></SOAP-ENV:Body></SOAP-ENV:Envelope>