<SOAP-ENV:Envelope xmlns:SOAP-ENV="http://schemas.xmlsoap.org/soap/envelope/"><SOAP-ENV:Header><ns:WSResponseMetaInfo xmlns:ns="http://www.fmk.com/ESB/Framework/ESBTechPivotSchema" xmlns:ns0="http://schemas.xmlsoap.org/soap/envelope/" xmlns:xs="http://www.w3.org/2001/XMLSchema" xmlns:xsi="http://www.w3.org/2001/XMLSchema-instance" xmlns:SOAP-ENV="http://schemas.xmlsoap.org/soap/envelope/"><ns:FuncFault/></ns:WSResponseMetaInfo></SOAP-ENV:Header><SOAP-ENV:Body><ns0:ConsulterCompteGeneralesEREResponse xmlns:ns0="http://www.alm.com/esb/service/GestContratERE_1/ConsulterCompteGeneralesERE_1"><ns0:ConsulterCompteGeneralesEREFunc><ns0:ContratCollectif><ns0:AffiliationsContrat><ns0:identifiantAffiliation>59362</ns0:identifiantAffiliation><ns0:codeSituationAffiliation>TRANS</ns0:codeSituationAffiliation><ns0:libelleSituationAffiliation>Transféré</ns0:libelleSituationAffiliation><ns0:codeSituationAffiliationSilo>T</ns0:codeSituationAffiliationSilo><ns0:libelleSituationAffiliationSilo>Transferé</ns0:libelleSituationAffiliationSilo><ns0:dateEffetSituationAffiliation>2004-12-31</ns0:dateEffetSituationAffiliation><ns0:codeOptionFiscaleAffiliation>A</ns0:codeOptionFiscaleAffiliation><ns0:libelleOptionFiscaleAffiliation>Fiscalité classique</ns0:libelleOptionFiscaleAffiliation><ns0:numeroMatriculeAffilie>990009</ns0:numeroMatriculeAffilie><ns0:InformationContrat><ns0:dateEffet>2001-01-01</ns0:dateEffet></ns0:InformationContrat><ns0:ContratIndividuel><ns0:AssurePrincipal><ns0:IdentificationSiloAssurePrincipal><ns0:identifiantDansSilo>P1119218</ns0:identifiantDansSilo><ns0:libelleNomSilo>ERE PTV2/3</ns0:libelleNomSilo><ns0:codeApplication>A0252</ns0:codeApplication><ns0:libelleApplication>PTV</ns0:libelleApplication><ns0:codeSystemeInformation>ERE</ns0:codeSystemeInformation><ns0:libelleSystemeInformation>Epargne Retraite Entreprise</ns0:libelleSystemeInformation></ns0:IdentificationSiloAssurePrincipal></ns0:AssurePrincipal><ns0:ClausesContrat><ns0:codeTypeClauseBenef>STD</ns0:codeTypeClauseBenef><ns0:libTypeClauseBenef>STANDARD</ns0:libTypeClauseBenef><ns0:codeTypeClauseBenefSilo>O</ns0:codeTypeClauseBenefSilo><ns0:descClauseBenef>A défaut de désignation ou si cette désignation est caduque, ce capital est attribué dans l'ordre suivant :- au conjoint non séparé judiciairement, ou au partenaire auquel le défunt était lié par un PACS (PActe Civil de Solidarité),- à défaut, aux enfants de l'Assuré légitimes, reconnus ou adoptés, vivants ou représentés, par parts égales,- à défaut, aux ascendants de l'Assuré par parts égales ou aux survivants d'entre eux,- à défaut, aux héritiers de l'Assuré.</ns0:descClauseBenef><ns0:dateDebutClauseBenef>2001-01-01</ns0:dateDebutClauseBenef></ns0:ClausesContrat></ns0:ContratIndividuel></ns0:AffiliationsContrat></ns0:ContratCollectif></ns0:ConsulterCompteGeneralesEREFunc></ns0:ConsulterCompteGeneralesEREResponse></SOAP-ENV:Body></SOAP-ENV:Envelope>