<SOAP-ENV:Envelope xmlns:SOAP-ENV="http://schemas.xmlsoap.org/soap/envelope/"><SOAP-ENV:Header><ns:WSResponseMetaInfo xmlns:ns="http://www.fmk.com/ESB/Framework/ESBTechPivotSchema" xmlns:ns0="http://schemas.xmlsoap.org/soap/envelope/" xmlns:xs="http://www.w3.org/2001/XMLSchema" xmlns:xsi="http://www.w3.org/2001/XMLSchema-instance" xmlns:SOAP-ENV="http://schemas.xmlsoap.org/soap/envelope/"><ns:FuncFault/></ns:WSResponseMetaInfo></SOAP-ENV:Header><SOAP-ENV:Body><ns0:ConsulterCompteGeneralesEREResponse xmlns:ns0="http://www.alm.com/esb/service/GestContratERE_1/ConsulterCompteGeneralesERE_1"><ns0:ConsulterCompteGeneralesEREFunc><ns0:ContratCollectif><ns0:AffiliationsContrat><ns0:identifiantAffiliation>736150</ns0:identifiantAffiliation><ns0:codeSituationAffiliation>LIBER</ns0:codeSituationAffiliation><ns0:libelleSituationAffiliation>Libéré</ns0:libelleSituationAffiliation><ns0:codeSituationAffiliationSilo>L</ns0:codeSituationAffiliationSilo><ns0:libelleSituationAffiliationSilo>Libéré</ns0:libelleSituationAffiliationSilo><ns0:dateEffetSituationAffiliation>2014-04-30</ns0:dateEffetSituationAffiliation><ns0:codeOptionFiscaleAffiliation>A</ns0:codeOptionFiscaleAffiliation><ns0:libelleOptionFiscaleAffiliation>Fiscalité classique</ns0:libelleOptionFiscaleAffiliation><ns0:numeroMatriculeAffilie>G37974</ns0:numeroMatriculeAffilie><ns0:InformationContrat><ns0:dateEffet>2014-01-01</ns0:dateEffet></ns0:InformationContrat><ns0:ContratIndividuel><ns0:AssurePrincipal><ns0:IdentificationSiloAssurePrincipal><ns0:identifiantDansSilo>P4324773</ns0:identifiantDansSilo><ns0:libelleNomSilo>ERE PTV2/3</ns0:libelleNomSilo><ns0:codeApplication>A0252</ns0:codeApplication><ns0:libelleApplication>PTV</ns0:libelleApplication><ns0:codeSystemeInformation>ERE</ns0:codeSystemeInformation><ns0:libelleSystemeInformation>Epargne Retraite Entreprise</ns0:libelleSystemeInformation></ns0:IdentificationSiloAssurePrincipal><ns0:GarantiesSouscrites><ns0:codeGarantieContrat>350</ns0:codeGarantieContrat><ns0:libelleGarantieContrat>Vie avec contre-assurance</ns0:libelleGarantieContrat><ns0:dateDebutCouvertureGarantieGlobale>2014-01-01</ns0:dateDebutCouvertureGarantieGlobale></ns0:GarantiesSouscrites><ns0:GarantiesSouscrites><ns0:codeGarantieContrat>356</ns0:codeGarantieContrat><ns0:libelleGarantieContrat>Garantie de table</ns0:libelleGarantieContrat><ns0:dateDebutCouvertureGarantieGlobale>2014-01-01</ns0:dateDebutCouvertureGarantieGlobale></ns0:GarantiesSouscrites></ns0:AssurePrincipal></ns0:ContratIndividuel></ns0:AffiliationsContrat></ns0:ContratCollectif><ns0:IdentificationStructureInvestissement><ns0:identifiantStructureInvestissement>SF_7457996</ns0:identifiantStructureInvestissement></ns0:IdentificationStructureInvestissement><ns0:OccurenceStructureInvestissement><ns0:identifiantOccurenceStructureInvestissement>SF_7457992</ns0:identifiantOccurenceStructureInvestissement><ns0:identifiantOccurenceParentStructureInvestissement>SF_7457996</ns0:identifiantOccurenceParentStructureInvestissement><ns0:ContributionInvestissement><ns0:identifiantContributionInvestissement>7457992</ns0:identifiantContributionInvestissement><ns0:codeContributionInvestissement>PPATRO</ns0:codeContributionInvestissement><ns0:libelleContributionInvestissement>Part Patronale</ns0:libelleContributionInvestissement><ns0:libelleContributionInvestissementSilo>Part patronale</ns0:libelleContributionInvestissementSilo><ns0:tauxRepartitionContribution>0.0</ns0:tauxRepartitionContribution><ns0:indicateurTauxDerogeableContributionInvestissement>false</ns0:indicateurTauxDerogeableContributionInvestissement></ns0:ContributionInvestissement></ns0:OccurenceStructureInvestissement><ns0:OccurenceStructureInvestissement><ns0:identifiantOccurenceStructureInvestissement>SF_7457995</ns0:identifiantOccurenceStructureInvestissement><ns0:identifiantOccurenceParentStructureInvestissement>SF_7457996</ns0:identifiantOccurenceParentStructureInvestissement><ns0:ContributionInvestissement><ns0:identifiantContributionInvestissement>7457995</ns0:identifiantContributionInvestissement><ns0:codeContributionInvestissement>VERLIB</ns0:codeContributionInvestissement><ns0:libelleContributionInvestissement>Versement Libre</ns0:libelleContributionInvestissement><ns0:libelleContributionInvestissementSilo>Versement libre</ns0:libelleContributionInvestissementSilo><ns0:tauxRepartitionContribution>0.0</ns0:tauxRepartitionContribution><ns0:indicateurTauxDerogeableContributionInvestissement>false</ns0:indicateurTauxDerogeableContributionInvestissement></ns0:ContributionInvestissement></ns0:OccurenceStructureInvestissement><ns0:OccurenceStructureInvestissement><ns0:identifiantOccurenceStructureInvestissement>SF_7457993</ns0:identifiantOccurenceStructureInvestissement><ns0:identifiantOccurenceParentStructureInvestissement>SF_7457995</ns0:identifiantOccurenceParentStructureInvestissement><ns0:codeModeGestionInvestissement>LIBRE</ns0:codeModeGestionInvestissement><ns0:libelleModeGestionInvestissement>Gestion libre</ns0:libelleModeGestionInvestissement><ns0:codeModeGestionInvestissementSilo>GL</ns0:codeModeGestionInvestissementSilo><ns0:libelleModeGestionInvestissementSilo>Gestion libre</ns0:libelleModeGestionInvestissementSilo><ns0:codeNatureSupportInvestissement>FDSGES</ns0:codeNatureSupportInvestissement><ns0:libelleNatureSupportInvestissement>Fonds Euro</ns0:libelleNatureSupportInvestissement><ns0:codeNatureSupportInvestissementSilo>FG</ns0:codeNatureSupportInvestissementSilo><ns0:libelleNatureSupportInvestissementSilo>Fond en Devises</ns0:libelleNatureSupportInvestissementSilo><ns0:ProfilInvestissement><ns0:identifiantProfilInvestissement>2918</ns0:identifiantProfilInvestissement><ns0:nomProfilInvestissement>Fonds Euro EDF</ns0:nomProfilInvestissement><ns0:tauxRepartitionProfilInvestissement>1.0</ns0:tauxRepartitionProfilInvestissement><ns0:indicateurTauxDerogeableProfilInvestissement>false</ns0:indicateurTauxDerogeableProfilInvestissement></ns0:ProfilInvestissement></ns0:OccurenceStructureInvestissement><ns0:OccurenceStructureInvestissement><ns0:identifiantOccurenceStructureInvestissement>SF_7457990</ns0:identifiantOccurenceStructureInvestissement><ns0:identifiantOccurenceParentStructureInvestissement>SF_7457992</ns0:identifiantOccurenceParentStructureInvestissement><ns0:codeModeGestionInvestissement>LIBRE</ns0:codeModeGestionInvestissement><ns0:libelleModeGestionInvestissement>Gestion libre</ns0:libelleModeGestionInvestissement><ns0:codeModeGestionInvestissementSilo>GL</ns0:codeModeGestionInvestissementSilo><ns0:libelleModeGestionInvestissementSilo>Gestion libre</ns0:libelleModeGestionInvestissementSilo><ns0:codeNatureSupportInvestissement>FDSGES</ns0:codeNatureSupportInvestissement><ns0:libelleNatureSupportInvestissement>Fonds Euro</ns0:libelleNatureSupportInvestissement><ns0:codeNatureSupportInvestissementSilo>FG</ns0:codeNatureSupportInvestissementSilo><ns0:libelleNatureSupportInvestissementSilo>Fond en Devises</ns0:libelleNatureSupportInvestissementSilo><ns0:ProfilInvestissement><ns0:identifiantProfilInvestissement>2918</ns0:identifiantProfilInvestissement><ns0:nomProfilInvestissement>Fonds Euro EDF</ns0:nomProfilInvestissement><ns0:tauxRepartitionProfilInvestissement>1.0</ns0:tauxRepartitionProfilInvestissement><ns0:indicateurTauxDerogeableProfilInvestissement>false</ns0:indicateurTauxDerogeableProfilInvestissement></ns0:ProfilInvestissement></ns0:OccurenceStructureInvestissement><ns0:OccurenceStructureInvestissement><ns0:identifiantOccurenceStructureInvestissement>SF_7457993 SU_3437</ns0:identifiantOccurenceStructureInvestissement><ns0:identifiantOccurenceParentStructureInvestissement>SF_7457993</ns0:identifiantOccurenceParentStructureInvestissement><ns0:codeNatureSupportInvestissement>FDSGES</ns0:codeNatureSupportInvestissement><ns0:libelleNatureSupportInvestissement>Fonds Euro</ns0:libelleNatureSupportInvestissement><ns0:codeNatureSupportInvestissementSilo>FG</ns0:codeNatureSupportInvestissementSilo><ns0:SupportInvestissement><ns0:identifiantSupportInvestissement>3437</ns0:identifiantSupportInvestissement><ns0:nomSupportInvestissement>Fonds Euro EDF</ns0:nomSupportInvestissement><ns0:codeCategorieFonds>FDPR</ns0:codeCategorieFonds><ns0:libelleCategorieFonds>Fonds propres</ns0:libelleCategorieFonds><ns0:codeCategorieFondsSilo>FPR</ns0:codeCategorieFondsSilo><ns0:libelleCategorieFondsSilo>Fonds propres</ns0:libelleCategorieFondsSilo><ns0:tauxRepartitionSupportInvestissement>1.0</ns0:tauxRepartitionSupportInvestissement><ns0:deviseFonds>EUR</ns0:deviseFonds></ns0:SupportInvestissement></ns0:OccurenceStructureInvestissement><ns0:OccurenceStructureInvestissement><ns0:identifiantOccurenceStructureInvestissement>SF_7457990 SU_3437</ns0:identifiantOccurenceStructureInvestissement><ns0:identifiantOccurenceParentStructureInvestissement>SF_7457990</ns0:identifiantOccurenceParentStructureInvestissement><ns0:codeNatureSupportInvestissement>FDSGES</ns0:codeNatureSupportInvestissement><ns0:libelleNatureSupportInvestissement>Fonds Euro</ns0:libelleNatureSupportInvestissement><ns0:codeNatureSupportInvestissementSilo>FG</ns0:codeNatureSupportInvestissementSilo><ns0:SupportInvestissement><ns0:identifiantSupportInvestissement>3437</ns0:identifiantSupportInvestissement><ns0:nomSupportInvestissement>Fonds Euro EDF</ns0:nomSupportInvestissement><ns0:codeCategorieFonds>FDPR</ns0:codeCategorieFonds><ns0:libelleCategorieFonds>Fonds propres</ns0:libelleCategorieFonds><ns0:codeCategorieFondsSilo>FPR</ns0:codeCategorieFondsSilo><ns0:libelleCategorieFondsSilo>Fonds propres</ns0:libelleCategorieFondsSilo><ns0:tauxRepartitionSupportInvestissement>1.0</ns0:tauxRepartitionSupportInvestissement><ns0:deviseFonds>EUR</ns0:deviseFonds></ns0:SupportInvestissement></ns0:OccurenceStructureInvestissement></ns0:ConsulterCompteGeneralesEREFunc></ns0:ConsulterCompteGeneralesEREResponse></SOAP-ENV:Body></SOAP-ENV:Envelope>