<SOAP-ENV:Envelope xmlns:SOAP-ENV="http://schemas.xmlsoap.org/soap/envelope/"><SOAP-ENV:Header><ns:WSResponseMetaInfo xmlns:ns="http://www.fmk.com/ESB/Framework/ESBTechPivotSchema" xmlns:ns0="http://schemas.xmlsoap.org/soap/envelope/" xmlns:xs="http://www.w3.org/2001/XMLSchema" xmlns:xsi="http://www.w3.org/2001/XMLSchema-instance"><ns:FuncFault/></ns:WSResponseMetaInfo></SOAP-ENV:Header><SOAP-ENV:Body><ns0:ConsulterCompteGeneralesEREResponse xmlns:ns0="http://www.alm.com/esb/service/GestContratERE_1/ConsulterCompteGeneralesERE_1"><ns0:ConsulterCompteGeneralesEREFunc><ns0:ContratCollectif><ns0:AffiliationsContrat><ns0:identifiantAffiliation>483531</ns0:identifiantAffiliation><ns0:codeSituationAffiliation>LIBER</ns0:codeSituationAffiliation><ns0:libelleSituationAffiliation>Libéré</ns0:libelleSituationAffiliation><ns0:codeSituationAffiliationSilo>L</ns0:codeSituationAffiliationSilo><ns0:libelleSituationAffiliationSilo>Libéré</ns0:libelleSituationAffiliationSilo><ns0:dateEffetSituationAffiliation>2012-12-31</ns0:dateEffetSituationAffiliation><ns0:codeOptionFiscaleAffiliation>D</ns0:codeOptionFiscaleAffiliation><ns0:libelleOptionFiscaleAffiliation>Fiscalité P.E.A</ns0:libelleOptionFiscaleAffiliation><ns0:InformationContrat><ns0:dateEffet>2010-01-01</ns0:dateEffet></ns0:InformationContrat><ns0:ContratIndividuel><ns0:AssurePrincipal><ns0:IdentificationSiloAssurePrincipal><ns0:identifiantDansSilo>P0802026</ns0:identifiantDansSilo><ns0:libelleNomSilo>ERE PTV2/3</ns0:libelleNomSilo><ns0:codeApplication>A0252</ns0:codeApplication><ns0:libelleApplication>PTV</ns0:libelleApplication><ns0:codeSystemeInformation>ERE</ns0:codeSystemeInformation><ns0:libelleSystemeInformation>Epargne Retraite Entreprise</ns0:libelleSystemeInformation></ns0:IdentificationSiloAssurePrincipal><ns0:GarantiesSouscrites><ns0:codeGarantieContrat>350</ns0:codeGarantieContrat><ns0:libelleGarantieContrat>Vie avec contre-assurance</ns0:libelleGarantieContrat><ns0:dateDebutCouvertureGarantieGlobale>2010-01-01</ns0:dateDebutCouvertureGarantieGlobale></ns0:GarantiesSouscrites><ns0:GarantiesSouscrites><ns0:codeGarantieContrat>353</ns0:codeGarantieContrat><ns0:libelleGarantieContrat>Rente de conjoint et d'orphelin</ns0:libelleGarantieContrat><ns0:dateDebutCouvertureGarantieGlobale>2010-01-01</ns0:dateDebutCouvertureGarantieGlobale></ns0:GarantiesSouscrites></ns0:AssurePrincipal></ns0:ContratIndividuel></ns0:AffiliationsContrat></ns0:ContratCollectif><ns0:IdentificationStructureInvestissement><ns0:identifiantStructureInvestissement>SF_3599934</ns0:identifiantStructureInvestissement></ns0:IdentificationStructureInvestissement><ns0:OccurenceStructureInvestissement><ns0:identifiantOccurenceStructureInvestissement>SF_3600067</ns0:identifiantOccurenceStructureInvestissement><ns0:identifiantOccurenceParentStructureInvestissement>SF_3599933</ns0:identifiantOccurenceParentStructureInvestissement><ns0:codeModeGestionInvestissement>PILHRZ</ns0:codeModeGestionInvestissement><ns0:libelleModeGestionInvestissement>Gestion pilotée horizon</ns0:libelleModeGestionInvestissement><ns0:codeModeGestionInvestissementSilo>GP</ns0:codeModeGestionInvestissementSilo><ns0:libelleModeGestionInvestissementSilo>Gestion pilotée</ns0:libelleModeGestionInvestissementSilo><ns0:codeNatureSupportInvestissement>FDSGES</ns0:codeNatureSupportInvestissement><ns0:libelleNatureSupportInvestissement>Fonds Euro</ns0:libelleNatureSupportInvestissement><ns0:codeNatureSupportInvestissementSilo>FG</ns0:codeNatureSupportInvestissementSilo><ns0:libelleNatureSupportInvestissementSilo>Fond en Devises</ns0:libelleNatureSupportInvestissementSilo><ns0:GrilleInvestissement><ns0:identifiantGrilleInvestissement>3516</ns0:identifiantGrilleInvestissement><ns0:nomGrilleInvestissement>GESTION DYNAMIQUE</ns0:nomGrilleInvestissement><ns0:tauxRepartitionGrilleInvestissement>1.0</ns0:tauxRepartitionGrilleInvestissement><ns0:indicateurTauxDerogeableGrilleInvestissement>false</ns0:indicateurTauxDerogeableGrilleInvestissement></ns0:GrilleInvestissement></ns0:OccurenceStructureInvestissement><ns0:OccurenceStructureInvestissement><ns0:identifiantOccurenceStructureInvestissement>SF_3599933</ns0:identifiantOccurenceStructureInvestissement><ns0:identifiantOccurenceParentStructureInvestissement>SF_3599934</ns0:identifiantOccurenceParentStructureInvestissement><ns0:ContributionInvestissement><ns0:identifiantContributionInvestissement>3599933</ns0:identifiantContributionInvestissement><ns0:codeContributionInvestissement>VERLIB</ns0:codeContributionInvestissement><ns0:libelleContributionInvestissement>Versement Libre</ns0:libelleContributionInvestissement><ns0:libelleContributionInvestissementSilo>Versement libre</ns0:libelleContributionInvestissementSilo><ns0:tauxRepartitionContribution>0.0</ns0:tauxRepartitionContribution><ns0:indicateurTauxDerogeableContributionInvestissement>false</ns0:indicateurTauxDerogeableContributionInvestissement></ns0:ContributionInvestissement></ns0:OccurenceStructureInvestissement><ns0:OccurenceStructureInvestissement><ns0:identifiantOccurenceStructureInvestissement>SF_3600067 SI_3521 SI_3508 SI_3525 SU_3164</ns0:identifiantOccurenceStructureInvestissement><ns0:identifiantOccurenceParentStructureInvestissement>SF_3600067 SI_3521 SI_3508 SI_3525</ns0:identifiantOccurenceParentStructureInvestissement><ns0:codeNatureSupportInvestissement>UNICPT</ns0:codeNatureSupportInvestissement><ns0:libelleNatureSupportInvestissement>UC</ns0:libelleNatureSupportInvestissement><ns0:codeNatureSupportInvestissementSilo>UC</ns0:codeNatureSupportInvestissementSilo><ns0:SupportInvestissement><ns0:identifiantSupportInvestissement>3164</ns0:identifiantSupportInvestissement><ns0:codeISIN>IE0031179298</ns0:codeISIN><ns0:nomSupportInvestissement>RIC 2 PLC - INVEST US QUANT FD C</ns0:nomSupportInvestissement><ns0:codeCategorieFonds>OPACT</ns0:codeCategorieFonds><ns0:libelleCategorieFonds>OPCVM à tendance actions</ns0:libelleCategorieFonds><ns0:codeCategorieFondsSilo>PAC</ns0:codeCategorieFondsSilo><ns0:libelleCategorieFondsSilo>OPCVM à tendance actions</ns0:libelleCategorieFondsSilo><ns0:tauxRepartitionSupportInvestissement>0.4</ns0:tauxRepartitionSupportInvestissement><ns0:deviseFonds>EUR</ns0:deviseFonds></ns0:SupportInvestissement></ns0:OccurenceStructureInvestissement><ns0:OccurenceStructureInvestissement><ns0:identifiantOccurenceStructureInvestissement>SF_3600067 SI_3521 SI_3508 SI_3525 SU_3163</ns0:identifiantOccurenceStructureInvestissement><ns0:identifiantOccurenceParentStructureInvestissement>SF_3600067 SI_3521 SI_3508 SI_3525</ns0:identifiantOccurenceParentStructureInvestissement><ns0:codeNatureSupportInvestissement>UNICPT</ns0:codeNatureSupportInvestissement><ns0:libelleNatureSupportInvestissement>UC</ns0:libelleNatureSupportInvestissement><ns0:codeNatureSupportInvestissementSilo>UC</ns0:codeNatureSupportInvestissementSilo><ns0:SupportInvestissement><ns0:identifiantSupportInvestissement>3163</ns0:identifiantSupportInvestissement><ns0:codeISIN>IE0003507831</ns0:codeISIN><ns0:nomSupportInvestissement>RIC PLC - INVEST US EQUITY B</ns0:nomSupportInvestissement><ns0:codeCategorieFonds>OPACT</ns0:codeCategorieFonds><ns0:libelleCategorieFonds>OPCVM à tendance actions</ns0:libelleCategorieFonds><ns0:codeCategorieFondsSilo>PAC</ns0:codeCategorieFondsSilo><ns0:libelleCategorieFondsSilo>OPCVM à tendance actions</ns0:libelleCategorieFondsSilo><ns0:tauxRepartitionSupportInvestissement>0.6</ns0:tauxRepartitionSupportInvestissement><ns0:deviseFonds>USD</ns0:deviseFonds></ns0:SupportInvestissement></ns0:OccurenceStructureInvestissement><ns0:OccurenceStructureInvestissement><ns0:identifiantOccurenceStructureInvestissement>SF_3600067 SI_3521 SI_3508 SI_3524 SU_3161</ns0:identifiantOccurenceStructureInvestissement><ns0:identifiantOccurenceParentStructureInvestissement>SF_3600067 SI_3521 SI_3508 SI_3524</ns0:identifiantOccurenceParentStructureInvestissement><ns0:codeNatureSupportInvestissement>UNICPT</ns0:codeNatureSupportInvestissement><ns0:libelleNatureSupportInvestissement>UC</ns0:libelleNatureSupportInvestissement><ns0:codeNatureSupportInvestissementSilo>UC</ns0:codeNatureSupportInvestissementSilo><ns0:SupportInvestissement><ns0:identifiantSupportInvestissement>3161</ns0:identifiantSupportInvestissement><ns0:codeISIN>IE0031180304</ns0:codeISIN><ns0:nomSupportInvestissement>RIC II PLC - INV PAN EUROP EQU F</ns0:nomSupportInvestissement><ns0:codeCategorieFonds>OPACT</ns0:codeCategorieFonds><ns0:libelleCategorieFonds>OPCVM à tendance actions</ns0:libelleCategorieFonds><ns0:codeCategorieFondsSilo>PAC</ns0:codeCategorieFondsSilo><ns0:libelleCategorieFondsSilo>OPCVM à tendance actions</ns0:libelleCategorieFondsSilo><ns0:tauxRepartitionSupportInvestissement>0.3077</ns0:tauxRepartitionSupportInvestissement><ns0:deviseFonds>EUR</ns0:deviseFonds></ns0:SupportInvestissement></ns0:OccurenceStructureInvestissement><ns0:OccurenceStructureInvestissement><ns0:identifiantOccurenceStructureInvestissement>SF_3600067 SI_3521 SI_3508 SI_3524 SU_3303</ns0:identifiantOccurenceStructureInvestissement><ns0:identifiantOccurenceParentStructureInvestissement>SF_3600067 SI_3521 SI_3508 SI_3524</ns0:identifiantOccurenceParentStructureInvestissement><ns0:codeNatureSupportInvestissement>UNICPT</ns0:codeNatureSupportInvestissement><ns0:libelleNatureSupportInvestissement>UC</ns0:libelleNatureSupportInvestissement><ns0:codeNatureSupportInvestissementSilo>UC</ns0:codeNatureSupportInvestissementSilo><ns0:SupportInvestissement><ns0:identifiantSupportInvestissement>3303</ns0:identifiantSupportInvestissement><ns0:codeISIN>IE00B0DD1V33</ns0:codeISIN><ns0:nomSupportInvestissement>MSMM EUROZONE EQ FUND A</ns0:nomSupportInvestissement><ns0:codeCategorieFonds>OPACT</ns0:codeCategorieFonds><ns0:libelleCategorieFonds>OPCVM à tendance actions</ns0:libelleCategorieFonds><ns0:codeCategorieFondsSilo>PAC</ns0:codeCategorieFondsSilo><ns0:libelleCategorieFondsSilo>OPCVM à tendance actions</ns0:libelleCategorieFondsSilo><ns0:tauxRepartitionSupportInvestissement>0.2308</ns0:tauxRepartitionSupportInvestissement><ns0:deviseFonds>EUR</ns0:deviseFonds></ns0:SupportInvestissement></ns0:OccurenceStructureInvestissement><ns0:OccurenceStructureInvestissement><ns0:identifiantOccurenceStructureInvestissement>SF_3600067 SI_3521 SI_3508 SI_3524 SU_3160</ns0:identifiantOccurenceStructureInvestissement><ns0:identifiantOccurenceParentStructureInvestissement>SF_3600067 SI_3521 SI_3508 SI_3524</ns0:identifiantOccurenceParentStructureInvestissement><ns0:codeNatureSupportInvestissement>UNICPT</ns0:codeNatureSupportInvestissement><ns0:libelleNatureSupportInvestissement>UC</ns0:libelleNatureSupportInvestissement><ns0:codeNatureSupportInvestissementSilo>UC</ns0:codeNatureSupportInvestissementSilo><ns0:SupportInvestissement><ns0:identifiantSupportInvestissement>3160</ns0:identifiantSupportInvestissement><ns0:codeISIN>IE0007356581</ns0:codeISIN><ns0:nomSupportInvestissement>RIC PLC - INV CONTI EUROP EQUI C</ns0:nomSupportInvestissement><ns0:codeCategorieFonds>OPACT</ns0:codeCategorieFonds><ns0:libelleCategorieFonds>OPCVM à tendance actions</ns0:libelleCategorieFonds><ns0:codeCategorieFondsSilo>PAC</ns0:codeCategorieFondsSilo><ns0:libelleCategorieFondsSilo>OPCVM à tendance actions</ns0:libelleCategorieFondsSilo><ns0:tauxRepartitionSupportInvestissement>0.3077</ns0:tauxRepartitionSupportInvestissement><ns0:deviseFonds>EUR</ns0:deviseFonds></ns0:SupportInvestissement></ns0:OccurenceStructureInvestissement><ns0:OccurenceStructureInvestissement><ns0:identifiantOccurenceStructureInvestissement>SF_3600067 SI_3521 SI_3508 SI_3524 SU_3162</ns0:identifiantOccurenceStructureInvestissement><ns0:identifiantOccurenceParentStructureInvestissement>SF_3600067 SI_3521 SI_3508 SI_3524</ns0:identifiantOccurenceParentStructureInvestissement><ns0:codeNatureSupportInvestissement>UNICPT</ns0:codeNatureSupportInvestissement><ns0:libelleNatureSupportInvestissement>UC</ns0:libelleNatureSupportInvestissement><ns0:codeNatureSupportInvestissementSilo>UC</ns0:codeNatureSupportInvestissementSilo><ns0:SupportInvestissement><ns0:identifiantSupportInvestissement>3162</ns0:identifiantSupportInvestissement><ns0:codeISIN>IE0004307934</ns0:codeISIN><ns0:nomSupportInvestissement>MSMM  European Small Cap Eq</ns0:nomSupportInvestissement><ns0:codeCategorieFonds>OPACT</ns0:codeCategorieFonds><ns0:libelleCategorieFonds>OPCVM à tendance actions</ns0:libelleCategorieFonds><ns0:codeCategorieFondsSilo>PAC</ns0:codeCategorieFondsSilo><ns0:libelleCategorieFondsSilo>OPCVM à tendance actions</ns0:libelleCategorieFondsSilo><ns0:tauxRepartitionSupportInvestissement>0.1538</ns0:tauxRepartitionSupportInvestissement><ns0:deviseFonds>EUR</ns0:deviseFonds></ns0:SupportInvestissement></ns0:OccurenceStructureInvestissement><ns0:OccurenceStructureInvestissement><ns0:identifiantOccurenceStructureInvestissement>SF_3600067 SI_3521 SI_3508 SI_3527 SU_3167</ns0:identifiantOccurenceStructureInvestissement><ns0:identifiantOccurenceParentStructureInvestissement>SF_3600067 SI_3521 SI_3508 SI_3527</ns0:identifiantOccurenceParentStructureInvestissement><ns0:codeNatureSupportInvestissement>UNICPT</ns0:codeNatureSupportInvestissement><ns0:libelleNatureSupportInvestissement>UC</ns0:libelleNatureSupportInvestissement><ns0:codeNatureSupportInvestissementSilo>UC</ns0:codeNatureSupportInvestissementSilo><ns0:SupportInvestissement><ns0:identifiantSupportInvestissement>3167</ns0:identifiantSupportInvestissement><ns0:codeISIN>IE0003502493</ns0:codeISIN><ns0:nomSupportInvestissement>RIC Emerging Markets Eq B</ns0:nomSupportInvestissement><ns0:codeCategorieFonds>OPACT</ns0:codeCategorieFonds><ns0:libelleCategorieFonds>OPCVM à tendance actions</ns0:libelleCategorieFonds><ns0:codeCategorieFondsSilo>PAC</ns0:codeCategorieFondsSilo><ns0:libelleCategorieFondsSilo>OPCVM à tendance actions</ns0:libelleCategorieFondsSilo><ns0:tauxRepartitionSupportInvestissement>1.0</ns0:tauxRepartitionSupportInvestissement><ns0:deviseFonds>USD</ns0:deviseFonds></ns0:SupportInvestissement></ns0:OccurenceStructureInvestissement><ns0:OccurenceStructureInvestissement><ns0:identifiantOccurenceStructureInvestissement>SF_3600067 SI_3521 SI_3508 SI_3526 SU_3166</ns0:identifiantOccurenceStructureInvestissement><ns0:identifiantOccurenceParentStructureInvestissement>SF_3600067 SI_3521 SI_3508 SI_3526</ns0:identifiantOccurenceParentStructureInvestissement><ns0:codeNatureSupportInvestissement>UNICPT</ns0:codeNatureSupportInvestissement><ns0:libelleNatureSupportInvestissement>UC</ns0:libelleNatureSupportInvestissement><ns0:codeNatureSupportInvestissementSilo>UC</ns0:codeNatureSupportInvestissementSilo><ns0:SupportInvestissement><ns0:identifiantSupportInvestissement>3166</ns0:identifiantSupportInvestissement><ns0:codeISIN>IE0031503448</ns0:codeISIN><ns0:nomSupportInvestissement>RIC PLC - INVEST JAPAN EQUITY F</ns0:nomSupportInvestissement><ns0:codeCategorieFonds>OPACT</ns0:codeCategorieFonds><ns0:libelleCategorieFonds>OPCVM à tendance actions</ns0:libelleCategorieFonds><ns0:codeCategorieFondsSilo>PAC</ns0:codeCategorieFondsSilo><ns0:libelleCategorieFondsSilo>OPCVM à tendance actions</ns0:libelleCategorieFondsSilo><ns0:tauxRepartitionSupportInvestissement>1.0</ns0:tauxRepartitionSupportInvestissement><ns0:deviseFonds>EUR</ns0:deviseFonds></ns0:SupportInvestissement></ns0:OccurenceStructureInvestissement><ns0:OccurenceStructureInvestissement><ns0:identifiantOccurenceStructureInvestissement>SF_3600067 SI_3518 SI_3508 SI_3524</ns0:identifiantOccurenceStructureInvestissement><ns0:identifiantOccurenceParentStructureInvestissement>SF_3600067 SI_3518 SI_3508</ns0:identifiantOccurenceParentStructureInvestissement><ns0:codeNatureSupportInvestissement>UNICPT</ns0:codeNatureSupportInvestissement><ns0:libelleNatureSupportInvestissement>UC</ns0:libelleNatureSupportInvestissement><ns0:codeNatureSupportInvestissementSilo>UC</ns0:codeNatureSupportInvestissementSilo><ns0:libelleNatureSupportInvestissementSilo>Unité de Compte</ns0:libelleNatureSupportInvestissementSilo><ns0:ProfilInvestissement><ns0:identifiantProfilInvestissement>3524</ns0:identifiantProfilInvestissement><ns0:nomProfilInvestissement>Actions Europe</ns0:nomProfilInvestissement><ns0:tauxRepartitionProfilInvestissement>0.65</ns0:tauxRepartitionProfilInvestissement><ns0:indicateurTauxDerogeableProfilInvestissement>false</ns0:indicateurTauxDerogeableProfilInvestissement></ns0:ProfilInvestissement></ns0:OccurenceStructureInvestissement><ns0:OccurenceStructureInvestissement><ns0:identifiantOccurenceStructureInvestissement>SF_3600067 SI_3518 SI_3508 SI_3526</ns0:identifiantOccurenceStructureInvestissement><ns0:identifiantOccurenceParentStructureInvestissement>SF_3600067 SI_3518 SI_3508</ns0:identifiantOccurenceParentStructureInvestissement><ns0:codeNatureSupportInvestissement>UNICPT</ns0:codeNatureSupportInvestissement><ns0:libelleNatureSupportInvestissement>UC</ns0:libelleNatureSupportInvestissement><ns0:codeNatureSupportInvestissementSilo>UC</ns0:codeNatureSupportInvestissementSilo><ns0:libelleNatureSupportInvestissementSilo>Unité de Compte</ns0:libelleNatureSupportInvestissementSilo><ns0:ProfilInvestissement><ns0:identifiantProfilInvestissement>3526</ns0:identifiantProfilInvestissement><ns0:nomProfilInvestissement>Actions Japon</ns0:nomProfilInvestissement><ns0:tauxRepartitionProfilInvestissement>0.05</ns0:tauxRepartitionProfilInvestissement><ns0:indicateurTauxDerogeableProfilInvestissement>false</ns0:indicateurTauxDerogeableProfilInvestissement></ns0:ProfilInvestissement></ns0:OccurenceStructureInvestissement><ns0:OccurenceStructureInvestissement><ns0:identifiantOccurenceStructureInvestissement>SF_3600067 SI_3518 SI_3508 SI_3527</ns0:identifiantOccurenceStructureInvestissement><ns0:identifiantOccurenceParentStructureInvestissement>SF_3600067 SI_3518 SI_3508</ns0:identifiantOccurenceParentStructureInvestissement><ns0:codeNatureSupportInvestissement>UNICPT</ns0:codeNatureSupportInvestissement><ns0:libelleNatureSupportInvestissement>UC</ns0:libelleNatureSupportInvestissement><ns0:codeNatureSupportInvestissementSilo>UC</ns0:codeNatureSupportInvestissementSilo><ns0:libelleNatureSupportInvestissementSilo>Unité de Compte</ns0:libelleNatureSupportInvestissementSilo><ns0:ProfilInvestissement><ns0:identifiantProfilInvestissement>3527</ns0:identifiantProfilInvestissement><ns0:nomProfilInvestissement>Actions Pays Emergents</ns0:nomProfilInvestissement><ns0:tauxRepartitionProfilInvestissement>0.05</ns0:tauxRepartitionProfilInvestissement><ns0:indicateurTauxDerogeableProfilInvestissement>false</ns0:indicateurTauxDerogeableProfilInvestissement></ns0:ProfilInvestissement></ns0:OccurenceStructureInvestissement><ns0:OccurenceStructureInvestissement><ns0:identifiantOccurenceStructureInvestissement>SF_3600067 SI_3518 SI_3508 SI_3525</ns0:identifiantOccurenceStructureInvestissement><ns0:identifiantOccurenceParentStructureInvestissement>SF_3600067 SI_3518 SI_3508</ns0:identifiantOccurenceParentStructureInvestissement><ns0:codeNatureSupportInvestissement>UNICPT</ns0:codeNatureSupportInvestissement><ns0:libelleNatureSupportInvestissement>UC</ns0:libelleNatureSupportInvestissement><ns0:codeNatureSupportInvestissementSilo>UC</ns0:codeNatureSupportInvestissementSilo><ns0:libelleNatureSupportInvestissementSilo>Unité de Compte</ns0:libelleNatureSupportInvestissementSilo><ns0:ProfilInvestissement><ns0:identifiantProfilInvestissement>3525</ns0:identifiantProfilInvestissement><ns0:nomProfilInvestissement>Actions Etats-Unis</ns0:nomProfilInvestissement><ns0:tauxRepartitionProfilInvestissement>0.25</ns0:tauxRepartitionProfilInvestissement><ns0:indicateurTauxDerogeableProfilInvestissement>false</ns0:indicateurTauxDerogeableProfilInvestissement></ns0:ProfilInvestissement></ns0:OccurenceStructureInvestissement><ns0:OccurenceStructureInvestissement><ns0:identifiantOccurenceStructureInvestissement>SF_3600067 SI_3518 SI_3506 SU_4316</ns0:identifiantOccurenceStructureInvestissement><ns0:identifiantOccurenceParentStructureInvestissement>SF_3600067 SI_3518 SI_3506</ns0:identifiantOccurenceParentStructureInvestissement><ns0:codeNatureSupportInvestissement>FDSGES</ns0:codeNatureSupportInvestissement><ns0:libelleNatureSupportInvestissement>Fonds Euro</ns0:libelleNatureSupportInvestissement><ns0:codeNatureSupportInvestissementSilo>FG</ns0:codeNatureSupportInvestissementSilo><ns0:SupportInvestissement><ns0:identifiantSupportInvestissement>4316</ns0:identifiantSupportInvestissement><ns0:nomSupportInvestissement>Fonds en Euro</ns0:nomSupportInvestissement><ns0:codeCategorieFonds>FDPR</ns0:codeCategorieFonds><ns0:libelleCategorieFonds>Fonds propres</ns0:libelleCategorieFonds><ns0:codeCategorieFondsSilo>FPR</ns0:codeCategorieFondsSilo><ns0:libelleCategorieFondsSilo>Fonds propres</ns0:libelleCategorieFondsSilo><ns0:tauxRepartitionSupportInvestissement>1.0</ns0:tauxRepartitionSupportInvestissement><ns0:deviseFonds>EUR</ns0:deviseFonds></ns0:SupportInvestissement></ns0:OccurenceStructureInvestissement><ns0:OccurenceStructureInvestissement><ns0:identifiantOccurenceStructureInvestissement>SF_3600067 SI_3520 SI_3508 SI_3524 SU_3161</ns0:identifiantOccurenceStructureInvestissement><ns0:identifiantOccurenceParentStructureInvestissement>SF_3600067 SI_3520 SI_3508 SI_3524</ns0:identifiantOccurenceParentStructureInvestissement><ns0:codeNatureSupportInvestissement>UNICPT</ns0:codeNatureSupportInvestissement><ns0:libelleNatureSupportInvestissement>UC</ns0:libelleNatureSupportInvestissement><ns0:codeNatureSupportInvestissementSilo>UC</ns0:codeNatureSupportInvestissementSilo><ns0:SupportInvestissement><ns0:identifiantSupportInvestissement>3161</ns0:identifiantSupportInvestissement><ns0:codeISIN>IE0031180304</ns0:codeISIN><ns0:nomSupportInvestissement>RIC II PLC - INV PAN EUROP EQU F</ns0:nomSupportInvestissement><ns0:codeCategorieFonds>OPACT</ns0:codeCategorieFonds><ns0:libelleCategorieFonds>OPCVM à tendance actions</ns0:libelleCategorieFonds><ns0:codeCategorieFondsSilo>PAC</ns0:codeCategorieFondsSilo><ns0:libelleCategorieFondsSilo>OPCVM à tendance actions</ns0:libelleCategorieFondsSilo><ns0:tauxRepartitionSupportInvestissement>0.3077</ns0:tauxRepartitionSupportInvestissement><ns0:deviseFonds>EUR</ns0:deviseFonds></ns0:SupportInvestissement></ns0:OccurenceStructureInvestissement><ns0:OccurenceStructureInvestissement><ns0:identifiantOccurenceStructureInvestissement>SF_3600067 SI_3520 SI_3508 SI_3524 SU_3303</ns0:identifiantOccurenceStructureInvestissement><ns0:identifiantOccurenceParentStructureInvestissement>SF_3600067 SI_3520 SI_3508 SI_3524</ns0:identifiantOccurenceParentStructureInvestissement><ns0:codeNatureSupportInvestissement>UNICPT</ns0:codeNatureSupportInvestissement><ns0:libelleNatureSupportInvestissement>UC</ns0:libelleNatureSupportInvestissement><ns0:codeNatureSupportInvestissementSilo>UC</ns0:codeNatureSupportInvestissementSilo><ns0:SupportInvestissement><ns0:identifiantSupportInvestissement>3303</ns0:identifiantSupportInvestissement><ns0:codeISIN>IE00B0DD1V33</ns0:codeISIN><ns0:nomSupportInvestissement>MSMM EUROZONE EQ FUND A</ns0:nomSupportInvestissement><ns0:codeCategorieFonds>OPACT</ns0:codeCategorieFonds><ns0:libelleCategorieFonds>OPCVM à tendance actions</ns0:libelleCategorieFonds><ns0:codeCategorieFondsSilo>PAC</ns0:codeCategorieFondsSilo><ns0:libelleCategorieFondsSilo>OPCVM à tendance actions</ns0:libelleCategorieFondsSilo><ns0:tauxRepartitionSupportInvestissement>0.2308</ns0:tauxRepartitionSupportInvestissement><ns0:deviseFonds>EUR</ns0:deviseFonds></ns0:SupportInvestissement></ns0:OccurenceStructureInvestissement><ns0:OccurenceStructureInvestissement><ns0:identifiantOccurenceStructureInvestissement>SF_3600067 SI_3520 SI_3508 SI_3524 SU_3160</ns0:identifiantOccurenceStructureInvestissement><ns0:identifiantOccurenceParentStructureInvestissement>SF_3600067 SI_3520 SI_3508 SI_3524</ns0:identifiantOccurenceParentStructureInvestissement><ns0:codeNatureSupportInvestissement>UNICPT</ns0:codeNatureSupportInvestissement><ns0:libelleNatureSupportInvestissement>UC</ns0:libelleNatureSupportInvestissement><ns0:codeNatureSupportInvestissementSilo>UC</ns0:codeNatureSupportInvestissementSilo><ns0:SupportInvestissement><ns0:identifiantSupportInvestissement>3160</ns0:identifiantSupportInvestissement><ns0:codeISIN>IE0007356581</ns0:codeISIN><ns0:nomSupportInvestissement>RIC PLC - INV CONTI EUROP EQUI C</ns0:nomSupportInvestissement><ns0:codeCategorieFonds>OPACT</ns0:codeCategorieFonds><ns0:libelleCategorieFonds>OPCVM à tendance actions</ns0:libelleCategorieFonds><ns0:codeCategorieFondsSilo>PAC</ns0:codeCategorieFondsSilo><ns0:libelleCategorieFondsSilo>OPCVM à tendance actions</ns0:libelleCategorieFondsSilo><ns0:tauxRepartitionSupportInvestissement>0.3077</ns0:tauxRepartitionSupportInvestissement><ns0:deviseFonds>EUR</ns0:deviseFonds></ns0:SupportInvestissement></ns0:OccurenceStructureInvestissement><ns0:OccurenceStructureInvestissement><ns0:identifiantOccurenceStructureInvestissement>SF_3600067 SI_3520 SI_3508 SI_3524 SU_3162</ns0:identifiantOccurenceStructureInvestissement><ns0:identifiantOccurenceParentStructureInvestissement>SF_3600067 SI_3520 SI_3508 SI_3524</ns0:identifiantOccurenceParentStructureInvestissement><ns0:codeNatureSupportInvestissement>UNICPT</ns0:codeNatureSupportInvestissement><ns0:libelleNatureSupportInvestissement>UC</ns0:libelleNatureSupportInvestissement><ns0:codeNatureSupportInvestissementSilo>UC</ns0:codeNatureSupportInvestissementSilo><ns0:SupportInvestissement><ns0:identifiantSupportInvestissement>3162</ns0:identifiantSupportInvestissement><ns0:codeISIN>IE0004307934</ns0:codeISIN><ns0:nomSupportInvestissement>MSMM  European Small Cap Eq</ns0:nomSupportInvestissement><ns0:codeCategorieFonds>OPACT</ns0:codeCategorieFonds><ns0:libelleCategorieFonds>OPCVM à tendance actions</ns0:libelleCategorieFonds><ns0:codeCategorieFondsSilo>PAC</ns0:codeCategorieFondsSilo><ns0:libelleCategorieFondsSilo>OPCVM à tendance actions</ns0:libelleCategorieFondsSilo><ns0:tauxRepartitionSupportInvestissement>0.1538</ns0:tauxRepartitionSupportInvestissement><ns0:deviseFonds>EUR</ns0:deviseFonds></ns0:SupportInvestissement></ns0:OccurenceStructureInvestissement><ns0:OccurenceStructureInvestissement><ns0:identifiantOccurenceStructureInvestissement>SF_3600067 SI_3520 SI_3508 SI_3527 SU_3167</ns0:identifiantOccurenceStructureInvestissement><ns0:identifiantOccurenceParentStructureInvestissement>SF_3600067 SI_3520 SI_3508 SI_3527</ns0:identifiantOccurenceParentStructureInvestissement><ns0:codeNatureSupportInvestissement>UNICPT</ns0:codeNatureSupportInvestissement><ns0:libelleNatureSupportInvestissement>UC</ns0:libelleNatureSupportInvestissement><ns0:codeNatureSupportInvestissementSilo>UC</ns0:codeNatureSupportInvestissementSilo><ns0:SupportInvestissement><ns0:identifiantSupportInvestissement>3167</ns0:identifiantSupportInvestissement><ns0:codeISIN>IE0003502493</ns0:codeISIN><ns0:nomSupportInvestissement>RIC Emerging Markets Eq B</ns0:nomSupportInvestissement><ns0:codeCategorieFonds>OPACT</ns0:codeCategorieFonds><ns0:libelleCategorieFonds>OPCVM à tendance actions</ns0:libelleCategorieFonds><ns0:codeCategorieFondsSilo>PAC</ns0:codeCategorieFondsSilo><ns0:libelleCategorieFondsSilo>OPCVM à tendance actions</ns0:libelleCategorieFondsSilo><ns0:tauxRepartitionSupportInvestissement>1.0</ns0:tauxRepartitionSupportInvestissement><ns0:deviseFonds>USD</ns0:deviseFonds></ns0:SupportInvestissement></ns0:OccurenceStructureInvestissement><ns0:OccurenceStructureInvestissement><ns0:identifiantOccurenceStructureInvestissement>SF_3600067 SI_3520 SI_3508 SI_3526 SU_3166</ns0:identifiantOccurenceStructureInvestissement><ns0:identifiantOccurenceParentStructureInvestissement>SF_3600067 SI_3520 SI_3508 SI_3526</ns0:identifiantOccurenceParentStructureInvestissement><ns0:codeNatureSupportInvestissement>UNICPT</ns0:codeNatureSupportInvestissement><ns0:libelleNatureSupportInvestissement>UC</ns0:libelleNatureSupportInvestissement><ns0:codeNatureSupportInvestissementSilo>UC</ns0:codeNatureSupportInvestissementSilo><ns0:SupportInvestissement><ns0:identifiantSupportInvestissement>3166</ns0:identifiantSupportInvestissement><ns0:codeISIN>IE0031503448</ns0:codeISIN><ns0:nomSupportInvestissement>RIC PLC - INVEST JAPAN EQUITY F</ns0:nomSupportInvestissement><ns0:codeCategorieFonds>OPACT</ns0:codeCategorieFonds><ns0:libelleCategorieFonds>OPCVM à tendance actions</ns0:libelleCategorieFonds><ns0:codeCategorieFondsSilo>PAC</ns0:codeCategorieFondsSilo><ns0:libelleCategorieFondsSilo>OPCVM à tendance actions</ns0:libelleCategorieFondsSilo><ns0:tauxRepartitionSupportInvestissement>1.0</ns0:tauxRepartitionSupportInvestissement><ns0:deviseFonds>EUR</ns0:deviseFonds></ns0:SupportInvestissement></ns0:OccurenceStructureInvestissement><ns0:OccurenceStructureInvestissement><ns0:identifiantOccurenceStructureInvestissement>SF_3600067 SI_3520 SI_3508 SI_3525 SU_3164</ns0:identifiantOccurenceStructureInvestissement><ns0:identifiantOccurenceParentStructureInvestissement>SF_3600067 SI_3520 SI_3508 SI_3525</ns0:identifiantOccurenceParentStructureInvestissement><ns0:codeNatureSupportInvestissement>UNICPT</ns0:codeNatureSupportInvestissement><ns0:libelleNatureSupportInvestissement>UC</ns0:libelleNatureSupportInvestissement><ns0:codeNatureSupportInvestissementSilo>UC</ns0:codeNatureSupportInvestissementSilo><ns0:SupportInvestissement><ns0:identifiantSupportInvestissement>3164</ns0:identifiantSupportInvestissement><ns0:codeISIN>IE0031179298</ns0:codeISIN><ns0:nomSupportInvestissement>RIC 2 PLC - INVEST US QUANT FD C</ns0:nomSupportInvestissement><ns0:codeCategorieFonds>OPACT</ns0:codeCategorieFonds><ns0:libelleCategorieFonds>OPCVM à tendance actions</ns0:libelleCategorieFonds><ns0:codeCategorieFondsSilo>PAC</ns0:codeCategorieFondsSilo><ns0:libelleCategorieFondsSilo>OPCVM à tendance actions</ns0:libelleCategorieFondsSilo><ns0:tauxRepartitionSupportInvestissement>0.4</ns0:tauxRepartitionSupportInvestissement><ns0:deviseFonds>EUR</ns0:deviseFonds></ns0:SupportInvestissement></ns0:OccurenceStructureInvestissement><ns0:OccurenceStructureInvestissement><ns0:identifiantOccurenceStructureInvestissement>SF_3600067 SI_3520 SI_3508 SI_3525 SU_3163</ns0:identifiantOccurenceStructureInvestissement><ns0:identifiantOccurenceParentStructureInvestissement>SF_3600067 SI_3520 SI_3508 SI_3525</ns0:identifiantOccurenceParentStructureInvestissement><ns0:codeNatureSupportInvestissement>UNICPT</ns0:codeNatureSupportInvestissement><ns0:libelleNatureSupportInvestissement>UC</ns0:libelleNatureSupportInvestissement><ns0:codeNatureSupportInvestissementSilo>UC</ns0:codeNatureSupportInvestissementSilo><ns0:SupportInvestissement><ns0:identifiantSupportInvestissement>3163</ns0:identifiantSupportInvestissement><ns0:codeISIN>IE0003507831</ns0:codeISIN><ns0:nomSupportInvestissement>RIC PLC - INVEST US EQUITY B</ns0:nomSupportInvestissement><ns0:codeCategorieFonds>OPACT</ns0:codeCategorieFonds><ns0:libelleCategorieFonds>OPCVM à tendance actions</ns0:libelleCategorieFonds><ns0:codeCategorieFondsSilo>PAC</ns0:codeCategorieFondsSilo><ns0:libelleCategorieFondsSilo>OPCVM à tendance actions</ns0:libelleCategorieFondsSilo><ns0:tauxRepartitionSupportInvestissement>0.6</ns0:tauxRepartitionSupportInvestissement><ns0:deviseFonds>USD</ns0:deviseFonds></ns0:SupportInvestissement></ns0:OccurenceStructureInvestissement><ns0:OccurenceStructureInvestissement><ns0:identifiantOccurenceStructureInvestissement>SF_3600067 SI_3517 SI_3506</ns0:identifiantOccurenceStructureInvestissement><ns0:identifiantOccurenceParentStructureInvestissement>SF_3600067 SI_3517</ns0:identifiantOccurenceParentStructureInvestissement><ns0:codeNatureSupportInvestissement>FDSGES</ns0:codeNatureSupportInvestissement><ns0:libelleNatureSupportInvestissement>Fonds Euro</ns0:libelleNatureSupportInvestissement><ns0:codeNatureSupportInvestissementSilo>FG</ns0:codeNatureSupportInvestissementSilo><ns0:libelleNatureSupportInvestissementSilo>Fond en Devises</ns0:libelleNatureSupportInvestissementSilo><ns0:ProfilInvestissement><ns0:identifiantProfilInvestissement>3506</ns0:identifiantProfilInvestissement><ns0:nomProfilInvestissement>Fonds en Euro</ns0:nomProfilInvestissement><ns0:tauxRepartitionProfilInvestissement>1.0</ns0:tauxRepartitionProfilInvestissement><ns0:indicateurTauxDerogeableProfilInvestissement>false</ns0:indicateurTauxDerogeableProfilInvestissement></ns0:ProfilInvestissement></ns0:OccurenceStructureInvestissement><ns0:OccurenceStructureInvestissement><ns0:identifiantOccurenceStructureInvestissement>SF_3600067 SI_3519 SI_3506</ns0:identifiantOccurenceStructureInvestissement><ns0:identifiantOccurenceParentStructureInvestissement>SF_3600067 SI_3519</ns0:identifiantOccurenceParentStructureInvestissement><ns0:codeNatureSupportInvestissement>FDSGES</ns0:codeNatureSupportInvestissement><ns0:libelleNatureSupportInvestissement>Fonds Euro</ns0:libelleNatureSupportInvestissement><ns0:codeNatureSupportInvestissementSilo>FG</ns0:codeNatureSupportInvestissementSilo><ns0:libelleNatureSupportInvestissementSilo>Fond en Devises</ns0:libelleNatureSupportInvestissementSilo><ns0:ProfilInvestissement><ns0:identifiantProfilInvestissement>3506</ns0:identifiantProfilInvestissement><ns0:nomProfilInvestissement>Fonds en Euro</ns0:nomProfilInvestissement><ns0:tauxRepartitionProfilInvestissement>0.65</ns0:tauxRepartitionProfilInvestissement><ns0:indicateurTauxDerogeableProfilInvestissement>false</ns0:indicateurTauxDerogeableProfilInvestissement></ns0:ProfilInvestissement></ns0:OccurenceStructureInvestissement><ns0:OccurenceStructureInvestissement><ns0:identifiantOccurenceStructureInvestissement>SF_3600067 SI_3519 SI_3508</ns0:identifiantOccurenceStructureInvestissement><ns0:identifiantOccurenceParentStructureInvestissement>SF_3600067 SI_3519</ns0:identifiantOccurenceParentStructureInvestissement><ns0:codeNatureSupportInvestissement>UNICPT</ns0:codeNatureSupportInvestissement><ns0:libelleNatureSupportInvestissement>UC</ns0:libelleNatureSupportInvestissement><ns0:codeNatureSupportInvestissementSilo>UC</ns0:codeNatureSupportInvestissementSilo><ns0:libelleNatureSupportInvestissementSilo>Unité de Compte</ns0:libelleNatureSupportInvestissementSilo><ns0:ProfilInvestissement><ns0:identifiantProfilInvestissement>3508</ns0:identifiantProfilInvestissement><ns0:nomProfilInvestissement>Actions</ns0:nomProfilInvestissement><ns0:tauxRepartitionProfilInvestissement>0.35</ns0:tauxRepartitionProfilInvestissement><ns0:indicateurTauxDerogeableProfilInvestissement>false</ns0:indicateurTauxDerogeableProfilInvestissement></ns0:ProfilInvestissement></ns0:OccurenceStructureInvestissement><ns0:OccurenceStructureInvestissement><ns0:identifiantOccurenceStructureInvestissement>SF_3600067 SI_3520 SI_3506 SU_4316</ns0:identifiantOccurenceStructureInvestissement><ns0:identifiantOccurenceParentStructureInvestissement>SF_3600067 SI_3520 SI_3506</ns0:identifiantOccurenceParentStructureInvestissement><ns0:codeNatureSupportInvestissement>FDSGES</ns0:codeNatureSupportInvestissement><ns0:libelleNatureSupportInvestissement>Fonds Euro</ns0:libelleNatureSupportInvestissement><ns0:codeNatureSupportInvestissementSilo>FG</ns0:codeNatureSupportInvestissementSilo><ns0:SupportInvestissement><ns0:identifiantSupportInvestissement>4316</ns0:identifiantSupportInvestissement><ns0:nomSupportInvestissement>Fonds en Euro</ns0:nomSupportInvestissement><ns0:codeCategorieFonds>FDPR</ns0:codeCategorieFonds><ns0:libelleCategorieFonds>Fonds propres</ns0:libelleCategorieFonds><ns0:codeCategorieFondsSilo>FPR</ns0:codeCategorieFondsSilo><ns0:libelleCategorieFondsSilo>Fonds propres</ns0:libelleCategorieFondsSilo><ns0:tauxRepartitionSupportInvestissement>1.0</ns0:tauxRepartitionSupportInvestissement><ns0:deviseFonds>EUR</ns0:deviseFonds></ns0:SupportInvestissement></ns0:OccurenceStructureInvestissement><ns0:OccurenceStructureInvestissement><ns0:identifiantOccurenceStructureInvestissement>SF_3600067 SI_3518 SI_3506</ns0:identifiantOccurenceStructureInvestissement><ns0:identifiantOccurenceParentStructureInvestissement>SF_3600067 SI_3518</ns0:identifiantOccurenceParentStructureInvestissement><ns0:codeNatureSupportInvestissement>FDSGES</ns0:codeNatureSupportInvestissement><ns0:libelleNatureSupportInvestissement>Fonds Euro</ns0:libelleNatureSupportInvestissement><ns0:codeNatureSupportInvestissementSilo>FG</ns0:codeNatureSupportInvestissementSilo><ns0:libelleNatureSupportInvestissementSilo>Fond en Devises</ns0:libelleNatureSupportInvestissementSilo><ns0:ProfilInvestissement><ns0:identifiantProfilInvestissement>3506</ns0:identifiantProfilInvestissement><ns0:nomProfilInvestissement>Fonds en Euro</ns0:nomProfilInvestissement><ns0:tauxRepartitionProfilInvestissement>0.8</ns0:tauxRepartitionProfilInvestissement><ns0:indicateurTauxDerogeableProfilInvestissement>false</ns0:indicateurTauxDerogeableProfilInvestissement></ns0:ProfilInvestissement></ns0:OccurenceStructureInvestissement><ns0:OccurenceStructureInvestissement><ns0:identifiantOccurenceStructureInvestissement>SF_3600067 SI_3518 SI_3508</ns0:identifiantOccurenceStructureInvestissement><ns0:identifiantOccurenceParentStructureInvestissement>SF_3600067 SI_3518</ns0:identifiantOccurenceParentStructureInvestissement><ns0:codeNatureSupportInvestissement>UNICPT</ns0:codeNatureSupportInvestissement><ns0:libelleNatureSupportInvestissement>UC</ns0:libelleNatureSupportInvestissement><ns0:codeNatureSupportInvestissementSilo>UC</ns0:codeNatureSupportInvestissementSilo><ns0:libelleNatureSupportInvestissementSilo>Unité de Compte</ns0:libelleNatureSupportInvestissementSilo><ns0:ProfilInvestissement><ns0:identifiantProfilInvestissement>3508</ns0:identifiantProfilInvestissement><ns0:nomProfilInvestissement>Actions</ns0:nomProfilInvestissement><ns0:tauxRepartitionProfilInvestissement>0.2</ns0:tauxRepartitionProfilInvestissement><ns0:indicateurTauxDerogeableProfilInvestissement>false</ns0:indicateurTauxDerogeableProfilInvestissement></ns0:ProfilInvestissement></ns0:OccurenceStructureInvestissement><ns0:OccurenceStructureInvestissement><ns0:identifiantOccurenceStructureInvestissement>SF_3600067 SI_3520 SI_3508 SI_3524</ns0:identifiantOccurenceStructureInvestissement><ns0:identifiantOccurenceParentStructureInvestissement>SF_3600067 SI_3520 SI_3508</ns0:identifiantOccurenceParentStructureInvestissement><ns0:codeNatureSupportInvestissement>UNICPT</ns0:codeNatureSupportInvestissement><ns0:libelleNatureSupportInvestissement>UC</ns0:libelleNatureSupportInvestissement><ns0:codeNatureSupportInvestissementSilo>UC</ns0:codeNatureSupportInvestissementSilo><ns0:libelleNatureSupportInvestissementSilo>Unité de Compte</ns0:libelleNatureSupportInvestissementSilo><ns0:ProfilInvestissement><ns0:identifiantProfilInvestissement>3524</ns0:identifiantProfilInvestissement><ns0:nomProfilInvestissement>Actions Europe</ns0:nomProfilInvestissement><ns0:tauxRepartitionProfilInvestissement>0.65</ns0:tauxRepartitionProfilInvestissement><ns0:indicateurTauxDerogeableProfilInvestissement>false</ns0:indicateurTauxDerogeableProfilInvestissement></ns0:ProfilInvestissement></ns0:OccurenceStructureInvestissement><ns0:OccurenceStructureInvestissement><ns0:identifiantOccurenceStructureInvestissement>SF_3600067 SI_3520 SI_3508 SI_3526</ns0:identifiantOccurenceStructureInvestissement><ns0:identifiantOccurenceParentStructureInvestissement>SF_3600067 SI_3520 SI_3508</ns0:identifiantOccurenceParentStructureInvestissement><ns0:codeNatureSupportInvestissement>UNICPT</ns0:codeNatureSupportInvestissement><ns0:libelleNatureSupportInvestissement>UC</ns0:libelleNatureSupportInvestissement><ns0:codeNatureSupportInvestissementSilo>UC</ns0:codeNatureSupportInvestissementSilo><ns0:libelleNatureSupportInvestissementSilo>Unité de Compte</ns0:libelleNatureSupportInvestissementSilo><ns0:ProfilInvestissement><ns0:identifiantProfilInvestissement>3526</ns0:identifiantProfilInvestissement><ns0:nomProfilInvestissement>Actions Japon</ns0:nomProfilInvestissement><ns0:tauxRepartitionProfilInvestissement>0.05</ns0:tauxRepartitionProfilInvestissement><ns0:indicateurTauxDerogeableProfilInvestissement>false</ns0:indicateurTauxDerogeableProfilInvestissement></ns0:ProfilInvestissement></ns0:OccurenceStructureInvestissement><ns0:OccurenceStructureInvestissement><ns0:identifiantOccurenceStructureInvestissement>SF_3600067 SI_3520 SI_3508 SI_3527</ns0:identifiantOccurenceStructureInvestissement><ns0:identifiantOccurenceParentStructureInvestissement>SF_3600067 SI_3520 SI_3508</ns0:identifiantOccurenceParentStructureInvestissement><ns0:codeNatureSupportInvestissement>UNICPT</ns0:codeNatureSupportInvestissement><ns0:libelleNatureSupportInvestissement>UC</ns0:libelleNatureSupportInvestissement><ns0:codeNatureSupportInvestissementSilo>UC</ns0:codeNatureSupportInvestissementSilo><ns0:libelleNatureSupportInvestissementSilo>Unité de Compte</ns0:libelleNatureSupportInvestissementSilo><ns0:ProfilInvestissement><ns0:identifiantProfilInvestissement>3527</ns0:identifiantProfilInvestissement><ns0:nomProfilInvestissement>Actions Pays Emergents</ns0:nomProfilInvestissement><ns0:tauxRepartitionProfilInvestissement>0.05</ns0:tauxRepartitionProfilInvestissement><ns0:indicateurTauxDerogeableProfilInvestissement>false</ns0:indicateurTauxDerogeableProfilInvestissement></ns0:ProfilInvestissement></ns0:OccurenceStructureInvestissement><ns0:OccurenceStructureInvestissement><ns0:identifiantOccurenceStructureInvestissement>SF_3600067 SI_3520 SI_3508 SI_3525</ns0:identifiantOccurenceStructureInvestissement><ns0:identifiantOccurenceParentStructureInvestissement>SF_3600067 SI_3520 SI_3508</ns0:identifiantOccurenceParentStructureInvestissement><ns0:codeNatureSupportInvestissement>UNICPT</ns0:codeNatureSupportInvestissement><ns0:libelleNatureSupportInvestissement>UC</ns0:libelleNatureSupportInvestissement><ns0:codeNatureSupportInvestissementSilo>UC</ns0:codeNatureSupportInvestissementSilo><ns0:libelleNatureSupportInvestissementSilo>Unité de Compte</ns0:libelleNatureSupportInvestissementSilo><ns0:ProfilInvestissement><ns0:identifiantProfilInvestissement>3525</ns0:identifiantProfilInvestissement><ns0:nomProfilInvestissement>Actions Etats-Unis</ns0:nomProfilInvestissement><ns0:tauxRepartitionProfilInvestissement>0.25</ns0:tauxRepartitionProfilInvestissement><ns0:indicateurTauxDerogeableProfilInvestissement>false</ns0:indicateurTauxDerogeableProfilInvestissement></ns0:ProfilInvestissement></ns0:OccurenceStructureInvestissement><ns0:OccurenceStructureInvestissement><ns0:identifiantOccurenceStructureInvestissement>SF_3600067 SI_3517 SI_3506 SU_4316</ns0:identifiantOccurenceStructureInvestissement><ns0:identifiantOccurenceParentStructureInvestissement>SF_3600067 SI_3517 SI_3506</ns0:identifiantOccurenceParentStructureInvestissement><ns0:codeNatureSupportInvestissement>FDSGES</ns0:codeNatureSupportInvestissement><ns0:libelleNatureSupportInvestissement>Fonds Euro</ns0:libelleNatureSupportInvestissement><ns0:codeNatureSupportInvestissementSilo>FG</ns0:codeNatureSupportInvestissementSilo><ns0:SupportInvestissement><ns0:identifiantSupportInvestissement>4316</ns0:identifiantSupportInvestissement><ns0:nomSupportInvestissement>Fonds en Euro</ns0:nomSupportInvestissement><ns0:codeCategorieFonds>FDPR</ns0:codeCategorieFonds><ns0:libelleCategorieFonds>Fonds propres</ns0:libelleCategorieFonds><ns0:codeCategorieFondsSilo>FPR</ns0:codeCategorieFondsSilo><ns0:libelleCategorieFondsSilo>Fonds propres</ns0:libelleCategorieFondsSilo><ns0:tauxRepartitionSupportInvestissement>1.0</ns0:tauxRepartitionSupportInvestissement><ns0:deviseFonds>EUR</ns0:deviseFonds></ns0:SupportInvestissement></ns0:OccurenceStructureInvestissement><ns0:OccurenceStructureInvestissement><ns0:identifiantOccurenceStructureInvestissement>SF_3600067 SI_3519 SI_3506 SU_4316</ns0:identifiantOccurenceStructureInvestissement><ns0:identifiantOccurenceParentStructureInvestissement>SF_3600067 SI_3519 SI_3506</ns0:identifiantOccurenceParentStructureInvestissement><ns0:codeNatureSupportInvestissement>FDSGES</ns0:codeNatureSupportInvestissement><ns0:libelleNatureSupportInvestissement>Fonds Euro</ns0:libelleNatureSupportInvestissement><ns0:codeNatureSupportInvestissementSilo>FG</ns0:codeNatureSupportInvestissementSilo><ns0:SupportInvestissement><ns0:identifiantSupportInvestissement>4316</ns0:identifiantSupportInvestissement><ns0:nomSupportInvestissement>Fonds en Euro</ns0:nomSupportInvestissement><ns0:codeCategorieFonds>FDPR</ns0:codeCategorieFonds><ns0:libelleCategorieFonds>Fonds propres</ns0:libelleCategorieFonds><ns0:codeCategorieFondsSilo>FPR</ns0:codeCategorieFondsSilo><ns0:libelleCategorieFondsSilo>Fonds propres</ns0:libelleCategorieFondsSilo><ns0:tauxRepartitionSupportInvestissement>1.0</ns0:tauxRepartitionSupportInvestissement><ns0:deviseFonds>EUR</ns0:deviseFonds></ns0:SupportInvestissement></ns0:OccurenceStructureInvestissement><ns0:OccurenceStructureInvestissement><ns0:identifiantOccurenceStructureInvestissement>SF_3600067 SI_3520 SI_3508</ns0:identifiantOccurenceStructureInvestissement><ns0:identifiantOccurenceParentStructureInvestissement>SF_3600067 SI_3520</ns0:identifiantOccurenceParentStructureInvestissement><ns0:codeNatureSupportInvestissement>UNICPT</ns0:codeNatureSupportInvestissement><ns0:libelleNatureSupportInvestissement>UC</ns0:libelleNatureSupportInvestissement><ns0:codeNatureSupportInvestissementSilo>UC</ns0:codeNatureSupportInvestissementSilo><ns0:libelleNatureSupportInvestissementSilo>Unité de Compte</ns0:libelleNatureSupportInvestissementSilo><ns0:ProfilInvestissement><ns0:identifiantProfilInvestissement>3508</ns0:identifiantProfilInvestissement><ns0:nomProfilInvestissement>Actions</ns0:nomProfilInvestissement><ns0:tauxRepartitionProfilInvestissement>0.6</ns0:tauxRepartitionProfilInvestissement><ns0:indicateurTauxDerogeableProfilInvestissement>false</ns0:indicateurTauxDerogeableProfilInvestissement></ns0:ProfilInvestissement></ns0:OccurenceStructureInvestissement><ns0:OccurenceStructureInvestissement><ns0:identifiantOccurenceStructureInvestissement>SF_3600067 SI_3520 SI_3506</ns0:identifiantOccurenceStructureInvestissement><ns0:identifiantOccurenceParentStructureInvestissement>SF_3600067 SI_3520</ns0:identifiantOccurenceParentStructureInvestissement><ns0:codeNatureSupportInvestissement>FDSGES</ns0:codeNatureSupportInvestissement><ns0:libelleNatureSupportInvestissement>Fonds Euro</ns0:libelleNatureSupportInvestissement><ns0:codeNatureSupportInvestissementSilo>FG</ns0:codeNatureSupportInvestissementSilo><ns0:libelleNatureSupportInvestissementSilo>Fond en Devises</ns0:libelleNatureSupportInvestissementSilo><ns0:ProfilInvestissement><ns0:identifiantProfilInvestissement>3506</ns0:identifiantProfilInvestissement><ns0:nomProfilInvestissement>Fonds en Euro</ns0:nomProfilInvestissement><ns0:tauxRepartitionProfilInvestissement>0.4</ns0:tauxRepartitionProfilInvestissement><ns0:indicateurTauxDerogeableProfilInvestissement>false</ns0:indicateurTauxDerogeableProfilInvestissement></ns0:ProfilInvestissement></ns0:OccurenceStructureInvestissement><ns0:OccurenceStructureInvestissement><ns0:identifiantOccurenceStructureInvestissement>SF_3600067 SI_3521 SI_3508</ns0:identifiantOccurenceStructureInvestissement><ns0:identifiantOccurenceParentStructureInvestissement>SF_3600067 SI_3521</ns0:identifiantOccurenceParentStructureInvestissement><ns0:codeNatureSupportInvestissement>UNICPT</ns0:codeNatureSupportInvestissement><ns0:libelleNatureSupportInvestissement>UC</ns0:libelleNatureSupportInvestissement><ns0:codeNatureSupportInvestissementSilo>UC</ns0:codeNatureSupportInvestissementSilo><ns0:libelleNatureSupportInvestissementSilo>Unité de Compte</ns0:libelleNatureSupportInvestissementSilo><ns0:ProfilInvestissement><ns0:identifiantProfilInvestissement>3508</ns0:identifiantProfilInvestissement><ns0:nomProfilInvestissement>Actions</ns0:nomProfilInvestissement><ns0:tauxRepartitionProfilInvestissement>1.0</ns0:tauxRepartitionProfilInvestissement><ns0:indicateurTauxDerogeableProfilInvestissement>false</ns0:indicateurTauxDerogeableProfilInvestissement></ns0:ProfilInvestissement></ns0:OccurenceStructureInvestissement><ns0:OccurenceStructureInvestissement><ns0:identifiantOccurenceStructureInvestissement>SF_3600067 SI_3519 SI_3508 SI_3524</ns0:identifiantOccurenceStructureInvestissement><ns0:identifiantOccurenceParentStructureInvestissement>SF_3600067 SI_3519 SI_3508</ns0:identifiantOccurenceParentStructureInvestissement><ns0:codeNatureSupportInvestissement>UNICPT</ns0:codeNatureSupportInvestissement><ns0:libelleNatureSupportInvestissement>UC</ns0:libelleNatureSupportInvestissement><ns0:codeNatureSupportInvestissementSilo>UC</ns0:codeNatureSupportInvestissementSilo><ns0:libelleNatureSupportInvestissementSilo>Unité de Compte</ns0:libelleNatureSupportInvestissementSilo><ns0:ProfilInvestissement><ns0:identifiantProfilInvestissement>3524</ns0:identifiantProfilInvestissement><ns0:nomProfilInvestissement>Actions Europe</ns0:nomProfilInvestissement><ns0:tauxRepartitionProfilInvestissement>0.65</ns0:tauxRepartitionProfilInvestissement><ns0:indicateurTauxDerogeableProfilInvestissement>false</ns0:indicateurTauxDerogeableProfilInvestissement></ns0:ProfilInvestissement></ns0:OccurenceStructureInvestissement><ns0:OccurenceStructureInvestissement><ns0:identifiantOccurenceStructureInvestissement>SF_3600067 SI_3519 SI_3508 SI_3526</ns0:identifiantOccurenceStructureInvestissement><ns0:identifiantOccurenceParentStructureInvestissement>SF_3600067 SI_3519 SI_3508</ns0:identifiantOccurenceParentStructureInvestissement><ns0:codeNatureSupportInvestissement>UNICPT</ns0:codeNatureSupportInvestissement><ns0:libelleNatureSupportInvestissement>UC</ns0:libelleNatureSupportInvestissement><ns0:codeNatureSupportInvestissementSilo>UC</ns0:codeNatureSupportInvestissementSilo><ns0:libelleNatureSupportInvestissementSilo>Unité de Compte</ns0:libelleNatureSupportInvestissementSilo><ns0:ProfilInvestissement><ns0:identifiantProfilInvestissement>3526</ns0:identifiantProfilInvestissement><ns0:nomProfilInvestissement>Actions Japon</ns0:nomProfilInvestissement><ns0:tauxRepartitionProfilInvestissement>0.05</ns0:tauxRepartitionProfilInvestissement><ns0:indicateurTauxDerogeableProfilInvestissement>false</ns0:indicateurTauxDerogeableProfilInvestissement></ns0:ProfilInvestissement></ns0:OccurenceStructureInvestissement><ns0:OccurenceStructureInvestissement><ns0:identifiantOccurenceStructureInvestissement>SF_3600067 SI_3519 SI_3508 SI_3527</ns0:identifiantOccurenceStructureInvestissement><ns0:identifiantOccurenceParentStructureInvestissement>SF_3600067 SI_3519 SI_3508</ns0:identifiantOccurenceParentStructureInvestissement><ns0:codeNatureSupportInvestissement>UNICPT</ns0:codeNatureSupportInvestissement><ns0:libelleNatureSupportInvestissement>UC</ns0:libelleNatureSupportInvestissement><ns0:codeNatureSupportInvestissementSilo>UC</ns0:codeNatureSupportInvestissementSilo><ns0:libelleNatureSupportInvestissementSilo>Unité de Compte</ns0:libelleNatureSupportInvestissementSilo><ns0:ProfilInvestissement><ns0:identifiantProfilInvestissement>3527</ns0:identifiantProfilInvestissement><ns0:nomProfilInvestissement>Actions Pays Emergents</ns0:nomProfilInvestissement><ns0:tauxRepartitionProfilInvestissement>0.05</ns0:tauxRepartitionProfilInvestissement><ns0:indicateurTauxDerogeableProfilInvestissement>false</ns0:indicateurTauxDerogeableProfilInvestissement></ns0:ProfilInvestissement></ns0:OccurenceStructureInvestissement><ns0:OccurenceStructureInvestissement><ns0:identifiantOccurenceStructureInvestissement>SF_3600067 SI_3519 SI_3508 SI_3525</ns0:identifiantOccurenceStructureInvestissement><ns0:identifiantOccurenceParentStructureInvestissement>SF_3600067 SI_3519 SI_3508</ns0:identifiantOccurenceParentStructureInvestissement><ns0:codeNatureSupportInvestissement>UNICPT</ns0:codeNatureSupportInvestissement><ns0:libelleNatureSupportInvestissement>UC</ns0:libelleNatureSupportInvestissement><ns0:codeNatureSupportInvestissementSilo>UC</ns0:codeNatureSupportInvestissementSilo><ns0:libelleNatureSupportInvestissementSilo>Unité de Compte</ns0:libelleNatureSupportInvestissementSilo><ns0:ProfilInvestissement><ns0:identifiantProfilInvestissement>3525</ns0:identifiantProfilInvestissement><ns0:nomProfilInvestissement>Actions Etats-Unis</ns0:nomProfilInvestissement><ns0:tauxRepartitionProfilInvestissement>0.25</ns0:tauxRepartitionProfilInvestissement><ns0:indicateurTauxDerogeableProfilInvestissement>false</ns0:indicateurTauxDerogeableProfilInvestissement></ns0:ProfilInvestissement></ns0:OccurenceStructureInvestissement><ns0:OccurenceStructureInvestissement><ns0:identifiantOccurenceStructureInvestissement>SF_3600067 SI_3518 SI_3508 SI_3524 SU_3161</ns0:identifiantOccurenceStructureInvestissement><ns0:identifiantOccurenceParentStructureInvestissement>SF_3600067 SI_3518 SI_3508 SI_3524</ns0:identifiantOccurenceParentStructureInvestissement><ns0:codeNatureSupportInvestissement>UNICPT</ns0:codeNatureSupportInvestissement><ns0:libelleNatureSupportInvestissement>UC</ns0:libelleNatureSupportInvestissement><ns0:codeNatureSupportInvestissementSilo>UC</ns0:codeNatureSupportInvestissementSilo><ns0:SupportInvestissement><ns0:identifiantSupportInvestissement>3161</ns0:identifiantSupportInvestissement><ns0:codeISIN>IE0031180304</ns0:codeISIN><ns0:nomSupportInvestissement>RIC II PLC - INV PAN EUROP EQU F</ns0:nomSupportInvestissement><ns0:codeCategorieFonds>OPACT</ns0:codeCategorieFonds><ns0:libelleCategorieFonds>OPCVM à tendance actions</ns0:libelleCategorieFonds><ns0:codeCategorieFondsSilo>PAC</ns0:codeCategorieFondsSilo><ns0:libelleCategorieFondsSilo>OPCVM à tendance actions</ns0:libelleCategorieFondsSilo><ns0:tauxRepartitionSupportInvestissement>0.3077</ns0:tauxRepartitionSupportInvestissement><ns0:deviseFonds>EUR</ns0:deviseFonds></ns0:SupportInvestissement></ns0:OccurenceStructureInvestissement><ns0:OccurenceStructureInvestissement><ns0:identifiantOccurenceStructureInvestissement>SF_3600067 SI_3518 SI_3508 SI_3524 SU_3303</ns0:identifiantOccurenceStructureInvestissement><ns0:identifiantOccurenceParentStructureInvestissement>SF_3600067 SI_3518 SI_3508 SI_3524</ns0:identifiantOccurenceParentStructureInvestissement><ns0:codeNatureSupportInvestissement>UNICPT</ns0:codeNatureSupportInvestissement><ns0:libelleNatureSupportInvestissement>UC</ns0:libelleNatureSupportInvestissement><ns0:codeNatureSupportInvestissementSilo>UC</ns0:codeNatureSupportInvestissementSilo><ns0:SupportInvestissement><ns0:identifiantSupportInvestissement>3303</ns0:identifiantSupportInvestissement><ns0:codeISIN>IE00B0DD1V33</ns0:codeISIN><ns0:nomSupportInvestissement>MSMM EUROZONE EQ FUND A</ns0:nomSupportInvestissement><ns0:codeCategorieFonds>OPACT</ns0:codeCategorieFonds><ns0:libelleCategorieFonds>OPCVM à tendance actions</ns0:libelleCategorieFonds><ns0:codeCategorieFondsSilo>PAC</ns0:codeCategorieFondsSilo><ns0:libelleCategorieFondsSilo>OPCVM à tendance actions</ns0:libelleCategorieFondsSilo><ns0:tauxRepartitionSupportInvestissement>0.2308</ns0:tauxRepartitionSupportInvestissement><ns0:deviseFonds>EUR</ns0:deviseFonds></ns0:SupportInvestissement></ns0:OccurenceStructureInvestissement><ns0:OccurenceStructureInvestissement><ns0:identifiantOccurenceStructureInvestissement>SF_3600067 SI_3518 SI_3508 SI_3524 SU_3160</ns0:identifiantOccurenceStructureInvestissement><ns0:identifiantOccurenceParentStructureInvestissement>SF_3600067 SI_3518 SI_3508 SI_3524</ns0:identifiantOccurenceParentStructureInvestissement><ns0:codeNatureSupportInvestissement>UNICPT</ns0:codeNatureSupportInvestissement><ns0:libelleNatureSupportInvestissement>UC</ns0:libelleNatureSupportInvestissement><ns0:codeNatureSupportInvestissementSilo>UC</ns0:codeNatureSupportInvestissementSilo><ns0:SupportInvestissement><ns0:identifiantSupportInvestissement>3160</ns0:identifiantSupportInvestissement><ns0:codeISIN>IE0007356581</ns0:codeISIN><ns0:nomSupportInvestissement>RIC PLC - INV CONTI EUROP EQUI C</ns0:nomSupportInvestissement><ns0:codeCategorieFonds>OPACT</ns0:codeCategorieFonds><ns0:libelleCategorieFonds>OPCVM à tendance actions</ns0:libelleCategorieFonds><ns0:codeCategorieFondsSilo>PAC</ns0:codeCategorieFondsSilo><ns0:libelleCategorieFondsSilo>OPCVM à tendance actions</ns0:libelleCategorieFondsSilo><ns0:tauxRepartitionSupportInvestissement>0.3077</ns0:tauxRepartitionSupportInvestissement><ns0:deviseFonds>EUR</ns0:deviseFonds></ns0:SupportInvestissement></ns0:OccurenceStructureInvestissement><ns0:OccurenceStructureInvestissement><ns0:identifiantOccurenceStructureInvestissement>SF_3600067 SI_3518 SI_3508 SI_3524 SU_3162</ns0:identifiantOccurenceStructureInvestissement><ns0:identifiantOccurenceParentStructureInvestissement>SF_3600067 SI_3518 SI_3508 SI_3524</ns0:identifiantOccurenceParentStructureInvestissement><ns0:codeNatureSupportInvestissement>UNICPT</ns0:codeNatureSupportInvestissement><ns0:libelleNatureSupportInvestissement>UC</ns0:libelleNatureSupportInvestissement><ns0:codeNatureSupportInvestissementSilo>UC</ns0:codeNatureSupportInvestissementSilo><ns0:SupportInvestissement><ns0:identifiantSupportInvestissement>3162</ns0:identifiantSupportInvestissement><ns0:codeISIN>IE0004307934</ns0:codeISIN><ns0:nomSupportInvestissement>MSMM  European Small Cap Eq</ns0:nomSupportInvestissement><ns0:codeCategorieFonds>OPACT</ns0:codeCategorieFonds><ns0:libelleCategorieFonds>OPCVM à tendance actions</ns0:libelleCategorieFonds><ns0:codeCategorieFondsSilo>PAC</ns0:codeCategorieFondsSilo><ns0:libelleCategorieFondsSilo>OPCVM à tendance actions</ns0:libelleCategorieFondsSilo><ns0:tauxRepartitionSupportInvestissement>0.1538</ns0:tauxRepartitionSupportInvestissement><ns0:deviseFonds>EUR</ns0:deviseFonds></ns0:SupportInvestissement></ns0:OccurenceStructureInvestissement><ns0:OccurenceStructureInvestissement><ns0:identifiantOccurenceStructureInvestissement>SF_3600067 SI_3518 SI_3508 SI_3525 SU_3164</ns0:identifiantOccurenceStructureInvestissement><ns0:identifiantOccurenceParentStructureInvestissement>SF_3600067 SI_3518 SI_3508 SI_3525</ns0:identifiantOccurenceParentStructureInvestissement><ns0:codeNatureSupportInvestissement>UNICPT</ns0:codeNatureSupportInvestissement><ns0:libelleNatureSupportInvestissement>UC</ns0:libelleNatureSupportInvestissement><ns0:codeNatureSupportInvestissementSilo>UC</ns0:codeNatureSupportInvestissementSilo><ns0:SupportInvestissement><ns0:identifiantSupportInvestissement>3164</ns0:identifiantSupportInvestissement><ns0:codeISIN>IE0031179298</ns0:codeISIN><ns0:nomSupportInvestissement>RIC 2 PLC - INVEST US QUANT FD C</ns0:nomSupportInvestissement><ns0:codeCategorieFonds>OPACT</ns0:codeCategorieFonds><ns0:libelleCategorieFonds>OPCVM à tendance actions</ns0:libelleCategorieFonds><ns0:codeCategorieFondsSilo>PAC</ns0:codeCategorieFondsSilo><ns0:libelleCategorieFondsSilo>OPCVM à tendance actions</ns0:libelleCategorieFondsSilo><ns0:tauxRepartitionSupportInvestissement>0.4</ns0:tauxRepartitionSupportInvestissement><ns0:deviseFonds>EUR</ns0:deviseFonds></ns0:SupportInvestissement></ns0:OccurenceStructureInvestissement><ns0:OccurenceStructureInvestissement><ns0:identifiantOccurenceStructureInvestissement>SF_3600067 SI_3518 SI_3508 SI_3525 SU_3163</ns0:identifiantOccurenceStructureInvestissement><ns0:identifiantOccurenceParentStructureInvestissement>SF_3600067 SI_3518 SI_3508 SI_3525</ns0:identifiantOccurenceParentStructureInvestissement><ns0:codeNatureSupportInvestissement>UNICPT</ns0:codeNatureSupportInvestissement><ns0:libelleNatureSupportInvestissement>UC</ns0:libelleNatureSupportInvestissement><ns0:codeNatureSupportInvestissementSilo>UC</ns0:codeNatureSupportInvestissementSilo><ns0:SupportInvestissement><ns0:identifiantSupportInvestissement>3163</ns0:identifiantSupportInvestissement><ns0:codeISIN>IE0003507831</ns0:codeISIN><ns0:nomSupportInvestissement>RIC PLC - INVEST US EQUITY B</ns0:nomSupportInvestissement><ns0:codeCategorieFonds>OPACT</ns0:codeCategorieFonds><ns0:libelleCategorieFonds>OPCVM à tendance actions</ns0:libelleCategorieFonds><ns0:codeCategorieFondsSilo>PAC</ns0:codeCategorieFondsSilo><ns0:libelleCategorieFondsSilo>OPCVM à tendance actions</ns0:libelleCategorieFondsSilo><ns0:tauxRepartitionSupportInvestissement>0.6</ns0:tauxRepartitionSupportInvestissement><ns0:deviseFonds>USD</ns0:deviseFonds></ns0:SupportInvestissement></ns0:OccurenceStructureInvestissement><ns0:OccurenceStructureInvestissement><ns0:identifiantOccurenceStructureInvestissement>SF_3600067 SI_3518 SI_3508 SI_3526 SU_3166</ns0:identifiantOccurenceStructureInvestissement><ns0:identifiantOccurenceParentStructureInvestissement>SF_3600067 SI_3518 SI_3508 SI_3526</ns0:identifiantOccurenceParentStructureInvestissement><ns0:codeNatureSupportInvestissement>UNICPT</ns0:codeNatureSupportInvestissement><ns0:libelleNatureSupportInvestissement>UC</ns0:libelleNatureSupportInvestissement><ns0:codeNatureSupportInvestissementSilo>UC</ns0:codeNatureSupportInvestissementSilo><ns0:SupportInvestissement><ns0:identifiantSupportInvestissement>3166</ns0:identifiantSupportInvestissement><ns0:codeISIN>IE0031503448</ns0:codeISIN><ns0:nomSupportInvestissement>RIC PLC - INVEST JAPAN EQUITY F</ns0:nomSupportInvestissement><ns0:codeCategorieFonds>OPACT</ns0:codeCategorieFonds><ns0:libelleCategorieFonds>OPCVM à tendance actions</ns0:libelleCategorieFonds><ns0:codeCategorieFondsSilo>PAC</ns0:codeCategorieFondsSilo><ns0:libelleCategorieFondsSilo>OPCVM à tendance actions</ns0:libelleCategorieFondsSilo><ns0:tauxRepartitionSupportInvestissement>1.0</ns0:tauxRepartitionSupportInvestissement><ns0:deviseFonds>EUR</ns0:deviseFonds></ns0:SupportInvestissement></ns0:OccurenceStructureInvestissement><ns0:OccurenceStructureInvestissement><ns0:identifiantOccurenceStructureInvestissement>SF_3600067 SI_3520</ns0:identifiantOccurenceStructureInvestissement><ns0:identifiantOccurenceParentStructureInvestissement>SF_3600067</ns0:identifiantOccurenceParentStructureInvestissement><ns0:codeNatureSupportInvestissement>MIXTE</ns0:codeNatureSupportInvestissement><ns0:libelleNatureSupportInvestissement>Mixte</ns0:libelleNatureSupportInvestissement><ns0:codeNatureSupportInvestissementSilo>MI</ns0:codeNatureSupportInvestissementSilo><ns0:libelleNatureSupportInvestissementSilo>Mixte</ns0:libelleNatureSupportInvestissementSilo><ns0:HorizonInvestissement><ns0:identifiantHorizonInvestissement>3520</ns0:identifiantHorizonInvestissement><ns0:nomHorizonInvestissement>TRES LONG TERME</ns0:nomHorizonInvestissement><ns0:borneMinVersementInvestissement>156</ns0:borneMinVersementInvestissement><ns0:borneMaxVersementInvestissement>251</ns0:borneMaxVersementInvestissement><ns0:borneMinDeplacerCapitalInvesti>156</ns0:borneMinDeplacerCapitalInvesti><ns0:borneMaxDeplacerCapitalInvesti>251</ns0:borneMaxDeplacerCapitalInvesti></ns0:HorizonInvestissement></ns0:OccurenceStructureInvestissement><ns0:OccurenceStructureInvestissement><ns0:identifiantOccurenceStructureInvestissement>SF_3600067 SI_3517</ns0:identifiantOccurenceStructureInvestissement><ns0:identifiantOccurenceParentStructureInvestissement>SF_3600067</ns0:identifiantOccurenceParentStructureInvestissement><ns0:codeNatureSupportInvestissement>FDSGES</ns0:codeNatureSupportInvestissement><ns0:libelleNatureSupportInvestissement>Fonds Euro</ns0:libelleNatureSupportInvestissement><ns0:codeNatureSupportInvestissementSilo>FG</ns0:codeNatureSupportInvestissementSilo><ns0:libelleNatureSupportInvestissementSilo>Fond en Devises</ns0:libelleNatureSupportInvestissementSilo><ns0:HorizonInvestissement><ns0:identifiantHorizonInvestissement>3517</ns0:identifiantHorizonInvestissement><ns0:nomHorizonInvestissement>COURT TERME</ns0:nomHorizonInvestissement><ns0:borneMaxVersementInvestissement>35</ns0:borneMaxVersementInvestissement><ns0:borneMaxDeplacerCapitalInvesti>35</ns0:borneMaxDeplacerCapitalInvesti></ns0:HorizonInvestissement></ns0:OccurenceStructureInvestissement><ns0:OccurenceStructureInvestissement><ns0:identifiantOccurenceStructureInvestissement>SF_3600067 SI_3519</ns0:identifiantOccurenceStructureInvestissement><ns0:identifiantOccurenceParentStructureInvestissement>SF_3600067</ns0:identifiantOccurenceParentStructureInvestissement><ns0:codeNatureSupportInvestissement>MIXTE</ns0:codeNatureSupportInvestissement><ns0:libelleNatureSupportInvestissement>Mixte</ns0:libelleNatureSupportInvestissement><ns0:codeNatureSupportInvestissementSilo>MI</ns0:codeNatureSupportInvestissementSilo><ns0:libelleNatureSupportInvestissementSilo>Mixte</ns0:libelleNatureSupportInvestissementSilo><ns0:HorizonInvestissement><ns0:identifiantHorizonInvestissement>3519</ns0:identifiantHorizonInvestissement><ns0:nomHorizonInvestissement>LONG TERME</ns0:nomHorizonInvestissement><ns0:borneMinVersementInvestissement>108</ns0:borneMinVersementInvestissement><ns0:borneMaxVersementInvestissement>155</ns0:borneMaxVersementInvestissement><ns0:borneMinDeplacerCapitalInvesti>108</ns0:borneMinDeplacerCapitalInvesti><ns0:borneMaxDeplacerCapitalInvesti>155</ns0:borneMaxDeplacerCapitalInvesti></ns0:HorizonInvestissement></ns0:OccurenceStructureInvestissement><ns0:OccurenceStructureInvestissement><ns0:identifiantOccurenceStructureInvestissement>SF_3600067 SI_3518</ns0:identifiantOccurenceStructureInvestissement><ns0:identifiantOccurenceParentStructureInvestissement>SF_3600067</ns0:identifiantOccurenceParentStructureInvestissement><ns0:codeNatureSupportInvestissement>MIXTE</ns0:codeNatureSupportInvestissement><ns0:libelleNatureSupportInvestissement>Mixte</ns0:libelleNatureSupportInvestissement><ns0:codeNatureSupportInvestissementSilo>MI</ns0:codeNatureSupportInvestissementSilo><ns0:libelleNatureSupportInvestissementSilo>Mixte</ns0:libelleNatureSupportInvestissementSilo><ns0:HorizonInvestissement><ns0:identifiantHorizonInvestissement>3518</ns0:identifiantHorizonInvestissement><ns0:nomHorizonInvestissement>MOYEN TERME</ns0:nomHorizonInvestissement><ns0:borneMinVersementInvestissement>36</ns0:borneMinVersementInvestissement><ns0:borneMaxVersementInvestissement>107</ns0:borneMaxVersementInvestissement><ns0:borneMinDeplacerCapitalInvesti>36</ns0:borneMinDeplacerCapitalInvesti><ns0:borneMaxDeplacerCapitalInvesti>107</ns0:borneMaxDeplacerCapitalInvesti></ns0:HorizonInvestissement></ns0:OccurenceStructureInvestissement><ns0:OccurenceStructureInvestissement><ns0:identifiantOccurenceStructureInvestissement>SF_3600067 SI_3521</ns0:identifiantOccurenceStructureInvestissement><ns0:identifiantOccurenceParentStructureInvestissement>SF_3600067</ns0:identifiantOccurenceParentStructureInvestissement><ns0:codeNatureSupportInvestissement>UNICPT</ns0:codeNatureSupportInvestissement><ns0:libelleNatureSupportInvestissement>UC</ns0:libelleNatureSupportInvestissement><ns0:codeNatureSupportInvestissementSilo>UC</ns0:codeNatureSupportInvestissementSilo><ns0:libelleNatureSupportInvestissementSilo>Unité de Compte</ns0:libelleNatureSupportInvestissementSilo><ns0:HorizonInvestissement><ns0:identifiantHorizonInvestissement>3521</ns0:identifiantHorizonInvestissement><ns0:nomHorizonInvestissement>HORIZON INFINI</ns0:nomHorizonInvestissement><ns0:borneMinVersementInvestissement>252</ns0:borneMinVersementInvestissement><ns0:borneMinDeplacerCapitalInvesti>252</ns0:borneMinDeplacerCapitalInvesti></ns0:HorizonInvestissement></ns0:OccurenceStructureInvestissement><ns0:OccurenceStructureInvestissement><ns0:identifiantOccurenceStructureInvestissement>SF_3600067 SI_3518 SI_3508 SI_3527 SU_3167</ns0:identifiantOccurenceStructureInvestissement><ns0:identifiantOccurenceParentStructureInvestissement>SF_3600067 SI_3518 SI_3508 SI_3527</ns0:identifiantOccurenceParentStructureInvestissement><ns0:codeNatureSupportInvestissement>UNICPT</ns0:codeNatureSupportInvestissement><ns0:libelleNatureSupportInvestissement>UC</ns0:libelleNatureSupportInvestissement><ns0:codeNatureSupportInvestissementSilo>UC</ns0:codeNatureSupportInvestissementSilo><ns0:SupportInvestissement><ns0:identifiantSupportInvestissement>3167</ns0:identifiantSupportInvestissement><ns0:codeISIN>IE0003502493</ns0:codeISIN><ns0:nomSupportInvestissement>RIC Emerging Markets Eq B</ns0:nomSupportInvestissement><ns0:codeCategorieFonds>OPACT</ns0:codeCategorieFonds><ns0:libelleCategorieFonds>OPCVM à tendance actions</ns0:libelleCategorieFonds><ns0:codeCategorieFondsSilo>PAC</ns0:codeCategorieFondsSilo><ns0:libelleCategorieFondsSilo>OPCVM à tendance actions</ns0:libelleCategorieFondsSilo><ns0:tauxRepartitionSupportInvestissement>1.0</ns0:tauxRepartitionSupportInvestissement><ns0:deviseFonds>USD</ns0:deviseFonds></ns0:SupportInvestissement></ns0:OccurenceStructureInvestissement><ns0:OccurenceStructureInvestissement><ns0:identifiantOccurenceStructureInvestissement>SF_3600067 SI_3519 SI_3508 SI_3527 SU_3167</ns0:identifiantOccurenceStructureInvestissement><ns0:identifiantOccurenceParentStructureInvestissement>SF_3600067 SI_3519 SI_3508 SI_3527</ns0:identifiantOccurenceParentStructureInvestissement><ns0:codeNatureSupportInvestissement>UNICPT</ns0:codeNatureSupportInvestissement><ns0:libelleNatureSupportInvestissement>UC</ns0:libelleNatureSupportInvestissement><ns0:codeNatureSupportInvestissementSilo>UC</ns0:codeNatureSupportInvestissementSilo><ns0:SupportInvestissement><ns0:identifiantSupportInvestissement>3167</ns0:identifiantSupportInvestissement><ns0:codeISIN>IE0003502493</ns0:codeISIN><ns0:nomSupportInvestissement>RIC Emerging Markets Eq B</ns0:nomSupportInvestissement><ns0:codeCategorieFonds>OPACT</ns0:codeCategorieFonds><ns0:libelleCategorieFonds>OPCVM à tendance actions</ns0:libelleCategorieFonds><ns0:codeCategorieFondsSilo>PAC</ns0:codeCategorieFondsSilo><ns0:libelleCategorieFondsSilo>OPCVM à tendance actions</ns0:libelleCategorieFondsSilo><ns0:tauxRepartitionSupportInvestissement>1.0</ns0:tauxRepartitionSupportInvestissement><ns0:deviseFonds>USD</ns0:deviseFonds></ns0:SupportInvestissement></ns0:OccurenceStructureInvestissement><ns0:OccurenceStructureInvestissement><ns0:identifiantOccurenceStructureInvestissement>SF_3600067 SI_3521 SI_3508 SI_3524</ns0:identifiantOccurenceStructureInvestissement><ns0:identifiantOccurenceParentStructureInvestissement>SF_3600067 SI_3521 SI_3508</ns0:identifiantOccurenceParentStructureInvestissement><ns0:codeNatureSupportInvestissement>UNICPT</ns0:codeNatureSupportInvestissement><ns0:libelleNatureSupportInvestissement>UC</ns0:libelleNatureSupportInvestissement><ns0:codeNatureSupportInvestissementSilo>UC</ns0:codeNatureSupportInvestissementSilo><ns0:libelleNatureSupportInvestissementSilo>Unité de Compte</ns0:libelleNatureSupportInvestissementSilo><ns0:ProfilInvestissement><ns0:identifiantProfilInvestissement>3524</ns0:identifiantProfilInvestissement><ns0:nomProfilInvestissement>Actions Europe</ns0:nomProfilInvestissement><ns0:tauxRepartitionProfilInvestissement>0.65</ns0:tauxRepartitionProfilInvestissement><ns0:indicateurTauxDerogeableProfilInvestissement>false</ns0:indicateurTauxDerogeableProfilInvestissement></ns0:ProfilInvestissement></ns0:OccurenceStructureInvestissement><ns0:OccurenceStructureInvestissement><ns0:identifiantOccurenceStructureInvestissement>SF_3600067 SI_3521 SI_3508 SI_3526</ns0:identifiantOccurenceStructureInvestissement><ns0:identifiantOccurenceParentStructureInvestissement>SF_3600067 SI_3521 SI_3508</ns0:identifiantOccurenceParentStructureInvestissement><ns0:codeNatureSupportInvestissement>UNICPT</ns0:codeNatureSupportInvestissement><ns0:libelleNatureSupportInvestissement>UC</ns0:libelleNatureSupportInvestissement><ns0:codeNatureSupportInvestissementSilo>UC</ns0:codeNatureSupportInvestissementSilo><ns0:libelleNatureSupportInvestissementSilo>Unité de Compte</ns0:libelleNatureSupportInvestissementSilo><ns0:ProfilInvestissement><ns0:identifiantProfilInvestissement>3526</ns0:identifiantProfilInvestissement><ns0:nomProfilInvestissement>Actions Japon</ns0:nomProfilInvestissement><ns0:tauxRepartitionProfilInvestissement>0.05</ns0:tauxRepartitionProfilInvestissement><ns0:indicateurTauxDerogeableProfilInvestissement>false</ns0:indicateurTauxDerogeableProfilInvestissement></ns0:ProfilInvestissement></ns0:OccurenceStructureInvestissement><ns0:OccurenceStructureInvestissement><ns0:identifiantOccurenceStructureInvestissement>SF_3600067 SI_3521 SI_3508 SI_3527</ns0:identifiantOccurenceStructureInvestissement><ns0:identifiantOccurenceParentStructureInvestissement>SF_3600067 SI_3521 SI_3508</ns0:identifiantOccurenceParentStructureInvestissement><ns0:codeNatureSupportInvestissement>UNICPT</ns0:codeNatureSupportInvestissement><ns0:libelleNatureSupportInvestissement>UC</ns0:libelleNatureSupportInvestissement><ns0:codeNatureSupportInvestissementSilo>UC</ns0:codeNatureSupportInvestissementSilo><ns0:libelleNatureSupportInvestissementSilo>Unité de Compte</ns0:libelleNatureSupportInvestissementSilo><ns0:ProfilInvestissement><ns0:identifiantProfilInvestissement>3527</ns0:identifiantProfilInvestissement><ns0:nomProfilInvestissement>Actions Pays Emergents</ns0:nomProfilInvestissement><ns0:tauxRepartitionProfilInvestissement>0.05</ns0:tauxRepartitionProfilInvestissement><ns0:indicateurTauxDerogeableProfilInvestissement>false</ns0:indicateurTauxDerogeableProfilInvestissement></ns0:ProfilInvestissement></ns0:OccurenceStructureInvestissement><ns0:OccurenceStructureInvestissement><ns0:identifiantOccurenceStructureInvestissement>SF_3600067 SI_3521 SI_3508 SI_3525</ns0:identifiantOccurenceStructureInvestissement><ns0:identifiantOccurenceParentStructureInvestissement>SF_3600067 SI_3521 SI_3508</ns0:identifiantOccurenceParentStructureInvestissement><ns0:codeNatureSupportInvestissement>UNICPT</ns0:codeNatureSupportInvestissement><ns0:libelleNatureSupportInvestissement>UC</ns0:libelleNatureSupportInvestissement><ns0:codeNatureSupportInvestissementSilo>UC</ns0:codeNatureSupportInvestissementSilo><ns0:libelleNatureSupportInvestissementSilo>Unité de Compte</ns0:libelleNatureSupportInvestissementSilo><ns0:ProfilInvestissement><ns0:identifiantProfilInvestissement>3525</ns0:identifiantProfilInvestissement><ns0:nomProfilInvestissement>Actions Etats-Unis</ns0:nomProfilInvestissement><ns0:tauxRepartitionProfilInvestissement>0.25</ns0:tauxRepartitionProfilInvestissement><ns0:indicateurTauxDerogeableProfilInvestissement>false</ns0:indicateurTauxDerogeableProfilInvestissement></ns0:ProfilInvestissement></ns0:OccurenceStructureInvestissement><ns0:OccurenceStructureInvestissement><ns0:identifiantOccurenceStructureInvestissement>SF_3600067 SI_3519 SI_3508 SI_3525 SU_3164</ns0:identifiantOccurenceStructureInvestissement><ns0:identifiantOccurenceParentStructureInvestissement>SF_3600067 SI_3519 SI_3508 SI_3525</ns0:identifiantOccurenceParentStructureInvestissement><ns0:codeNatureSupportInvestissement>UNICPT</ns0:codeNatureSupportInvestissement><ns0:libelleNatureSupportInvestissement>UC</ns0:libelleNatureSupportInvestissement><ns0:codeNatureSupportInvestissementSilo>UC</ns0:codeNatureSupportInvestissementSilo><ns0:SupportInvestissement><ns0:identifiantSupportInvestissement>3164</ns0:identifiantSupportInvestissement><ns0:codeISIN>IE0031179298</ns0:codeISIN><ns0:nomSupportInvestissement>RIC 2 PLC - INVEST US QUANT FD C</ns0:nomSupportInvestissement><ns0:codeCategorieFonds>OPACT</ns0:codeCategorieFonds><ns0:libelleCategorieFonds>OPCVM à tendance actions</ns0:libelleCategorieFonds><ns0:codeCategorieFondsSilo>PAC</ns0:codeCategorieFondsSilo><ns0:libelleCategorieFondsSilo>OPCVM à tendance actions</ns0:libelleCategorieFondsSilo><ns0:tauxRepartitionSupportInvestissement>0.4</ns0:tauxRepartitionSupportInvestissement><ns0:deviseFonds>EUR</ns0:deviseFonds></ns0:SupportInvestissement></ns0:OccurenceStructureInvestissement><ns0:OccurenceStructureInvestissement><ns0:identifiantOccurenceStructureInvestissement>SF_3600067 SI_3519 SI_3508 SI_3525 SU_3163</ns0:identifiantOccurenceStructureInvestissement><ns0:identifiantOccurenceParentStructureInvestissement>SF_3600067 SI_3519 SI_3508 SI_3525</ns0:identifiantOccurenceParentStructureInvestissement><ns0:codeNatureSupportInvestissement>UNICPT</ns0:codeNatureSupportInvestissement><ns0:libelleNatureSupportInvestissement>UC</ns0:libelleNatureSupportInvestissement><ns0:codeNatureSupportInvestissementSilo>UC</ns0:codeNatureSupportInvestissementSilo><ns0:SupportInvestissement><ns0:identifiantSupportInvestissement>3163</ns0:identifiantSupportInvestissement><ns0:codeISIN>IE0003507831</ns0:codeISIN><ns0:nomSupportInvestissement>RIC PLC - INVEST US EQUITY B</ns0:nomSupportInvestissement><ns0:codeCategorieFonds>OPACT</ns0:codeCategorieFonds><ns0:libelleCategorieFonds>OPCVM à tendance actions</ns0:libelleCategorieFonds><ns0:codeCategorieFondsSilo>PAC</ns0:codeCategorieFondsSilo><ns0:libelleCategorieFondsSilo>OPCVM à tendance actions</ns0:libelleCategorieFondsSilo><ns0:tauxRepartitionSupportInvestissement>0.6</ns0:tauxRepartitionSupportInvestissement><ns0:deviseFonds>USD</ns0:deviseFonds></ns0:SupportInvestissement></ns0:OccurenceStructureInvestissement><ns0:OccurenceStructureInvestissement><ns0:identifiantOccurenceStructureInvestissement>SF_3600067 SI_3519 SI_3508 SI_3526 SU_3166</ns0:identifiantOccurenceStructureInvestissement><ns0:identifiantOccurenceParentStructureInvestissement>SF_3600067 SI_3519 SI_3508 SI_3526</ns0:identifiantOccurenceParentStructureInvestissement><ns0:codeNatureSupportInvestissement>UNICPT</ns0:codeNatureSupportInvestissement><ns0:libelleNatureSupportInvestissement>UC</ns0:libelleNatureSupportInvestissement><ns0:codeNatureSupportInvestissementSilo>UC</ns0:codeNatureSupportInvestissementSilo><ns0:SupportInvestissement><ns0:identifiantSupportInvestissement>3166</ns0:identifiantSupportInvestissement><ns0:codeISIN>IE0031503448</ns0:codeISIN><ns0:nomSupportInvestissement>RIC PLC - INVEST JAPAN EQUITY F</ns0:nomSupportInvestissement><ns0:codeCategorieFonds>OPACT</ns0:codeCategorieFonds><ns0:libelleCategorieFonds>OPCVM à tendance actions</ns0:libelleCategorieFonds><ns0:codeCategorieFondsSilo>PAC</ns0:codeCategorieFondsSilo><ns0:libelleCategorieFondsSilo>OPCVM à tendance actions</ns0:libelleCategorieFondsSilo><ns0:tauxRepartitionSupportInvestissement>1.0</ns0:tauxRepartitionSupportInvestissement><ns0:deviseFonds>EUR</ns0:deviseFonds></ns0:SupportInvestissement></ns0:OccurenceStructureInvestissement><ns0:OccurenceStructureInvestissement><ns0:identifiantOccurenceStructureInvestissement>SF_3600067 SI_3519 SI_3508 SI_3524 SU_3161</ns0:identifiantOccurenceStructureInvestissement><ns0:identifiantOccurenceParentStructureInvestissement>SF_3600067 SI_3519 SI_3508 SI_3524</ns0:identifiantOccurenceParentStructureInvestissement><ns0:codeNatureSupportInvestissement>UNICPT</ns0:codeNatureSupportInvestissement><ns0:libelleNatureSupportInvestissement>UC</ns0:libelleNatureSupportInvestissement><ns0:codeNatureSupportInvestissementSilo>UC</ns0:codeNatureSupportInvestissementSilo><ns0:SupportInvestissement><ns0:identifiantSupportInvestissement>3161</ns0:identifiantSupportInvestissement><ns0:codeISIN>IE0031180304</ns0:codeISIN><ns0:nomSupportInvestissement>RIC II PLC - INV PAN EUROP EQU F</ns0:nomSupportInvestissement><ns0:codeCategorieFonds>OPACT</ns0:codeCategorieFonds><ns0:libelleCategorieFonds>OPCVM à tendance actions</ns0:libelleCategorieFonds><ns0:codeCategorieFondsSilo>PAC</ns0:codeCategorieFondsSilo><ns0:libelleCategorieFondsSilo>OPCVM à tendance actions</ns0:libelleCategorieFondsSilo><ns0:tauxRepartitionSupportInvestissement>0.3077</ns0:tauxRepartitionSupportInvestissement><ns0:deviseFonds>EUR</ns0:deviseFonds></ns0:SupportInvestissement></ns0:OccurenceStructureInvestissement><ns0:OccurenceStructureInvestissement><ns0:identifiantOccurenceStructureInvestissement>SF_3600067 SI_3519 SI_3508 SI_3524 SU_3303</ns0:identifiantOccurenceStructureInvestissement><ns0:identifiantOccurenceParentStructureInvestissement>SF_3600067 SI_3519 SI_3508 SI_3524</ns0:identifiantOccurenceParentStructureInvestissement><ns0:codeNatureSupportInvestissement>UNICPT</ns0:codeNatureSupportInvestissement><ns0:libelleNatureSupportInvestissement>UC</ns0:libelleNatureSupportInvestissement><ns0:codeNatureSupportInvestissementSilo>UC</ns0:codeNatureSupportInvestissementSilo><ns0:SupportInvestissement><ns0:identifiantSupportInvestissement>3303</ns0:identifiantSupportInvestissement><ns0:codeISIN>IE00B0DD1V33</ns0:codeISIN><ns0:nomSupportInvestissement>MSMM EUROZONE EQ FUND A</ns0:nomSupportInvestissement><ns0:codeCategorieFonds>OPACT</ns0:codeCategorieFonds><ns0:libelleCategorieFonds>OPCVM à tendance actions</ns0:libelleCategorieFonds><ns0:codeCategorieFondsSilo>PAC</ns0:codeCategorieFondsSilo><ns0:libelleCategorieFondsSilo>OPCVM à tendance actions</ns0:libelleCategorieFondsSilo><ns0:tauxRepartitionSupportInvestissement>0.2308</ns0:tauxRepartitionSupportInvestissement><ns0:deviseFonds>EUR</ns0:deviseFonds></ns0:SupportInvestissement></ns0:OccurenceStructureInvestissement><ns0:OccurenceStructureInvestissement><ns0:identifiantOccurenceStructureInvestissement>SF_3600067 SI_3519 SI_3508 SI_3524 SU_3160</ns0:identifiantOccurenceStructureInvestissement><ns0:identifiantOccurenceParentStructureInvestissement>SF_3600067 SI_3519 SI_3508 SI_3524</ns0:identifiantOccurenceParentStructureInvestissement><ns0:codeNatureSupportInvestissement>UNICPT</ns0:codeNatureSupportInvestissement><ns0:libelleNatureSupportInvestissement>UC</ns0:libelleNatureSupportInvestissement><ns0:codeNatureSupportInvestissementSilo>UC</ns0:codeNatureSupportInvestissementSilo><ns0:SupportInvestissement><ns0:identifiantSupportInvestissement>3160</ns0:identifiantSupportInvestissement><ns0:codeISIN>IE0007356581</ns0:codeISIN><ns0:nomSupportInvestissement>RIC PLC - INV CONTI EUROP EQUI C</ns0:nomSupportInvestissement><ns0:codeCategorieFonds>OPACT</ns0:codeCategorieFonds><ns0:libelleCategorieFonds>OPCVM à tendance actions</ns0:libelleCategorieFonds><ns0:codeCategorieFondsSilo>PAC</ns0:codeCategorieFondsSilo><ns0:libelleCategorieFondsSilo>OPCVM à tendance actions</ns0:libelleCategorieFondsSilo><ns0:tauxRepartitionSupportInvestissement>0.3077</ns0:tauxRepartitionSupportInvestissement><ns0:deviseFonds>EUR</ns0:deviseFonds></ns0:SupportInvestissement></ns0:OccurenceStructureInvestissement><ns0:OccurenceStructureInvestissement><ns0:identifiantOccurenceStructureInvestissement>SF_3600067 SI_3519 SI_3508 SI_3524 SU_3162</ns0:identifiantOccurenceStructureInvestissement><ns0:identifiantOccurenceParentStructureInvestissement>SF_3600067 SI_3519 SI_3508 SI_3524</ns0:identifiantOccurenceParentStructureInvestissement><ns0:codeNatureSupportInvestissement>UNICPT</ns0:codeNatureSupportInvestissement><ns0:libelleNatureSupportInvestissement>UC</ns0:libelleNatureSupportInvestissement><ns0:codeNatureSupportInvestissementSilo>UC</ns0:codeNatureSupportInvestissementSilo><ns0:SupportInvestissement><ns0:identifiantSupportInvestissement>3162</ns0:identifiantSupportInvestissement><ns0:codeISIN>IE0004307934</ns0:codeISIN><ns0:nomSupportInvestissement>MSMM  European Small Cap Eq</ns0:nomSupportInvestissement><ns0:codeCategorieFonds>OPACT</ns0:codeCategorieFonds><ns0:libelleCategorieFonds>OPCVM à tendance actions</ns0:libelleCategorieFonds><ns0:codeCategorieFondsSilo>PAC</ns0:codeCategorieFondsSilo><ns0:libelleCategorieFondsSilo>OPCVM à tendance actions</ns0:libelleCategorieFondsSilo><ns0:tauxRepartitionSupportInvestissement>0.1538</ns0:tauxRepartitionSupportInvestissement><ns0:deviseFonds>EUR</ns0:deviseFonds></ns0:SupportInvestissement></ns0:OccurenceStructureInvestissement></ns0:ConsulterCompteGeneralesEREFunc></ns0:ConsulterCompteGeneralesEREResponse></SOAP-ENV:Body></SOAP-ENV:Envelope>