<SOAP-ENV:Envelope xmlns:SOAP-ENV="http://schemas.xmlsoap.org/soap/envelope/"><SOAP-ENV:Header><ns:WSResponseMetaInfo xmlns:ns="http://www.fmk.com/ESB/Framework/ESBTechPivotSchema" xmlns:ns0="http://schemas.xmlsoap.org/soap/envelope/" xmlns:xs="http://www.w3.org/2001/XMLSchema" xmlns:xsi="http://www.w3.org/2001/XMLSchema-instance" xmlns:SOAP-ENV="http://schemas.xmlsoap.org/soap/envelope/"><ns:FuncFault/></ns:WSResponseMetaInfo></SOAP-ENV:Header><SOAP-ENV:Body><ns0:ConsulterCompteGeneralesEREResponse xmlns:ns0="http://www.alm.com/esb/service/GestContratERE_1/ConsulterCompteGeneralesERE_1"><ns0:ConsulterCompteGeneralesEREFunc><ns0:ContratCollectif><ns0:AffiliationsContrat><ns0:identifiantAffiliation>1386621</ns0:identifiantAffiliation><ns0:codeSituationAffiliation>TERME</ns0:codeSituationAffiliation><ns0:libelleSituationAffiliation>Au terme</ns0:libelleSituationAffiliation><ns0:codeSituationAffiliationSilo>Z</ns0:codeSituationAffiliationSilo><ns0:libelleSituationAffiliationSilo>Au terme</ns0:libelleSituationAffiliationSilo><ns0:dateEffetSituationAffiliation>2020-07-10</ns0:dateEffetSituationAffiliation><ns0:codeOptionFiscaleAffiliation>A</ns0:codeOptionFiscaleAffiliation><ns0:libelleOptionFiscaleAffiliation>Fiscalité classique</ns0:libelleOptionFiscaleAffiliation><ns0:numeroMatriculeAffilie>9501477</ns0:numeroMatriculeAffilie><ns0:InformationContrat><ns0:dateEffet>2020-01-01</ns0:dateEffet></ns0:InformationContrat><ns0:ContratIndividuel><ns0:AssurePrincipal><ns0:IdentificationSiloAssurePrincipal><ns0:identifiantDansSilo>P5196569</ns0:identifiantDansSilo><ns0:libelleNomSilo>ERE PTV2/3</ns0:libelleNomSilo><ns0:codeApplication>A0252</ns0:codeApplication><ns0:libelleApplication>PTV</ns0:libelleApplication><ns0:codeSystemeInformation>ERE</ns0:codeSystemeInformation><ns0:libelleSystemeInformation>Epargne Retraite Entreprise</ns0:libelleSystemeInformation></ns0:IdentificationSiloAssurePrincipal><ns0:GarantiesSouscrites><ns0:codeGarantieContrat>350</ns0:codeGarantieContrat><ns0:libelleGarantieContrat>Vie avec contre-assurance</ns0:libelleGarantieContrat><ns0:dateDebutCouvertureGarantieGlobale>2020-01-01</ns0:dateDebutCouvertureGarantieGlobale></ns0:GarantiesSouscrites><ns0:GarantiesSouscrites><ns0:codeGarantieContrat>366</ns0:codeGarantieContrat><ns0:libelleGarantieContrat>Invalidité Accidentelle</ns0:libelleGarantieContrat><ns0:dateDebutCouvertureGarantieGlobale>2020-01-01</ns0:dateDebutCouvertureGarantieGlobale></ns0:GarantiesSouscrites><ns0:GarantiesSouscrites><ns0:codeGarantieContrat>367</ns0:codeGarantieContrat><ns0:libelleGarantieContrat>Plancher décès accidentel</ns0:libelleGarantieContrat><ns0:dateDebutCouvertureGarantieGlobale>2020-01-01</ns0:dateDebutCouvertureGarantieGlobale></ns0:GarantiesSouscrites></ns0:AssurePrincipal></ns0:ContratIndividuel></ns0:AffiliationsContrat></ns0:ContratCollectif></ns0:ConsulterCompteGeneralesEREFunc></ns0:ConsulterCompteGeneralesEREResponse></SOAP-ENV:Body></SOAP-ENV:Envelope>