</ns0:descClauseBenef><ns0:dateDebutClauseBenef>2006-11-16</ns0:dateDebutClauseBenef></ns0:ClausesContrat></ns0:ContratIndividuel></ns0:AffiliationsContrat></ns0:ContratCollectif><ns0:IdentificationStructureInvestissement><ns0:identifiantStructureInvestissement>SF_1950028</ns0:identifiantStructureInvestissement></ns0:IdentificationStructureInvestissement><ns0:OccurenceStructureInvestissement><ns0:identifiantOccurenceStructureInvestissement>SF_1950025</ns0:identifiantOccurenceStructureInvestissement><ns0:identifiantOccurenceParentStructureInvestissement>SF_1950027</ns0:identifiantOccurenceParentStructureInvestissement><ns0:codeModeGestionInvestissement>LIBRE</ns0:codeModeGestionInvestissement><ns0:libelleModeGestionInvestissement>Gestion libre</ns0:libelleModeGestionInvestissement><ns0:codeModeGestionInvestissementSilo>GL</ns0:codeModeGestionInvestissementSilo><ns0:libelleModeGestionInvestissementSilo>Gestion libre</ns0:libelleModeGestionInvestissementSilo><ns0:codeNatureSupportInvestissement>FDSGES</ns0:codeNatureSupportInvestissement><ns0:libelleNatureSupportInvestissement>Fonds Euro</ns0:libelleNatureSupportInvestissement><ns0:codeNatureSupportInvestissementSilo>FG</ns0:codeNatureSupportInvestissementSilo><ns0:libelleNatureSupportInvestissementSilo>Fond en Devises</ns0:libelleNatureSupportInvestissementSilo><ns0:ProfilInvestissement><ns0:identifiantProfilInvestissement>3506</ns0:identifiantProfilInvestissement><ns0:nomProfilInvestissement>Fonds en Euro</ns0:nomProfilInvestissement><ns0:tauxRepartitionProfilInvestissement>1.0</ns0:tauxRepartitionProfilInvestissement><ns0:indicateurTauxDerogeableProfilInvestissement>false</ns0:indicateurTauxDerogeableProfilInvestissement></ns0:ProfilInvestissement></ns0:OccurenceStructureInvestissement><ns0:OccurenceStructureInvestissement><ns0:identifiantOccurenceStructureInvestissement>SF_1950027</ns0:identifiantOccurenceStructureInvestissement><ns0:identifiantOccurenceParentStructureInvestissement>SF_1950028</ns0:identifiantOccurenceParentStructureInvestissement><ns0:ContributionInvestissement><ns0:identifiantContributionInvestissement>1950027</ns0:identifiantContributionInvestissement><ns0:codeContributionInvestissement>VERLIB</ns0:codeContributionInvestissement><ns0:libelleContributionInvestissement>Versement Libre</ns0:libelleContributionInvestissement><ns0:libelleContributionInvestissementSilo>Versement libre</ns0:libelleContributionInvestissementSilo><ns0:tauxRepartitionContribution>0.0</ns0:tauxRepartitionContribution><ns0:indicateurTauxDerogeableContributionInvestissement>false</ns0:indicateurTauxDerogeableContributionInvestissement></ns0:ContributionInvestissement></ns0:OccurenceStructureInvestissement><ns0:OccurenceStructureInvestissement><ns0:identifiantOccurenceStructureInvestissement>SF_1950025 SU_4316</ns0:identifiantOccurenceStructureInvestissement><ns0:identifiantOccurenceParentStructureInvestissement>SF_1950025</ns0:identifiantOccurenceParentStructureInvestissement><ns0:codeNatureSupportInvestissement>FDSGES</ns0:codeNatureSupportInvestissement><ns0:libelleNatureSupportInvestissement>Fonds Euro</ns0:libelleNatureSupportInvestissement><ns0:codeNatureSupportInvestissementSilo>FG</ns0:codeNatureSupportInvestissementSilo><ns0:SupportInvestissement><ns0:identifiantSupportInvestissement>4316</ns0:identifiantSupportInvestissement><ns0:nomSupportInvestissement>Fonds en Euro</ns0:nomSupportInvestissement><ns0:codeCategorieFonds>FDPR</ns0:codeCategorieFonds><ns0:libelleCategorieFonds>Fonds propres</ns0:libelleCategorieFonds><ns0:codeCategorieFondsSilo>FPR</ns0:codeCategorieFondsSilo><ns0:libelleCategorieFondsSilo>Fonds propres</ns0:libelleCategorieFondsSilo><ns0:tauxRepartitionSupportInvestissement>1.0</ns0:tauxRepartitionSupportInvestissement><ns0:deviseFonds>EUR</ns0:deviseFonds></ns0:SupportInvestissement></ns0:OccurenceStructureInvestissement></ns0:ConsulterCompteGeneralesEREFunc></ns0:ConsulterCompteGeneralesEREResponse></SOAP-ENV:Body></SOAP-ENV:Envelope>