<SOAP-ENV:Envelope xmlns:SOAP-ENV="http://schemas.xmlsoap.org/soap/envelope/"><SOAP-ENV:Header><ns:WSResponseMetaInfo xmlns:ns="http://www.fmk.com/ESB/Framework/ESBTechPivotSchema" xmlns:ns0="http://schemas.xmlsoap.org/soap/envelope/" xmlns:xs="http://www.w3.org/2001/XMLSchema" xmlns:xsi="http://www.w3.org/2001/XMLSchema-instance"><ns:FuncFault/></ns:WSResponseMetaInfo></SOAP-ENV:Header><SOAP-ENV:Body><ns0:ConsulterCompteGeneralesEREResponse xmlns:ns0="http://www.alm.com/esb/service/GestContratERE_1/ConsulterCompteGeneralesERE_1"><ns0:ConsulterCompteGeneralesEREFunc><ns0:ContratCollectif><ns0:AffiliationsContrat><ns0:identifiantAffiliation>1368165</ns0:identifiantAffiliation><ns0:codeSituationAffiliation>AFSBI</ns0:codeSituationAffiliation><ns0:libelleSituationAffiliation>Affilié en cours sans BIA</ns0:libelleSituationAffiliation><ns0:codeSituationAffiliationSilo>A</ns0:codeSituationAffiliationSilo><ns0:libelleSituationAffiliationSilo>Affilié sans BIA</ns0:libelleSituationAffiliationSilo><ns0:dateEffetSituationAffiliation>2020-04-07</ns0:dateEffetSituationAffiliation><ns0:codeOptionFiscaleAffiliation>A</ns0:codeOptionFiscaleAffiliation><ns0:libelleOptionFiscaleAffiliation>Fiscalité classique</ns0:libelleOptionFiscaleAffiliation><ns0:InformationContrat><ns0:dateEffet>2020-04-07</ns0:dateEffet></ns0:InformationContrat><ns0:ContratIndividuel><ns0:AssurePrincipal><ns0:IdentificationSiloAssurePrincipal><ns0:identifiantDansSilo>P5050617</ns0:identifiantDansSilo><ns0:libelleNomSilo>ERE PTV2/3</ns0:libelleNomSilo><ns0:codeApplication>A0252</ns0:codeApplication><ns0:libelleApplication>PTV</ns0:libelleApplication><ns0:codeSystemeInformation>ERE</ns0:codeSystemeInformation><ns0:libelleSystemeInformation>Epargne Retraite Entreprise</ns0:libelleSystemeInformation></ns0:IdentificationSiloAssurePrincipal><ns0:GarantiesSouscrites><ns0:codeGarantieContrat>350</ns0:codeGarantieContrat><ns0:libelleGarantieContrat>Vie avec contre-assurance</ns0:libelleGarantieContrat><ns0:dateDebutCouvertureGarantieGlobale>2020-04-07</ns0:dateDebutCouvertureGarantieGlobale></ns0:GarantiesSouscrites></ns0:AssurePrincipal></ns0:ContratIndividuel></ns0:AffiliationsContrat></ns0:ContratCollectif><ns0:IdentificationStructureInvestissement><ns0:identifiantStructureInvestissement>SF_15581904</ns0:identifiantStructureInvestissement></ns0:IdentificationStructureInvestissement><ns0:OccurenceStructureInvestissement><ns0:identifiantOccurenceStructureInvestissement>SF_15581903</ns0:identifiantOccurenceStructureInvestissement><ns0:identifiantOccurenceParentStructureInvestissement>SF_15581904</ns0:identifiantOccurenceParentStructureInvestissement><ns0:ContributionInvestissement><ns0:identifiantContributionInvestissement>15581903</ns0:identifiantContributionInvestissement><ns0:codeContributionInvestissement>EPSALAR</ns0:codeContributionInvestissement><ns0:libelleContributionInvestissement>Epargne Salariale</ns0:libelleContributionInvestissement><ns0:libelleContributionInvestissementSilo>Epargne Salariale</ns0:libelleContributionInvestissementSilo><ns0:tauxRepartitionContribution>0.0</ns0:tauxRepartitionContribution><ns0:indicateurTauxDerogeableContributionInvestissement>false</ns0:indicateurTauxDerogeableContributionInvestissement></ns0:ContributionInvestissement></ns0:OccurenceStructureInvestissement><ns0:OccurenceStructureInvestissement><ns0:identifiantOccurenceStructureInvestissement>SF_15581900</ns0:identifiantOccurenceStructureInvestissement><ns0:identifiantOccurenceParentStructureInvestissement>SF_15581903</ns0:identifiantOccurenceParentStructureInvestissement><ns0:codeModeGestionInvestissement>LIBRE</ns0:codeModeGestionInvestissement><ns0:libelleModeGestionInvestissement>Gestion libre</ns0:libelleModeGestionInvestissement><ns0:codeModeGestionInvestissementSilo>GL</ns0:codeModeGestionInvestissementSilo><ns0:libelleModeGestionInvestissementSilo>Gestion libre</ns0:libelleModeGestionInvestissementSilo><ns0:codeNatureSupportInvestissement>UNICPT</ns0:codeNatureSupportInvestissement><ns0:libelleNatureSupportInvestissement>UC</ns0:libelleNatureSupportInvestissement><ns0:codeNatureSupportInvestissementSilo>UC</ns0:codeNatureSupportInvestissementSilo><ns0:libelleNatureSupportInvestissementSilo>Unité de Compte</ns0:libelleNatureSupportInvestissementSilo><ns0:ProfilInvestissement><ns0:identifiantProfilInvestissement>4247</ns0:identifiantProfilInvestissement><ns0:nomProfilInvestissement>Actions Europe</ns0:nomProfilInvestissement><ns0:tauxRepartitionProfilInvestissement>0.5</ns0:tauxRepartitionProfilInvestissement><ns0:indicateurTauxDerogeableProfilInvestissement>true</ns0:indicateurTauxDerogeableProfilInvestissement></ns0:ProfilInvestissement></ns0:OccurenceStructureInvestissement><ns0:OccurenceStructureInvestissement><ns0:identifiantOccurenceStructureInvestissement>SF_15581901</ns0:identifiantOccurenceStructureInvestissement><ns0:identifiantOccurenceParentStructureInvestissement>SF_15581903</ns0:identifiantOccurenceParentStructureInvestissement><ns0:codeModeGestionInvestissement>LIBRE</ns0:codeModeGestionInvestissement><ns0:libelleModeGestionInvestissement>Gestion libre</ns0:libelleModeGestionInvestissement><ns0:codeModeGestionInvestissementSilo>GL</ns0:codeModeGestionInvestissementSilo><ns0:libelleModeGestionInvestissementSilo>Gestion libre</ns0:libelleModeGestionInvestissementSilo><ns0:codeNatureSupportInvestissement>UNICPT</ns0:codeNatureSupportInvestissement><ns0:libelleNatureSupportInvestissement>UC</ns0:libelleNatureSupportInvestissement><ns0:codeNatureSupportInvestissementSilo>UC</ns0:codeNatureSupportInvestissementSilo><ns0:libelleNatureSupportInvestissementSilo>Unité de Compte</ns0:libelleNatureSupportInvestissementSilo><ns0:ProfilInvestissement><ns0:identifiantProfilInvestissement>4248</ns0:identifiantProfilInvestissement><ns0:nomProfilInvestissement>Actions Pays Emergents</ns0:nomProfilInvestissement><ns0:tauxRepartitionProfilInvestissement>0.5</ns0:tauxRepartitionProfilInvestissement><ns0:indicateurTauxDerogeableProfilInvestissement>true</ns0:indicateurTauxDerogeableProfilInvestissement></ns0:ProfilInvestissement></ns0:OccurenceStructureInvestissement><ns0:OccurenceStructureInvestissement><ns0:identifiantOccurenceStructureInvestissement>SF_15581900 SU_4463</ns0:identifiantOccurenceStructureInvestissement><ns0:identifiantOccurenceParentStructureInvestissement>SF_15581900</ns0:identifiantOccurenceParentStructureInvestissement><ns0:codeNatureSupportInvestissement>UNICPT</ns0:codeNatureSupportInvestissement><ns0:libelleNatureSupportInvestissement>UC</ns0:libelleNatureSupportInvestissement><ns0:codeNatureSupportInvestissementSilo>UC</ns0:codeNatureSupportInvestissementSilo><ns0:SupportInvestissement><ns0:identifiantSupportInvestissement>4463</ns0:identifiantSupportInvestissement><ns0:codeISIN>IE00B0DD1V33</ns0:codeISIN><ns0:nomSupportInvestissement>MSMM EUROZONE EQ FUND A</ns0:nomSupportInvestissement><ns0:codeCategorieFonds>OPACT</ns0:codeCategorieFonds><ns0:libelleCategorieFonds>OPCVM à tendance actions</ns0:libelleCategorieFonds><ns0:codeCategorieFondsSilo>PAC</ns0:codeCategorieFondsSilo><ns0:libelleCategorieFondsSilo>OPCVM à tendance actions</ns0:libelleCategorieFondsSilo><ns0:tauxRepartitionSupportInvestissement>0.2429</ns0:tauxRepartitionSupportInvestissement><ns0:deviseFonds>EUR</ns0:deviseFonds></ns0:SupportInvestissement></ns0:OccurenceStructureInvestissement><ns0:OccurenceStructureInvestissement><ns0:identifiantOccurenceStructureInvestissement>SF_15581900 SU_4456</ns0:identifiantOccurenceStructureInvestissement><ns0:identifiantOccurenceParentStructureInvestissement>SF_15581900</ns0:identifiantOccurenceParentStructureInvestissement><ns0:codeNatureSupportInvestissement>UNICPT</ns0:codeNatureSupportInvestissement><ns0:libelleNatureSupportInvestissement>UC</ns0:libelleNatureSupportInvestissement><ns0:codeNatureSupportInvestissementSilo>UC</ns0:codeNatureSupportInvestissementSilo><ns0:SupportInvestissement><ns0:identifiantSupportInvestissement>4456</ns0:identifiantSupportInvestissement><ns0:codeISIN>IE0031180304</ns0:codeISIN><ns0:nomSupportInvestissement>RIC II PLC - INV PAN EUROP EQU F</ns0:nomSupportInvestissement><ns0:codeCategorieFonds>OPACT</ns0:codeCategorieFonds><ns0:libelleCategorieFonds>OPCVM à tendance actions</ns0:libelleCategorieFonds><ns0:codeCategorieFondsSilo>PAC</ns0:codeCategorieFondsSilo><ns0:libelleCategorieFondsSilo>OPCVM à tendance actions</ns0:libelleCategorieFondsSilo><ns0:tauxRepartitionSupportInvestissement>0.2571</ns0:tauxRepartitionSupportInvestissement><ns0:deviseFonds>EUR</ns0:deviseFonds></ns0:SupportInvestissement></ns0:OccurenceStructureInvestissement><ns0:OccurenceStructureInvestissement><ns0:identifiantOccurenceStructureInvestissement>SF_15581900 SU_4457</ns0:identifiantOccurenceStructureInvestissement><ns0:identifiantOccurenceParentStructureInvestissement>SF_15581900</ns0:identifiantOccurenceParentStructureInvestissement><ns0:codeNatureSupportInvestissement>UNICPT</ns0:codeNatureSupportInvestissement><ns0:libelleNatureSupportInvestissement>UC</ns0:libelleNatureSupportInvestissement><ns0:codeNatureSupportInvestissementSilo>UC</ns0:codeNatureSupportInvestissementSilo><ns0:SupportInvestissement><ns0:identifiantSupportInvestissement>4457</ns0:identifiantSupportInvestissement><ns0:codeISIN>IE0004307934</ns0:codeISIN><ns0:nomSupportInvestissement>MSMM  European Small Cap Eq</ns0:nomSupportInvestissement><ns0:codeCategorieFonds>OPACT</ns0:codeCategorieFonds><ns0:libelleCategorieFonds>OPCVM à tendance actions</ns0:libelleCategorieFonds><ns0:codeCategorieFondsSilo>PAC</ns0:codeCategorieFondsSilo><ns0:libelleCategorieFondsSilo>OPCVM à tendance actions</ns0:libelleCategorieFondsSilo><ns0:tauxRepartitionSupportInvestissement>0.1429</ns0:tauxRepartitionSupportInvestissement><ns0:deviseFonds>EUR</ns0:deviseFonds></ns0:SupportInvestissement></ns0:OccurenceStructureInvestissement><ns0:OccurenceStructureInvestissement><ns0:identifiantOccurenceStructureInvestissement>SF_15581900 SU_4455</ns0:identifiantOccurenceStructureInvestissement><ns0:identifiantOccurenceParentStructureInvestissement>SF_15581900</ns0:identifiantOccurenceParentStructureInvestissement><ns0:codeNatureSupportInvestissement>UNICPT</ns0:codeNatureSupportInvestissement><ns0:libelleNatureSupportInvestissement>UC</ns0:libelleNatureSupportInvestissement><ns0:codeNatureSupportInvestissementSilo>UC</ns0:codeNatureSupportInvestissementSilo><ns0:SupportInvestissement><ns0:identifiantSupportInvestissement>4455</ns0:identifiantSupportInvestissement><ns0:codeISIN>IE0007356581</ns0:codeISIN><ns0:nomSupportInvestissement>RIC PLC - INV CONTI EUROP EQUI C</ns0:nomSupportInvestissement><ns0:codeCategorieFonds>OPACT</ns0:codeCategorieFonds><ns0:libelleCategorieFonds>OPCVM à tendance actions</ns0:libelleCategorieFonds><ns0:codeCategorieFondsSilo>PAC</ns0:codeCategorieFondsSilo><ns0:libelleCategorieFondsSilo>OPCVM à tendance actions</ns0:libelleCategorieFondsSilo><ns0:tauxRepartitionSupportInvestissement>0.3571</ns0:tauxRepartitionSupportInvestissement><ns0:deviseFonds>EUR</ns0:deviseFonds></ns0:SupportInvestissement></ns0:OccurenceStructureInvestissement><ns0:OccurenceStructureInvestissement><ns0:identifiantOccurenceStructureInvestissement>SF_15581901 SU_4460</ns0:identifiantOccurenceStructureInvestissement><ns0:identifiantOccurenceParentStructureInvestissement>SF_15581901</ns0:identifiantOccurenceParentStructureInvestissement><ns0:codeNatureSupportInvestissement>UNICPT</ns0:codeNatureSupportInvestissement><ns0:libelleNatureSupportInvestissement>UC</ns0:libelleNatureSupportInvestissement><ns0:codeNatureSupportInvestissementSilo>UC</ns0:codeNatureSupportInvestissementSilo><ns0:SupportInvestissement><ns0:identifiantSupportInvestissement>4460</ns0:identifiantSupportInvestissement><ns0:codeISIN>IE0003502493</ns0:codeISIN><ns0:nomSupportInvestissement>RIC Emerging Markets Eq B</ns0:nomSupportInvestissement><ns0:codeCategorieFonds>OPACT</ns0:codeCategorieFonds><ns0:libelleCategorieFonds>OPCVM à tendance actions</ns0:libelleCategorieFonds><ns0:codeCategorieFondsSilo>PAC</ns0:codeCategorieFondsSilo><ns0:libelleCategorieFondsSilo>OPCVM à tendance actions</ns0:libelleCategorieFondsSilo><ns0:tauxRepartitionSupportInvestissement>1.0</ns0:tauxRepartitionSupportInvestissement><ns0:deviseFonds>USD</ns0:deviseFonds></ns0:SupportInvestissement></ns0:OccurenceStructureInvestissement></ns0:ConsulterCompteGeneralesEREFunc></ns0:ConsulterCompteGeneralesEREResponse></SOAP-ENV:Body></SOAP-ENV:Envelope>