<?xml version="1.0" encoding="UTF-8"?>
<SOAP-ENV:Envelope xmlns:SOAP-ENV="http://schemas.xmlsoap.org/soap/envelope/">
    <SOAP-ENV:Header>
        <ns:WSResponseMetaInfo xmlns:xs="http://www.w3.org/2001/XMLSchema" xmlns:xsi="http://www.w3.org/2001/XMLSchema-instance" xmlns:ns="http://www.fmk.com/ESB/Framework/ESBTechPivotSchema" xmlns:ns0="http://schemas.xmlsoap.org/soap/envelope/">
            <ns:FuncFault/>
            <ns:BusinessHeader/>
        </ns:WSResponseMetaInfo>
    </SOAP-ENV:Header>
    <SOAP-ENV:Body>
        <ns0:RechercherCtrPersSiloResponse xmlns:ns0="http://www.alm.com/esb/service/GestCtrPers_1/RechercherCtrPersSilo_1">
            <ns0:RechercherCtrPersSiloFunc>
                <ns0:CtrAssur>
                    <ns0:IdentCtr>
                        <ns0:IdentSiloCtr>
                            <ns0:idDansSilo>RG151696748</ns0:idDansSilo>
                            <ns0:codeAppli>A0252</ns0:codeAppli>
                        </ns0:IdentSiloCtr>
                    </ns0:IdentCtr>
                    <ns0:InfoCtr>
                        <ns0:dateEffet>2016-11-01</ns0:dateEffet>
                        <ns0:codeSitCtr>VALID</ns0:codeSitCtr>
                        <ns0:libSitCtr>Validé</ns0:libSitCtr>
                        <ns0:idPortfCtr>ACA</ns0:idPortfCtr>
                    </ns0:InfoCtr>
                    <ns0:Sousc>
                        <ns0:IdentSiloSousc>
                            <ns0:idDansSilo>S4441922</ns0:idDansSilo>
                            <ns0:codeAppli>A0252</ns0:codeAppli>
                        </ns0:IdentSiloSousc>
                        <ns0:SignqSouscPM>
                            <ns0:raisSocl>NESTLE PURINA PETCARE FRANCE</ns0:raisSocl>
                        </ns0:SignqSouscPM>
                    </ns0:Sousc>
                    <ns0:OfrCialSousc>
                        <ns0:typecon>RG01</ns0:typecon>
                        <ns0:numgen>001</ns0:numgen>
                    </ns0:OfrCialSousc>
                    <ns0:ActrCtr>
                        <ns0:idAssCtr>ARI</ns0:idAssCtr>
                        <ns0:idApportAffr>1515</ns0:idApportAffr>
                        <ns0:idDistPdt>001</ns0:idDistPdt>
                    </ns0:ActrCtr>
                    <ns0:CtrColl>
                        <ns0:CatPrsl>
                            <ns0:codeCatPrsl>11875</ns0:codeCatPrsl>
                            <ns0:libCatPrsl>Ensemble des salariés relevant des articles 4, 4bis et 36 de la Convention Nationale de Retraite et de Prévoyance des Cadres du 14 mars 1947 et de son annexe 1 sous la condition de disposer d'une ancienneté supérieure à 3 mois civils</ns0:libCatPrsl>
                            <ns0:codeSitCatPrsl>RECOUV</ns0:codeSitCatPrsl>
                            <ns0:libSitCatPrsl>Mise en recouvrement</ns0:libSitCatPrsl>
                        </ns0:CatPrsl>
                        <ns0:Adh>
                            <ns0:identSiloAdh>
                                <ns0:idDansSilo/>
                                <ns0:codeAppli>A0252</ns0:codeAppli>
                            </ns0:identSiloAdh>
                            <ns0:SignqAdhPM/>
                        </ns0:Adh>
                    </ns0:CtrColl>
                    <ns0:CtrIndv>
                        <ns0:AssurePrcp>
                            <ns0:IdentSiloAssurePrcp>
                                <ns0:idDansSilo>1362913</ns0:idDansSilo>
                                <ns0:codeAppli>A0252</ns0:codeAppli>
                            </ns0:IdentSiloAssurePrcp>
                            <ns0:codeSitAffil>AFSBI</ns0:codeSitAffil>
                            <ns0:libSitAffil>Affilié en cours sans BIA</ns0:libSitAffil>
                            <ns0:dateSitAffil>2020-06-15</ns0:dateSitAffil>
                        </ns0:AssurePrcp>
                    </ns0:CtrIndv>
                </ns0:CtrAssur>
            </ns0:RechercherCtrPersSiloFunc>
        </ns0:RechercherCtrPersSiloResponse>
    </SOAP-ENV:Body>
</SOAP-ENV:Envelope>
