</ns0:idAssCtr><ns0:idApportAffr>209</ns0:idApportAffr><ns0:idDistPdt>002</ns0:idDistPdt></ns0:ActrCtr><ns0:CtrColl><ns0:CatPrsl><ns0:codeCatPrsl>10771</ns0:codeCatPrsl><ns0:libCatPrsl>Ensemble du personnel relevant des articles 4, 4 bis et 36 de la CCN Agirc du 14 mars 1947, et de son annexe 1</ns0:libCatPrsl><ns0:codeSitCatPrsl>RECOUV</ns0:codeSitCatPrsl><ns0:libSitCatPrsl>Mise en recouvrement</ns0:libSitCatPrsl></ns0:CatPrsl><ns0:Adh><ns0:identSiloAdh><ns0:idDansSilo/><ns0:codeAppli>A0252</ns0:codeAppli></ns0:identSiloAdh><ns0:SignqAdhPM/></ns0:Adh></ns0:CtrColl><ns0:CtrIndv><ns0:AssurePrcp><ns0:IdentSiloAssurePrcp><ns0:idDansSilo>789010</ns0:idDansSilo><ns0:codeAppli>A0252</ns0:codeAppli></ns0:IdentSiloAssurePrcp><ns0:codeSitAffil>AFBIA</ns0:codeSitAffil><ns0:libSitAffil>Affilié en cours avec BIA</ns0:libSitAffil><ns0:dateSitAffil>2020-06-15</ns0:dateSitAffil></ns0:AssurePrcp></ns0:CtrIndv></ns0:CtrAssur></ns0:RechercherCtrPersSiloFunc></ns0:RechercherCtrPersSiloResponse></SOAP-ENV:Body></SOAP-ENV:Envelope>