<SOAP-ENV:Envelope xmlns:SOAP-ENV="http://schemas.xmlsoap.org/soap/envelope/"><SOAP-ENV:Header><ns:WSResponseMetaInfo xmlns:ns="http://www.fmk.com/ESB/Framework/ESBTechPivotSchema" xmlns:ns0="http://schemas.xmlsoap.org/soap/envelope/" xmlns:xs="http://www.w3.org/2001/XMLSchema" xmlns:xsi="http://www.w3.org/2001/XMLSchema-instance"><ns:FuncFault/><ns:BusinessHeader/></ns:WSResponseMetaInfo></SOAP-ENV:Header><SOAP-ENV:Body><ns0:RechercherCtrPersSiloResponse xmlns:ns0="http://www.alm.com/esb/service/GestCtrPers_1/RechercherCtrPersSilo_1"><ns0:RechercherCtrPersSiloFunc><ns0:CtrAssur><ns0:IdentCtr><ns0:IdentSiloCtr><ns0:idDansSilo>RG151218732</ns0:idDansSilo><ns0:codeAppli>A0252</ns0:codeAppli></ns0:IdentSiloCtr></ns0:IdentCtr><ns0:InfoCtr><ns0:dateEffet>2010-10-01</ns0:dateEffet><ns0:codeSitCtr>VALID</ns0:codeSitCtr><ns0:libSitCtr>Validé</ns0:libSitCtr><ns0:idPortfCtr>ARI</ns0:idPortfCtr></ns0:InfoCtr><ns0:Sousc><ns0:IdentSiloSousc><ns0:idDansSilo>S4114977</ns0:idDansSilo><ns0:codeAppli>A0252</ns0:codeAppli></ns0:IdentSiloSousc><ns0:SignqSouscPM><ns0:raisSocl>ENEDIS GRDF</ns0:raisSocl></ns0:SignqSouscPM></ns0:Sousc><ns0:OfrCialSousc><ns0:typecon>RG01</ns0:typecon><ns0:numgen>012</ns0:numgen></ns0:OfrCialSousc><ns0:ActrCtr><ns0:idAssCtr>ARI</ns0:idAssCtr><ns0:idApportAffr>362</ns0:idApportAffr><ns0:idDistPdt>001</ns0:idDistPdt></ns0:ActrCtr><ns0:CtrColl><ns0:CatPrsl><ns0:codeCatPrsl>11845</ns0:codeCatPrsl><ns0:libCatPrsl>Salariés statutaires ERDF et Service Commun</ns0:libCatPrsl><ns0:codeSitCatPrsl>RECOUV</ns0:codeSitCatPrsl><ns0:libSitCatPrsl>Mise en recouvrement</ns0:libSitCatPrsl></ns0:CatPrsl><ns0:Adh><ns0:identSiloAdh><ns0:idDansSilo>S4378100</ns0:idDansSilo><ns0:codeAppli>A0252</ns0:codeAppli></ns0:identSiloAdh><ns0:SignqAdhPM><ns0:raisSocl>ENEDIS</ns0:raisSocl></ns0:SignqAdhPM><ns0:codeSitAdh>VALID</ns0:codeSitAdh><ns0:libSitAdh>Validé</ns0:libSitAdh></ns0:Adh></ns0:CtrColl><ns0:CtrIndv><ns0:AssurePrcp><ns0:IdentSiloAssurePrcp><ns0:idDansSilo>986339</ns0:idDansSilo><ns0:codeAppli>A0252</ns0:codeAppli></ns0:IdentSiloAssurePrcp><ns0:codeSitAffil>AFSBI</ns0:codeSitAffil><ns0:libSitAffil>Affilié en cours sans BIA</ns0:libSitAffil><ns0:dateSitAffil>2020-06-18</ns0:dateSitAffil></ns0:AssurePrcp></ns0:CtrIndv></ns0:CtrAssur><ns0:CtrAssur><ns0:IdentCtr><ns0:IdentSiloCtr><ns0:idDansSilo>RG151218732</ns0:idDansSilo><ns0:codeAppli>A0252</ns0:codeAppli></ns0:IdentSiloCtr></ns0:IdentCtr><ns0:InfoCtr><ns0:dateEffet>2010-10-01</ns0:dateEffet><ns0:codeSitCtr>VALID</ns0:codeSitCtr><ns0:libSitCtr>Validé</ns0:libSitCtr><ns0:idPortfCtr>ARI</ns0:idPortfCtr></ns0:InfoCtr><ns0:Sousc><ns0:IdentSiloSousc><ns0:idDansSilo>S4114977</ns0:idDansSilo><ns0:codeAppli>A0252</ns0:codeAppli></ns0:IdentSiloSousc><ns0:SignqSouscPM><ns0:raisSocl>ENEDIS GRDF</ns0:raisSocl></ns0:SignqSouscPM></ns0:Sousc><ns0:OfrCialSousc><ns0:typecon>RG01</ns0:typecon><ns0:numgen>012</ns0:numgen></ns0:OfrCialSousc><ns0:ActrCtr><ns0:idAssCtr>ARI</ns0:idAssCtr><ns0:idApportAffr>362</ns0:idApportAffr><ns0:idDistPdt>001</ns0:idDistPdt></ns0:ActrCtr><ns0:CtrColl><ns0:CatPrsl><ns0:codeCatPrsl>8402</ns0:codeCatPrsl><ns0:libCatPrsl>Salariés statutaires ERDF et Service Commun</ns0:libCatPrsl><ns0:codeSitCatPrsl>STOPQT</ns0:codeSitCatPrsl><ns0:libSitCatPrsl>Arrêt de quittancement</ns0:libSitCatPrsl></ns0:CatPrsl><ns0:Adh><ns0:identSiloAdh><ns0:idDansSilo/><ns0:codeAppli>A0252</ns0:codeAppli></ns0:identSiloAdh><ns0:SignqAdhPM/></ns0:Adh></ns0:CtrColl><ns0:CtrIndv><ns0:AssurePrcp><ns0:IdentSiloAssurePrcp><ns0:idDansSilo>498084</ns0:idDansSilo><ns0:codeAppli>A0252</ns0:codeAppli></ns0:IdentSiloAssurePrcp><ns0:codeSitAffil>TRANS</ns0:codeSitAffil><ns0:libSitAffil>Transféré</ns0:libSitAffil><ns0:dateSitAffil>2020-06-18</ns0:dateSitAffil></ns0:AssurePrcp></ns0:CtrIndv></ns0:CtrAssur></ns0:RechercherCtrPersSiloFunc></ns0:RechercherCtrPersSiloResponse></SOAP-ENV:Body></SOAP-ENV:Envelope>