<SOAP-ENV:Envelope xmlns:SOAP-ENV="http://schemas.xmlsoap.org/soap/envelope/">
    <SOAP-ENV:Header>
        <ns:WSResponseMetaInfo xmlns:ns="http://www.fmk.com/ESB/Framework/ESBTechPivotSchema"
                               xmlns:ns0="http://schemas.xmlsoap.org/soap/envelope/"
                               xmlns:xs="http://www.w3.org/2001/XMLSchema"
                               xmlns:xsi="http://www.w3.org/2001/XMLSchema-instance">
            <ns:FuncFault/>
            <ns:BusinessHeader/>
        </ns:WSResponseMetaInfo>
    </SOAP-ENV:Header>
    <SOAP-ENV:Body>
        <ns0:RechercherCtrPersSiloResponse
                xmlns:ns0="http://www.alm.com/esb/service/GestCtrPers_1/RechercherCtrPersSilo_1">
            <ns0:RechercherCtrPersSiloFunc>
                <ns0:CtrAssur>
                    <ns0:IdentCtr>
                        <ns0:IdentSiloCtr>
                            <ns0:idDansSilo>RA226235428000</ns0:idDansSilo>
                            <ns0:codeAppli>A0443</ns0:codeAppli>
                        </ns0:IdentSiloCtr>
                        <ns0:codeNatCtr>IND</ns0:codeNatCtr>
                        <ns0:libNatCtr>Individuel</ns0:libNatCtr>
                        <ns0:codeNatCtrSilo>I</ns0:codeNatCtrSilo>
                        <ns0:codeBrchAssur>RET</ns0:codeBrchAssur>
                        <ns0:libBrchAssur>RETRAITE</ns0:libBrchAssur>
                        <ns0:codeBrchAssurSilo>RA</ns0:codeBrchAssurSilo>
                    </ns0:IdentCtr>
                    <ns0:InfoCtr>
                        <ns0:dateEffet>2018-01-01</ns0:dateEffet>
                        <ns0:dateFinEffet>2023-06-30</ns0:dateFinEffet>
                        <ns0:dateEmis>2020-03-04</ns0:dateEmis>
                        <ns0:codeSitCtr>EC</ns0:codeSitCtr>
                        <ns0:libSitCtr>En cours</ns0:libSitCtr>
                        <ns0:codeSitCtrSilo>2</ns0:codeSitCtrSilo>
                        <ns0:dateSitCtr>2018-01-01</ns0:dateSitCtr>
                        <ns0:idPortfCtr>PAC</ns0:idPortfCtr>
                    </ns0:InfoCtr>
                    <ns0:Sousc>
                        <ns0:IdentSiloSousc>
                            <ns0:idDansSilo>P0850739</ns0:idDansSilo>
                            <ns0:codeAppli>A0443</ns0:codeAppli>
                        </ns0:IdentSiloSousc>
                    </ns0:Sousc>
                    <ns0:OfrCialSousc>
                        <ns0:typecon>RA09</ns0:typecon>
                        <ns0:numgen>A06</ns0:numgen>
                        <ns0:codeOfrCial>RA09A06RES</ns0:codeOfrCial>
                        <ns0:libOfrCial>ARI VVOLO PERP GAR LIQ</ns0:libOfrCial>
                    </ns0:OfrCialSousc>
                    <ns0:ActrCtr>
                        <ns0:idAssCtrSilo>LM</ns0:idAssCtrSilo>
                        <ns0:idApportAffr>20941</ns0:idApportAffr>
                        <ns0:idDistPdt>RES</ns0:idDistPdt>
                        <ns0:indGestTiers>DE MARIA FABIENNE</ns0:indGestTiers>
                    </ns0:ActrCtr>
                    <ns0:CtrIndv>
                        <ns0:AssurePrcp>
                            <ns0:IdentSiloAssurePrcp>
                                <ns0:idDansSilo>P0850739</ns0:idDansSilo>
                                <ns0:codeAppli>A0443</ns0:codeAppli>
                            </ns0:IdentSiloAssurePrcp>
                        </ns0:AssurePrcp>
                    </ns0:CtrIndv>
                </ns0:CtrAssur>
                <ns0:CtrAssur>
                    <ns0:IdentCtr>
                        <ns0:IdentSiloCtr>
                            <ns0:idDansSilo>RA226234749000</ns0:idDansSilo>
                            <ns0:codeAppli>A0443</ns0:codeAppli>
                        </ns0:IdentSiloCtr>
                        <ns0:codeNatCtr>IND</ns0:codeNatCtr>
                        <ns0:libNatCtr>Individuel</ns0:libNatCtr>
                        <ns0:codeNatCtrSilo>I</ns0:codeNatCtrSilo>
                        <ns0:codeBrchAssur>RET</ns0:codeBrchAssur>
                        <ns0:libBrchAssur>RETRAITE</ns0:libBrchAssur>
                        <ns0:codeBrchAssurSilo>RA</ns0:codeBrchAssurSilo>
                    </ns0:IdentCtr>
                    <ns0:InfoCtr>
                        <ns0:dateEffet>2018-01-01</ns0:dateEffet>
                        <ns0:dateFinEffet>2020-04-03</ns0:dateFinEffet>
                        <ns0:dateEmis>2020-03-02</ns0:dateEmis>
                        <ns0:codeSitCtr>RACHDEM</ns0:codeSitCtr>
                        <ns0:libSitCtr>Racheté demande</ns0:libSitCtr>
                        <ns0:codeSitCtrSilo>7</ns0:codeSitCtrSilo>
                        <ns0:dateSitCtr>2020-04-03</ns0:dateSitCtr>
                        <ns0:idPortfCtr>PAC</ns0:idPortfCtr>
                    </ns0:InfoCtr>
                    <ns0:Sousc>
                        <ns0:IdentSiloSousc>
                            <ns0:idDansSilo>P0850739</ns0:idDansSilo>
                            <ns0:codeAppli>A0443</ns0:codeAppli>
                        </ns0:IdentSiloSousc>
                    </ns0:Sousc>
                    <ns0:OfrCialSousc>
                        <ns0:typecon>RA09</ns0:typecon>
                        <ns0:numgen>A06</ns0:numgen>
                        <ns0:codeOfrCial>RA09A06RES</ns0:codeOfrCial>
                        <ns0:libOfrCial>ARI VVOLO PERP GAR LIQ</ns0:libOfrCial>
                    </ns0:OfrCialSousc>
                    <ns0:ActrCtr>
                        <ns0:idAssCtrSilo>LM</ns0:idAssCtrSilo>
                        <ns0:idApportAffr>20941</ns0:idApportAffr>
                        <ns0:idDistPdt>RES</ns0:idDistPdt>
                        <ns0:indGestTiers>DE MARIA FABIENNE</ns0:indGestTiers>
                    </ns0:ActrCtr>
                    <ns0:CtrIndv>
                        <ns0:AssurePrcp>
                            <ns0:IdentSiloAssurePrcp>
                                <ns0:idDansSilo>P0850739</ns0:idDansSilo>
                                <ns0:codeAppli>A0443</ns0:codeAppli>
                            </ns0:IdentSiloAssurePrcp>
                        </ns0:AssurePrcp>
                    </ns0:CtrIndv>
                </ns0:CtrAssur>
                <ns0:CtrAssur>
                    <ns0:IdentCtr>
                        <ns0:IdentSiloCtr>
                            <ns0:idDansSilo>RA226234070000</ns0:idDansSilo>
                            <ns0:codeAppli>A0443</ns0:codeAppli>
                        </ns0:IdentSiloCtr>
                        <ns0:codeNatCtr>IND</ns0:codeNatCtr>
                        <ns0:libNatCtr>Individuel</ns0:libNatCtr>
                        <ns0:codeNatCtrSilo>I</ns0:codeNatCtrSilo>
                        <ns0:codeBrchAssur>RET</ns0:codeBrchAssur>
                        <ns0:libBrchAssur>RETRAITE</ns0:libBrchAssur>
                        <ns0:codeBrchAssurSilo>RA</ns0:codeBrchAssurSilo>
                    </ns0:IdentCtr>
                    <ns0:InfoCtr>
                        <ns0:dateEffet>2019-01-01</ns0:dateEffet>
                        <ns0:dateFinEffet>2028-06-30</ns0:dateFinEffet>
                        <ns0:dateEmis>2020-02-21</ns0:dateEmis>
                        <ns0:codeSitCtr>EC</ns0:codeSitCtr>
                        <ns0:libSitCtr>En cours</ns0:libSitCtr>
                        <ns0:codeSitCtrSilo>2</ns0:codeSitCtrSilo>
                        <ns0:dateSitCtr>2019-01-01</ns0:dateSitCtr>
                        <ns0:idPortfCtr>PAC</ns0:idPortfCtr>
                    </ns0:InfoCtr>
                    <ns0:Sousc>
                        <ns0:IdentSiloSousc>
                            <ns0:idDansSilo>P0850739</ns0:idDansSilo>
                            <ns0:codeAppli>A0443</ns0:codeAppli>
                        </ns0:IdentSiloSousc>
                    </ns0:Sousc>
                    <ns0:OfrCialSousc>
                        <ns0:typecon>RA09</ns0:typecon>
                        <ns0:numgen>A04</ns0:numgen>
                        <ns0:codeOfrCial>RA09A04RES</ns0:codeOfrCial>
                        <ns0:libOfrCial>ARP VVOLO MAD AGRI GAR LIQ</ns0:libOfrCial>
                    </ns0:OfrCialSousc>
                    <ns0:ActrCtr>
                        <ns0:idAssCtrSilo>LM</ns0:idAssCtrSilo>
                        <ns0:idApportAffr>20941</ns0:idApportAffr>
                        <ns0:idDistPdt>RES</ns0:idDistPdt>
                        <ns0:indGestTiers>DE MARIA FABIENNE</ns0:indGestTiers>
                    </ns0:ActrCtr>
                    <ns0:CtrIndv>
                        <ns0:AssurePrcp>
                            <ns0:IdentSiloAssurePrcp>
                                <ns0:idDansSilo>P0850739</ns0:idDansSilo>
                                <ns0:codeAppli>A0443</ns0:codeAppli>
                            </ns0:IdentSiloAssurePrcp>
                        </ns0:AssurePrcp>
                    </ns0:CtrIndv>
                </ns0:CtrAssur>
                <ns0:CtrAssur>
                    <ns0:IdentCtr>
                        <ns0:IdentSiloCtr>
                            <ns0:idDansSilo>RA226233973000</ns0:idDansSilo>
                            <ns0:codeAppli>A0443</ns0:codeAppli>
                        </ns0:IdentSiloCtr>
                        <ns0:codeNatCtr>IND</ns0:codeNatCtr>
                        <ns0:libNatCtr>Individuel</ns0:libNatCtr>
                        <ns0:codeNatCtrSilo>I</ns0:codeNatCtrSilo>
                        <ns0:codeBrchAssur>RET</ns0:codeBrchAssur>
                        <ns0:libBrchAssur>RETRAITE</ns0:libBrchAssur>
                        <ns0:codeBrchAssurSilo>RA</ns0:codeBrchAssurSilo>
                    </ns0:IdentCtr>
                    <ns0:InfoCtr>
                        <ns0:dateEffet>2019-01-01</ns0:dateEffet>
                        <ns0:dateFinEffet>2028-06-30</ns0:dateFinEffet>
                        <ns0:dateEmis>2020-02-21</ns0:dateEmis>
                        <ns0:codeSitCtr>EC</ns0:codeSitCtr>
                        <ns0:libSitCtr>En cours</ns0:libSitCtr>
                        <ns0:codeSitCtrSilo>2</ns0:codeSitCtrSilo>
                        <ns0:dateSitCtr>2019-01-01</ns0:dateSitCtr>
                        <ns0:idPortfCtr>PAC</ns0:idPortfCtr>
                    </ns0:InfoCtr>
                    <ns0:Sousc>
                        <ns0:IdentSiloSousc>
                            <ns0:idDansSilo>P0850739</ns0:idDansSilo>
                            <ns0:codeAppli>A0443</ns0:codeAppli>
                        </ns0:IdentSiloSousc>
                    </ns0:Sousc>
                    <ns0:OfrCialSousc>
                        <ns0:typecon>RA09</ns0:typecon>
                        <ns0:numgen>A04</ns0:numgen>
                        <ns0:codeOfrCial>RA09A04RES</ns0:codeOfrCial>
                        <ns0:libOfrCial>ARP VVOLO MAD AGRI GAR LIQ</ns0:libOfrCial>
                    </ns0:OfrCialSousc>
                    <ns0:ActrCtr>
                        <ns0:idAssCtrSilo>LM</ns0:idAssCtrSilo>
                        <ns0:idApportAffr>20941</ns0:idApportAffr>
                        <ns0:idDistPdt>RES</ns0:idDistPdt>
                        <ns0:indGestTiers>DE MARIA FABIENNE</ns0:indGestTiers>
                    </ns0:ActrCtr>
                    <ns0:CtrIndv>
                        <ns0:AssurePrcp>
                            <ns0:IdentSiloAssurePrcp>
                                <ns0:idDansSilo>P0850739</ns0:idDansSilo>
                                <ns0:codeAppli>A0443</ns0:codeAppli>
                            </ns0:IdentSiloAssurePrcp>
                        </ns0:AssurePrcp>
                    </ns0:CtrIndv>
                </ns0:CtrAssur>
                <ns0:CtrAssur>
                    <ns0:IdentCtr>
                        <ns0:IdentSiloCtr>
                            <ns0:idDansSilo>RA226231063000</ns0:idDansSilo>
                            <ns0:codeAppli>A0443</ns0:codeAppli>
                        </ns0:IdentSiloCtr>
                        <ns0:codeNatCtr>IND</ns0:codeNatCtr>
                        <ns0:libNatCtr>Individuel</ns0:libNatCtr>
                        <ns0:codeNatCtrSilo>I</ns0:codeNatCtrSilo>
                        <ns0:codeBrchAssur>RET</ns0:codeBrchAssur>
                        <ns0:libBrchAssur>RETRAITE</ns0:libBrchAssur>
                        <ns0:codeBrchAssurSilo>RA</ns0:codeBrchAssurSilo>
                    </ns0:IdentCtr>
                    <ns0:InfoCtr>
                        <ns0:dateEffet>2018-01-01</ns0:dateEffet>
                        <ns0:dateFinEffet>2026-06-30</ns0:dateFinEffet>
                        <ns0:dateEmis>2020-01-15</ns0:dateEmis>
                        <ns0:codeSitCtr>EC</ns0:codeSitCtr>
                        <ns0:libSitCtr>En cours</ns0:libSitCtr>
                        <ns0:codeSitCtrSilo>2</ns0:codeSitCtrSilo>
                        <ns0:dateSitCtr>2018-01-01</ns0:dateSitCtr>
                        <ns0:idPortfCtr>PAC</ns0:idPortfCtr>
                    </ns0:InfoCtr>
                    <ns0:Sousc>
                        <ns0:IdentSiloSousc>
                            <ns0:idDansSilo>P0850739</ns0:idDansSilo>
                            <ns0:codeAppli>A0443</ns0:codeAppli>
                        </ns0:IdentSiloSousc>
                    </ns0:Sousc>
                    <ns0:OfrCialSousc>
                        <ns0:typecon>RA09</ns0:typecon>
                        <ns0:numgen>A03</ns0:numgen>
                        <ns0:codeOfrCial>RA09A03RES</ns0:codeOfrCial>
                        <ns0:libOfrCial>ARP VVOLO MAD AGRI GAR ADH</ns0:libOfrCial>
                    </ns0:OfrCialSousc>
                    <ns0:ActrCtr>
                        <ns0:idAssCtrSilo>LM</ns0:idAssCtrSilo>
                        <ns0:idApportAffr>20941</ns0:idApportAffr>
                        <ns0:idDistPdt>RES</ns0:idDistPdt>
                        <ns0:indGestTiers>DE MARIA FABIENNE</ns0:indGestTiers>
                    </ns0:ActrCtr>
                    <ns0:CtrIndv>
                        <ns0:AssurePrcp>
                            <ns0:IdentSiloAssurePrcp>
                                <ns0:idDansSilo>P0850739</ns0:idDansSilo>
                                <ns0:codeAppli>A0443</ns0:codeAppli>
                            </ns0:IdentSiloAssurePrcp>
                        </ns0:AssurePrcp>
                    </ns0:CtrIndv>
                </ns0:CtrAssur>
                <ns0:CtrAssur>
                    <ns0:IdentCtr>
                        <ns0:IdentSiloCtr>
                            <ns0:idDansSilo>RA226228929000</ns0:idDansSilo>
                            <ns0:codeAppli>A0443</ns0:codeAppli>
                        </ns0:IdentSiloCtr>
                        <ns0:codeNatCtr>IND</ns0:codeNatCtr>
                        <ns0:libNatCtr>Individuel</ns0:libNatCtr>
                        <ns0:codeNatCtrSilo>I</ns0:codeNatCtrSilo>
                        <ns0:codeBrchAssur>RET</ns0:codeBrchAssur>
                        <ns0:libBrchAssur>RETRAITE</ns0:libBrchAssur>
                        <ns0:codeBrchAssurSilo>RA</ns0:codeBrchAssurSilo>
                    </ns0:IdentCtr>
                    <ns0:InfoCtr>
                        <ns0:dateEffet>2018-01-01</ns0:dateEffet>
                        <ns0:dateFinEffet>2026-06-30</ns0:dateFinEffet>
                        <ns0:dateEmis>2020-01-13</ns0:dateEmis>
                        <ns0:codeSitCtr>EC</ns0:codeSitCtr>
                        <ns0:libSitCtr>En cours</ns0:libSitCtr>
                        <ns0:codeSitCtrSilo>2</ns0:codeSitCtrSilo>
                        <ns0:dateSitCtr>2018-01-01</ns0:dateSitCtr>
                        <ns0:idPortfCtr>PAC</ns0:idPortfCtr>
                    </ns0:InfoCtr>
                    <ns0:Sousc>
                        <ns0:IdentSiloSousc>
                            <ns0:idDansSilo>P0850739</ns0:idDansSilo>
                            <ns0:codeAppli>A0443</ns0:codeAppli>
                        </ns0:IdentSiloSousc>
                    </ns0:Sousc>
                    <ns0:OfrCialSousc>
                        <ns0:typecon>RA09</ns0:typecon>
                        <ns0:numgen>A03</ns0:numgen>
                        <ns0:codeOfrCial>RA09A03RES</ns0:codeOfrCial>
                        <ns0:libOfrCial>ARP VVOLO MAD AGRI GAR ADH</ns0:libOfrCial>
                    </ns0:OfrCialSousc>
                    <ns0:ActrCtr>
                        <ns0:idAssCtrSilo>LM</ns0:idAssCtrSilo>
                        <ns0:idApportAffr>20941</ns0:idApportAffr>
                        <ns0:idDistPdt>RES</ns0:idDistPdt>
                        <ns0:indGestTiers>DE MARIA FABIENNE</ns0:indGestTiers>
                    </ns0:ActrCtr>
                    <ns0:CtrIndv>
                        <ns0:AssurePrcp>
                            <ns0:IdentSiloAssurePrcp>
                                <ns0:idDansSilo>P0850739</ns0:idDansSilo>
                                <ns0:codeAppli>A0443</ns0:codeAppli>
                            </ns0:IdentSiloAssurePrcp>
                        </ns0:AssurePrcp>
                    </ns0:CtrIndv>
                </ns0:CtrAssur>
                <ns0:CtrAssur>
                    <ns0:IdentCtr>
                        <ns0:IdentSiloCtr>
                            <ns0:idDansSilo>RA226225825000</ns0:idDansSilo>
                            <ns0:codeAppli>A0443</ns0:codeAppli>
                        </ns0:IdentSiloCtr>
                        <ns0:codeNatCtr>IND</ns0:codeNatCtr>
                        <ns0:libNatCtr>Individuel</ns0:libNatCtr>
                        <ns0:codeNatCtrSilo>I</ns0:codeNatCtrSilo>
                        <ns0:codeBrchAssur>RET</ns0:codeBrchAssur>
                        <ns0:libBrchAssur>RETRAITE</ns0:libBrchAssur>
                        <ns0:codeBrchAssurSilo>RA</ns0:codeBrchAssurSilo>
                    </ns0:IdentCtr>
                    <ns0:InfoCtr>
                        <ns0:dateEffet>2018-01-01</ns0:dateEffet>
                        <ns0:dateFinEffet>2028-06-30</ns0:dateFinEffet>
                        <ns0:dateEmis>2020-01-09</ns0:dateEmis>
                        <ns0:codeSitCtr>EC</ns0:codeSitCtr>
                        <ns0:libSitCtr>En cours</ns0:libSitCtr>
                        <ns0:codeSitCtrSilo>2</ns0:codeSitCtrSilo>
                        <ns0:dateSitCtr>2018-01-01</ns0:dateSitCtr>
                        <ns0:idPortfCtr>PAC</ns0:idPortfCtr>
                    </ns0:InfoCtr>
                    <ns0:Sousc>
                        <ns0:IdentSiloSousc>
                            <ns0:idDansSilo>P0850739</ns0:idDansSilo>
                            <ns0:codeAppli>A0443</ns0:codeAppli>
                        </ns0:IdentSiloSousc>
                    </ns0:Sousc>
                    <ns0:OfrCialSousc>
                        <ns0:typecon>RA09</ns0:typecon>
                        <ns0:numgen>A04</ns0:numgen>
                        <ns0:codeOfrCial>RA09A04RES</ns0:codeOfrCial>
                        <ns0:libOfrCial>ARP VVOLO MAD AGRI GAR LIQ</ns0:libOfrCial>
                    </ns0:OfrCialSousc>
                    <ns0:ActrCtr>
                        <ns0:idAssCtrSilo>LM</ns0:idAssCtrSilo>
                        <ns0:idApportAffr>20941</ns0:idApportAffr>
                        <ns0:idDistPdt>RES</ns0:idDistPdt>
                        <ns0:indGestTiers>DE MARIA FABIENNE</ns0:indGestTiers>
                    </ns0:ActrCtr>
                    <ns0:CtrIndv>
                        <ns0:AssurePrcp>
                            <ns0:IdentSiloAssurePrcp>
                                <ns0:idDansSilo>P0850739</ns0:idDansSilo>
                                <ns0:codeAppli>A0443</ns0:codeAppli>
                            </ns0:IdentSiloAssurePrcp>
                        </ns0:AssurePrcp>
                    </ns0:CtrIndv>
                </ns0:CtrAssur>
                <ns0:CtrAssur>
                    <ns0:IdentCtr>
                        <ns0:IdentSiloCtr>
                            <ns0:idDansSilo>RA226223012000</ns0:idDansSilo>
                            <ns0:codeAppli>A0443</ns0:codeAppli>
                        </ns0:IdentSiloCtr>
                        <ns0:codeNatCtr>IND</ns0:codeNatCtr>
                        <ns0:libNatCtr>Individuel</ns0:libNatCtr>
                        <ns0:codeNatCtrSilo>I</ns0:codeNatCtrSilo>
                        <ns0:codeBrchAssur>RET</ns0:codeBrchAssur>
                        <ns0:libBrchAssur>RETRAITE</ns0:libBrchAssur>
                        <ns0:codeBrchAssurSilo>RA</ns0:codeBrchAssurSilo>
                    </ns0:IdentCtr>
                    <ns0:InfoCtr>
                        <ns0:dateEffet>2018-01-01</ns0:dateEffet>
                        <ns0:dateFinEffet>2026-06-30</ns0:dateFinEffet>
                        <ns0:dateEmis>2020-01-06</ns0:dateEmis>
                        <ns0:codeSitCtr>EC</ns0:codeSitCtr>
                        <ns0:libSitCtr>En cours</ns0:libSitCtr>
                        <ns0:codeSitCtrSilo>2</ns0:codeSitCtrSilo>
                        <ns0:dateSitCtr>2018-01-01</ns0:dateSitCtr>
                        <ns0:idPortfCtr>PAC</ns0:idPortfCtr>
                    </ns0:InfoCtr>
                    <ns0:Sousc>
                        <ns0:IdentSiloSousc>
                            <ns0:idDansSilo>P0850739</ns0:idDansSilo>
                            <ns0:codeAppli>A0443</ns0:codeAppli>
                        </ns0:IdentSiloSousc>
                    </ns0:Sousc>
                    <ns0:OfrCialSousc>
                        <ns0:typecon>RA09</ns0:typecon>
                        <ns0:numgen>A04</ns0:numgen>
                        <ns0:codeOfrCial>RA09A04RES</ns0:codeOfrCial>
                        <ns0:libOfrCial>ARP VVOLO MAD AGRI GAR LIQ</ns0:libOfrCial>
                    </ns0:OfrCialSousc>
                    <ns0:ActrCtr>
                        <ns0:idAssCtrSilo>LM</ns0:idAssCtrSilo>
                        <ns0:idApportAffr>20941</ns0:idApportAffr>
                        <ns0:idDistPdt>RES</ns0:idDistPdt>
                        <ns0:indGestTiers>DE MARIA FABIENNE</ns0:indGestTiers>
                    </ns0:ActrCtr>
                    <ns0:CtrIndv>
                        <ns0:AssurePrcp>
                            <ns0:IdentSiloAssurePrcp>
                                <ns0:idDansSilo>P0850739</ns0:idDansSilo>
                                <ns0:codeAppli>A0443</ns0:codeAppli>
                            </ns0:IdentSiloAssurePrcp>
                        </ns0:AssurePrcp>
                    </ns0:CtrIndv>
                </ns0:CtrAssur>
                <ns0:CtrAssur>
                    <ns0:IdentCtr>
                        <ns0:IdentSiloCtr>
                            <ns0:idDansSilo>RA226220296000</ns0:idDansSilo>
                            <ns0:codeAppli>A0443</ns0:codeAppli>
                        </ns0:IdentSiloCtr>
                        <ns0:codeNatCtr>IND</ns0:codeNatCtr>
                        <ns0:libNatCtr>Individuel</ns0:libNatCtr>
                        <ns0:codeNatCtrSilo>I</ns0:codeNatCtrSilo>
                        <ns0:codeBrchAssur>RET</ns0:codeBrchAssur>
                        <ns0:libBrchAssur>RETRAITE</ns0:libBrchAssur>
                        <ns0:codeBrchAssurSilo>RA</ns0:codeBrchAssurSilo>
                    </ns0:IdentCtr>
                    <ns0:InfoCtr>
                        <ns0:dateEffet>2018-01-01</ns0:dateEffet>
                        <ns0:dateFinEffet>2023-06-30</ns0:dateFinEffet>
                        <ns0:dateEmis>2019-12-24</ns0:dateEmis>
                        <ns0:codeSitCtr>EC</ns0:codeSitCtr>
                        <ns0:libSitCtr>En cours</ns0:libSitCtr>
                        <ns0:codeSitCtrSilo>2</ns0:codeSitCtrSilo>
                        <ns0:dateSitCtr>2018-01-01</ns0:dateSitCtr>
                        <ns0:idPortfCtr>PAC</ns0:idPortfCtr>
                    </ns0:InfoCtr>
                    <ns0:Sousc>
                        <ns0:IdentSiloSousc>
                            <ns0:idDansSilo>P0850739</ns0:idDansSilo>
                            <ns0:codeAppli>A0443</ns0:codeAppli>
                        </ns0:IdentSiloSousc>
                    </ns0:Sousc>
                    <ns0:OfrCialSousc>
                        <ns0:typecon>RA09</ns0:typecon>
                        <ns0:numgen>A05</ns0:numgen>
                        <ns0:codeOfrCial>RA09A05RES</ns0:codeOfrCial>
                        <ns0:libOfrCial>ARI VVOLO PERP GAR ADH</ns0:libOfrCial>
                    </ns0:OfrCialSousc>
                    <ns0:ActrCtr>
                        <ns0:idAssCtrSilo>LM</ns0:idAssCtrSilo>
                        <ns0:idApportAffr>20941</ns0:idApportAffr>
                        <ns0:idDistPdt>RES</ns0:idDistPdt>
                        <ns0:indGestTiers>DE MARIA FABIENNE</ns0:indGestTiers>
                    </ns0:ActrCtr>
                    <ns0:CtrIndv>
                        <ns0:AssurePrcp>
                            <ns0:IdentSiloAssurePrcp>
                                <ns0:idDansSilo>P0850739</ns0:idDansSilo>
                                <ns0:codeAppli>A0443</ns0:codeAppli>
                            </ns0:IdentSiloAssurePrcp>
                        </ns0:AssurePrcp>
                    </ns0:CtrIndv>
                </ns0:CtrAssur>
                <ns0:CtrAssur>
                    <ns0:IdentCtr>
                        <ns0:IdentSiloCtr>
                            <ns0:idDansSilo>RA226218259000</ns0:idDansSilo>
                            <ns0:codeAppli>A0443</ns0:codeAppli>
                        </ns0:IdentSiloCtr>
                        <ns0:codeNatCtr>IND</ns0:codeNatCtr>
                        <ns0:libNatCtr>Individuel</ns0:libNatCtr>
                        <ns0:codeNatCtrSilo>I</ns0:codeNatCtrSilo>
                        <ns0:codeBrchAssur>RET</ns0:codeBrchAssur>
                        <ns0:libBrchAssur>RETRAITE</ns0:libBrchAssur>
                        <ns0:codeBrchAssurSilo>RA</ns0:codeBrchAssurSilo>
                    </ns0:IdentCtr>
                    <ns0:InfoCtr>
                        <ns0:dateEffet>2018-01-01</ns0:dateEffet>
                        <ns0:dateFinEffet>2028-06-30</ns0:dateFinEffet>
                        <ns0:dateEmis>2019-12-24</ns0:dateEmis>
                        <ns0:codeSitCtr>EC</ns0:codeSitCtr>
                        <ns0:libSitCtr>En cours</ns0:libSitCtr>
                        <ns0:codeSitCtrSilo>2</ns0:codeSitCtrSilo>
                        <ns0:dateSitCtr>2018-01-01</ns0:dateSitCtr>
                        <ns0:idPortfCtr>PAC</ns0:idPortfCtr>
                    </ns0:InfoCtr>
                    <ns0:Sousc>
                        <ns0:IdentSiloSousc>
                            <ns0:idDansSilo>P0850739</ns0:idDansSilo>
                            <ns0:codeAppli>A0443</ns0:codeAppli>
                        </ns0:IdentSiloSousc>
                    </ns0:Sousc>
                    <ns0:OfrCialSousc>
                        <ns0:typecon>RA09</ns0:typecon>
                        <ns0:numgen>A06</ns0:numgen>
                        <ns0:codeOfrCial>RA09A06RES</ns0:codeOfrCial>
                        <ns0:libOfrCial>ARI VVOLO PERP GAR LIQ</ns0:libOfrCial>
                    </ns0:OfrCialSousc>
                    <ns0:ActrCtr>
                        <ns0:idAssCtrSilo>LM</ns0:idAssCtrSilo>
                        <ns0:idApportAffr>20941</ns0:idApportAffr>
                        <ns0:idDistPdt>RES</ns0:idDistPdt>
                        <ns0:indGestTiers>DE MARIA FABIENNE</ns0:indGestTiers>
                    </ns0:ActrCtr>
                    <ns0:CtrIndv>
                        <ns0:AssurePrcp>
                            <ns0:IdentSiloAssurePrcp>
                                <ns0:idDansSilo>P0850739</ns0:idDansSilo>
                                <ns0:codeAppli>A0443</ns0:codeAppli>
                            </ns0:IdentSiloAssurePrcp>
                        </ns0:AssurePrcp>
                    </ns0:CtrIndv>
                </ns0:CtrAssur>
                <ns0:CtrAssur>
                    <ns0:IdentCtr>
                        <ns0:IdentSiloCtr>
                            <ns0:idDansSilo>RA226217483000</ns0:idDansSilo>
                            <ns0:codeAppli>A0443</ns0:codeAppli>
                        </ns0:IdentSiloCtr>
                        <ns0:codeNatCtr>IND</ns0:codeNatCtr>
                        <ns0:libNatCtr>Individuel</ns0:libNatCtr>
                        <ns0:codeNatCtrSilo>I</ns0:codeNatCtrSilo>
                        <ns0:codeBrchAssur>RET</ns0:codeBrchAssur>
                        <ns0:libBrchAssur>RETRAITE</ns0:libBrchAssur>
                        <ns0:codeBrchAssurSilo>RA</ns0:codeBrchAssurSilo>
                    </ns0:IdentCtr>
                    <ns0:InfoCtr>
                        <ns0:dateEffet>2018-01-01</ns0:dateEffet>
                        <ns0:dateFinEffet>2028-06-30</ns0:dateFinEffet>
                        <ns0:dateEmis>2019-12-23</ns0:dateEmis>
                        <ns0:codeSitCtr>EC</ns0:codeSitCtr>
                        <ns0:libSitCtr>En cours</ns0:libSitCtr>
                        <ns0:codeSitCtrSilo>2</ns0:codeSitCtrSilo>
                        <ns0:dateSitCtr>2018-01-01</ns0:dateSitCtr>
                        <ns0:idPortfCtr>PAC</ns0:idPortfCtr>
                    </ns0:InfoCtr>
                    <ns0:Sousc>
                        <ns0:IdentSiloSousc>
                            <ns0:idDansSilo>P0850739</ns0:idDansSilo>
                            <ns0:codeAppli>A0443</ns0:codeAppli>
                        </ns0:IdentSiloSousc>
                    </ns0:Sousc>
                    <ns0:OfrCialSousc>
                        <ns0:typecon>RA09</ns0:typecon>
                        <ns0:numgen>A06</ns0:numgen>
                        <ns0:codeOfrCial>RA09A06RES</ns0:codeOfrCial>
                        <ns0:libOfrCial>ARI VVOLO PERP GAR LIQ</ns0:libOfrCial>
                    </ns0:OfrCialSousc>
                    <ns0:ActrCtr>
                        <ns0:idAssCtrSilo>LM</ns0:idAssCtrSilo>
                        <ns0:idApportAffr>20941</ns0:idApportAffr>
                        <ns0:idDistPdt>RES</ns0:idDistPdt>
                        <ns0:indGestTiers>DE MARIA FABIENNE</ns0:indGestTiers>
                    </ns0:ActrCtr>
                    <ns0:CtrIndv>
                        <ns0:AssurePrcp>
                            <ns0:IdentSiloAssurePrcp>
                                <ns0:idDansSilo>P0850739</ns0:idDansSilo>
                                <ns0:codeAppli>A0443</ns0:codeAppli>
                            </ns0:IdentSiloAssurePrcp>
                        </ns0:AssurePrcp>
                    </ns0:CtrIndv>
                </ns0:CtrAssur>
                <ns0:CtrAssur>
                    <ns0:IdentCtr>
                        <ns0:IdentSiloCtr>
                            <ns0:idDansSilo>RA226212342000</ns0:idDansSilo>
                            <ns0:codeAppli>A0443</ns0:codeAppli>
                        </ns0:IdentSiloCtr>
                        <ns0:codeNatCtr>IND</ns0:codeNatCtr>
                        <ns0:libNatCtr>Individuel</ns0:libNatCtr>
                        <ns0:codeNatCtrSilo>I</ns0:codeNatCtrSilo>
                        <ns0:codeBrchAssur>RET</ns0:codeBrchAssur>
                        <ns0:libBrchAssur>RETRAITE</ns0:libBrchAssur>
                        <ns0:codeBrchAssurSilo>RA</ns0:codeBrchAssurSilo>
                    </ns0:IdentCtr>
                    <ns0:InfoCtr>
                        <ns0:dateEffet>2018-01-01</ns0:dateEffet>
                        <ns0:dateFinEffet>2023-06-30</ns0:dateFinEffet>
                        <ns0:dateEmis>2019-12-13</ns0:dateEmis>
                        <ns0:codeSitCtr>EC</ns0:codeSitCtr>
                        <ns0:libSitCtr>En cours</ns0:libSitCtr>
                        <ns0:codeSitCtrSilo>2</ns0:codeSitCtrSilo>
                        <ns0:dateSitCtr>2018-01-01</ns0:dateSitCtr>
                        <ns0:idPortfCtr>PAC</ns0:idPortfCtr>
                    </ns0:InfoCtr>
                    <ns0:Sousc>
                        <ns0:IdentSiloSousc>
                            <ns0:idDansSilo>P0850739</ns0:idDansSilo>
                            <ns0:codeAppli>A0443</ns0:codeAppli>
                        </ns0:IdentSiloSousc>
                    </ns0:Sousc>
                    <ns0:OfrCialSousc>
                        <ns0:typecon>RA09</ns0:typecon>
                        <ns0:numgen>A06</ns0:numgen>
                        <ns0:codeOfrCial>RA09A06RES</ns0:codeOfrCial>
                        <ns0:libOfrCial>ARI VVOLO PERP GAR LIQ</ns0:libOfrCial>
                    </ns0:OfrCialSousc>
                    <ns0:ActrCtr>
                        <ns0:idAssCtrSilo>LM</ns0:idAssCtrSilo>
                        <ns0:idApportAffr>20941</ns0:idApportAffr>
                        <ns0:idDistPdt>RES</ns0:idDistPdt>
                        <ns0:indGestTiers>DE MARIA FABIENNE</ns0:indGestTiers>
                    </ns0:ActrCtr>
                    <ns0:CtrIndv>
                        <ns0:AssurePrcp>
                            <ns0:IdentSiloAssurePrcp>
                                <ns0:idDansSilo>P0850739</ns0:idDansSilo>
                                <ns0:codeAppli>A0443</ns0:codeAppli>
                            </ns0:IdentSiloAssurePrcp>
                        </ns0:AssurePrcp>
                    </ns0:CtrIndv>
                </ns0:CtrAssur>
                <ns0:CtrAssur>
                    <ns0:IdentCtr>
                        <ns0:IdentSiloCtr>
                            <ns0:idDansSilo>RA226202157000</ns0:idDansSilo>
                            <ns0:codeAppli>A0443</ns0:codeAppli>
                        </ns0:IdentSiloCtr>
                        <ns0:codeNatCtr>IND</ns0:codeNatCtr>
                        <ns0:libNatCtr>Individuel</ns0:libNatCtr>
                        <ns0:codeNatCtrSilo>I</ns0:codeNatCtrSilo>
                        <ns0:codeBrchAssur>RET</ns0:codeBrchAssur>
                        <ns0:libBrchAssur>RETRAITE</ns0:libBrchAssur>
                        <ns0:codeBrchAssurSilo>RA</ns0:codeBrchAssurSilo>
                    </ns0:IdentCtr>
                    <ns0:InfoCtr>
                        <ns0:dateEffet>2019-01-01</ns0:dateEffet>
                        <ns0:dateFinEffet>2028-06-30</ns0:dateFinEffet>
                        <ns0:dateEmis>2019-12-04</ns0:dateEmis>
                        <ns0:codeSitCtr>EC</ns0:codeSitCtr>
                        <ns0:libSitCtr>En cours</ns0:libSitCtr>
                        <ns0:codeSitCtrSilo>2</ns0:codeSitCtrSilo>
                        <ns0:dateSitCtr>2019-01-01</ns0:dateSitCtr>
                        <ns0:idPortfCtr>PAC</ns0:idPortfCtr>
                    </ns0:InfoCtr>
                    <ns0:Sousc>
                        <ns0:IdentSiloSousc>
                            <ns0:idDansSilo>P0850739</ns0:idDansSilo>
                            <ns0:codeAppli>A0443</ns0:codeAppli>
                        </ns0:IdentSiloSousc>
                    </ns0:Sousc>
                    <ns0:OfrCialSousc>
                        <ns0:typecon>RA09</ns0:typecon>
                        <ns0:numgen>A04</ns0:numgen>
                        <ns0:codeOfrCial>RA09A04RES</ns0:codeOfrCial>
                        <ns0:libOfrCial>ARP VVOLO MAD AGRI GAR LIQ</ns0:libOfrCial>
                    </ns0:OfrCialSousc>
                    <ns0:ActrCtr>
                        <ns0:idAssCtrSilo>LM</ns0:idAssCtrSilo>
                        <ns0:idApportAffr>20941</ns0:idApportAffr>
                        <ns0:idDistPdt>RES</ns0:idDistPdt>
                        <ns0:indGestTiers>DE MARIA FABIENNE</ns0:indGestTiers>
                    </ns0:ActrCtr>
                    <ns0:CtrIndv>
                        <ns0:AssurePrcp>
                            <ns0:IdentSiloAssurePrcp>
                                <ns0:idDansSilo>P0850739</ns0:idDansSilo>
                                <ns0:codeAppli>A0443</ns0:codeAppli>
                            </ns0:IdentSiloAssurePrcp>
                        </ns0:AssurePrcp>
                    </ns0:CtrIndv>
                </ns0:CtrAssur>
                <ns0:CtrAssur>
                    <ns0:IdentCtr>
                        <ns0:IdentSiloCtr>
                            <ns0:idDansSilo>RA226198665000</ns0:idDansSilo>
                            <ns0:codeAppli>A0443</ns0:codeAppli>
                        </ns0:IdentSiloCtr>
                        <ns0:codeNatCtr>IND</ns0:codeNatCtr>
                        <ns0:libNatCtr>Individuel</ns0:libNatCtr>
                        <ns0:codeNatCtrSilo>I</ns0:codeNatCtrSilo>
                        <ns0:codeBrchAssur>RET</ns0:codeBrchAssur>
                        <ns0:libBrchAssur>RETRAITE</ns0:libBrchAssur>
                        <ns0:codeBrchAssurSilo>RA</ns0:codeBrchAssurSilo>
                    </ns0:IdentCtr>
                    <ns0:InfoCtr>
                        <ns0:dateEffet>2019-01-01</ns0:dateEffet>
                        <ns0:dateFinEffet>2026-06-30</ns0:dateFinEffet>
                        <ns0:dateEmis>2019-11-29</ns0:dateEmis>
                        <ns0:codeSitCtr>EC</ns0:codeSitCtr>
                        <ns0:libSitCtr>En cours</ns0:libSitCtr>
                        <ns0:codeSitCtrSilo>2</ns0:codeSitCtrSilo>
                        <ns0:dateSitCtr>2019-01-01</ns0:dateSitCtr>
                        <ns0:idPortfCtr>PAC</ns0:idPortfCtr>
                    </ns0:InfoCtr>
                    <ns0:Sousc>
                        <ns0:IdentSiloSousc>
                            <ns0:idDansSilo>P0850739</ns0:idDansSilo>
                            <ns0:codeAppli>A0443</ns0:codeAppli>
                        </ns0:IdentSiloSousc>
                    </ns0:Sousc>
                    <ns0:OfrCialSousc>
                        <ns0:typecon>RA09</ns0:typecon>
                        <ns0:numgen>A05</ns0:numgen>
                        <ns0:codeOfrCial>RA09A05RES</ns0:codeOfrCial>
                        <ns0:libOfrCial>ARI VVOLO PERP GAR ADH</ns0:libOfrCial>
                    </ns0:OfrCialSousc>
                    <ns0:ActrCtr>
                        <ns0:idAssCtrSilo>LM</ns0:idAssCtrSilo>
                        <ns0:idApportAffr>20941</ns0:idApportAffr>
                        <ns0:idDistPdt>RES</ns0:idDistPdt>
                        <ns0:indGestTiers>DE MARIA FABIENNE</ns0:indGestTiers>
                    </ns0:ActrCtr>
                    <ns0:CtrIndv>
                        <ns0:AssurePrcp>
                            <ns0:IdentSiloAssurePrcp>
                                <ns0:idDansSilo>P0850739</ns0:idDansSilo>
                                <ns0:codeAppli>A0443</ns0:codeAppli>
                            </ns0:IdentSiloAssurePrcp>
                        </ns0:AssurePrcp>
                    </ns0:CtrIndv>
                </ns0:CtrAssur>
                <ns0:CtrAssur>
                    <ns0:IdentCtr>
                        <ns0:IdentSiloCtr>
                            <ns0:idDansSilo>RA226181205000</ns0:idDansSilo>
                            <ns0:codeAppli>A0443</ns0:codeAppli>
                        </ns0:IdentSiloCtr>
                        <ns0:codeNatCtr>IND</ns0:codeNatCtr>
                        <ns0:libNatCtr>Individuel</ns0:libNatCtr>
                        <ns0:codeNatCtrSilo>I</ns0:codeNatCtrSilo>
                        <ns0:codeBrchAssur>RET</ns0:codeBrchAssur>
                        <ns0:libBrchAssur>RETRAITE</ns0:libBrchAssur>
                        <ns0:codeBrchAssurSilo>RA</ns0:codeBrchAssurSilo>
                    </ns0:IdentCtr>
                    <ns0:InfoCtr>
                        <ns0:dateEffet>2019-01-01</ns0:dateEffet>
                        <ns0:dateFinEffet>2026-06-30</ns0:dateFinEffet>
                        <ns0:dateEmis>2019-11-18</ns0:dateEmis>
                        <ns0:codeSitCtr>EC</ns0:codeSitCtr>
                        <ns0:libSitCtr>En cours</ns0:libSitCtr>
                        <ns0:codeSitCtrSilo>2</ns0:codeSitCtrSilo>
                        <ns0:dateSitCtr>2019-01-01</ns0:dateSitCtr>
                        <ns0:idPortfCtr>PAC</ns0:idPortfCtr>
                    </ns0:InfoCtr>
                    <ns0:Sousc>
                        <ns0:IdentSiloSousc>
                            <ns0:idDansSilo>P0850739</ns0:idDansSilo>
                            <ns0:codeAppli>A0443</ns0:codeAppli>
                        </ns0:IdentSiloSousc>
                    </ns0:Sousc>
                    <ns0:OfrCialSousc>
                        <ns0:typecon>RA09</ns0:typecon>
                        <ns0:numgen>A05</ns0:numgen>
                        <ns0:codeOfrCial>RA09A05RES</ns0:codeOfrCial>
                        <ns0:libOfrCial>ARI VVOLO PERP GAR ADH</ns0:libOfrCial>
                    </ns0:OfrCialSousc>
                    <ns0:ActrCtr>
                        <ns0:idAssCtrSilo>LM</ns0:idAssCtrSilo>
                        <ns0:idApportAffr>20941</ns0:idApportAffr>
                        <ns0:idDistPdt>RES</ns0:idDistPdt>
                        <ns0:indGestTiers>DE MARIA FABIENNE</ns0:indGestTiers>
                    </ns0:ActrCtr>
                    <ns0:CtrIndv>
                        <ns0:AssurePrcp>
                            <ns0:IdentSiloAssurePrcp>
                                <ns0:idDansSilo>P0850739</ns0:idDansSilo>
                                <ns0:codeAppli>A0443</ns0:codeAppli>
                            </ns0:IdentSiloAssurePrcp>
                        </ns0:AssurePrcp>
                    </ns0:CtrIndv>
                </ns0:CtrAssur>
                <ns0:CtrAssur>
                    <ns0:IdentCtr>
                        <ns0:IdentSiloCtr>
                            <ns0:idDansSilo>RC168972739000</ns0:idDansSilo>
                            <ns0:codeAppli>A0443</ns0:codeAppli>
                        </ns0:IdentSiloCtr>
                        <ns0:codeNatCtr>IND</ns0:codeNatCtr>
                        <ns0:libNatCtr>Individuel</ns0:libNatCtr>
                        <ns0:codeNatCtrSilo>I</ns0:codeNatCtrSilo>
                        <ns0:codeBrchAssur>EPG</ns0:codeBrchAssur>
                        <ns0:libBrchAssur>EPARGNE</ns0:libBrchAssur>
                        <ns0:codeBrchAssurSilo>RC</ns0:codeBrchAssurSilo>
                    </ns0:IdentCtr>
                    <ns0:InfoCtr>
                        <ns0:dateEffet>2009-08-29</ns0:dateEffet>
                        <ns0:dateEmis>2009-09-22</ns0:dateEmis>
                        <ns0:codeSitCtr>ECSSPRM</ns0:codeSitCtr>
                        <ns0:libSitCtr>En cours sans prime</ns0:libSitCtr>
                        <ns0:codeSitCtrSilo>3</ns0:codeSitCtrSilo>
                        <ns0:dateSitCtr>2009-08-29</ns0:dateSitCtr>
                        <ns0:idPortfCtr>LMX</ns0:idPortfCtr>
                    </ns0:InfoCtr>
                    <ns0:Sousc>
                        <ns0:IdentSiloSousc>
                            <ns0:idDansSilo>P0850739</ns0:idDansSilo>
                            <ns0:codeAppli>A0443</ns0:codeAppli>
                        </ns0:IdentSiloSousc>
                    </ns0:Sousc>
                    <ns0:OfrCialSousc>
                        <ns0:typecon>RC08</ns0:typecon>
                        <ns0:numgen>V41</ns0:numgen>
                        <ns0:codeOfrCial>RC08V41RES</ns0:codeOfrCial>
                        <ns0:libOfrCial>VIVEPARGNE II (V2009)</ns0:libOfrCial>
                    </ns0:OfrCialSousc>
                    <ns0:ActrCtr>
                        <ns0:idAssCtrSilo>LM</ns0:idAssCtrSilo>
                        <ns0:idApportAffr>20941</ns0:idApportAffr>
                        <ns0:idDistPdt>RES</ns0:idDistPdt>
                        <ns0:indGestTiers>DE MARIA FABIENNE</ns0:indGestTiers>
                    </ns0:ActrCtr>
                    <ns0:CtrIndv>
                        <ns0:AssurePrcp>
                            <ns0:IdentSiloAssurePrcp>
                                <ns0:idDansSilo>P0850739</ns0:idDansSilo>
                                <ns0:codeAppli>A0443</ns0:codeAppli>
                            </ns0:IdentSiloAssurePrcp>
                        </ns0:AssurePrcp>
                    </ns0:CtrIndv>
                </ns0:CtrAssur>
                <ns0:CtrAssur>
                    <ns0:IdentCtr>
                        <ns0:IdentSiloCtr>
                            <ns0:idDansSilo>RA135510940000</ns0:idDansSilo>
                            <ns0:codeAppli>A0443</ns0:codeAppli>
                        </ns0:IdentSiloCtr>
                        <ns0:codeNatCtr>IND</ns0:codeNatCtr>
                        <ns0:libNatCtr>Individuel</ns0:libNatCtr>
                        <ns0:codeNatCtrSilo>I</ns0:codeNatCtrSilo>
                        <ns0:codeBrchAssur>RET</ns0:codeBrchAssur>
                        <ns0:libBrchAssur>RETRAITE</ns0:libBrchAssur>
                        <ns0:codeBrchAssurSilo>RA</ns0:codeBrchAssurSilo>
                    </ns0:IdentCtr>
                    <ns0:InfoCtr>
                        <ns0:dateEffet>2002-04-01</ns0:dateEffet>
                        <ns0:dateFinEffet>2026-06-30</ns0:dateFinEffet>
                        <ns0:dateEmis>2002-04-18</ns0:dateEmis>
                        <ns0:codeSitCtr>EC</ns0:codeSitCtr>
                        <ns0:libSitCtr>En cours</ns0:libSitCtr>
                        <ns0:codeSitCtrSilo>2</ns0:codeSitCtrSilo>
                        <ns0:dateSitCtr>2002-04-01</ns0:dateSitCtr>
                        <ns0:idPortfCtr>LMX</ns0:idPortfCtr>
                    </ns0:InfoCtr>
                    <ns0:Sousc>
                        <ns0:IdentSiloSousc>
                            <ns0:idDansSilo>S0108401</ns0:idDansSilo>
                            <ns0:codeAppli>A0443</ns0:codeAppli>
                        </ns0:IdentSiloSousc>
                        <ns0:SignqSouscPM>
                            <ns0:codeSIREN>408117620</ns0:codeSIREN>
                            <ns0:raisSocl>S.A.R.L. VAUVERT OPTIQUE</ns0:raisSocl>
                        </ns0:SignqSouscPM>
                    </ns0:Sousc>
                    <ns0:OfrCialSousc>
                        <ns0:typecon>RA09</ns0:typecon>
                        <ns0:numgen>V01</ns0:numgen>
                        <ns0:codeOfrCial>RA09V01RES</ns0:codeOfrCial>
                        <ns0:libOfrCial>MONDIALE PRIVILEGE ACTIONS</ns0:libOfrCial>
                    </ns0:OfrCialSousc>
                    <ns0:ActrCtr>
                        <ns0:idAssCtrSilo>LM</ns0:idAssCtrSilo>
                        <ns0:idApportAffr>12065</ns0:idApportAffr>
                        <ns0:idDistPdt>RES</ns0:idDistPdt>
                        <ns0:indGestTiers>DE MARIA FABIENNE</ns0:indGestTiers>
                    </ns0:ActrCtr>
                    <ns0:CtrIndv>
                        <ns0:AssurePrcp>
                            <ns0:IdentSiloAssurePrcp>
                                <ns0:idDansSilo>P0850739</ns0:idDansSilo>
                                <ns0:codeAppli>A0443</ns0:codeAppli>
                            </ns0:IdentSiloAssurePrcp>
                        </ns0:AssurePrcp>
                    </ns0:CtrIndv>
                </ns0:CtrAssur>
                <ns0:CtrAssur>
                    <ns0:IdentCtr>
                        <ns0:IdentSiloCtr>
                            <ns0:idDansSilo>RA135510843000</ns0:idDansSilo>
                            <ns0:codeAppli>A0443</ns0:codeAppli>
                        </ns0:IdentSiloCtr>
                        <ns0:codeNatCtr>IND</ns0:codeNatCtr>
                        <ns0:libNatCtr>Individuel</ns0:libNatCtr>
                        <ns0:codeNatCtrSilo>I</ns0:codeNatCtrSilo>
                        <ns0:codeBrchAssur>RET</ns0:codeBrchAssur>
                        <ns0:libBrchAssur>RETRAITE</ns0:libBrchAssur>
                        <ns0:codeBrchAssurSilo>RA</ns0:codeBrchAssurSilo>
                    </ns0:IdentCtr>
                    <ns0:InfoCtr>
                        <ns0:dateEffet>2002-04-01</ns0:dateEffet>
                        <ns0:dateFinEffet>2026-06-30</ns0:dateFinEffet>
                        <ns0:dateEmis>2002-04-18</ns0:dateEmis>
                        <ns0:codeSitCtr>EC</ns0:codeSitCtr>
                        <ns0:libSitCtr>En cours</ns0:libSitCtr>
                        <ns0:codeSitCtrSilo>2</ns0:codeSitCtrSilo>
                        <ns0:dateSitCtr>2002-04-01</ns0:dateSitCtr>
                        <ns0:idPortfCtr>LMX</ns0:idPortfCtr>
                    </ns0:InfoCtr>
                    <ns0:Sousc>
                        <ns0:IdentSiloSousc>
                            <ns0:idDansSilo>S0108401</ns0:idDansSilo>
                            <ns0:codeAppli>A0443</ns0:codeAppli>
                        </ns0:IdentSiloSousc>
                        <ns0:SignqSouscPM>
                            <ns0:codeSIREN>408117620</ns0:codeSIREN>
                            <ns0:raisSocl>S.A.R.L. VAUVERT OPTIQUE</ns0:raisSocl>
                        </ns0:SignqSouscPM>
                    </ns0:Sousc>
                    <ns0:OfrCialSousc>
                        <ns0:typecon>RA10</ns0:typecon>
                        <ns0:numgen>V01</ns0:numgen>
                        <ns0:codeOfrCial>RA10V01RES</ns0:codeOfrCial>
                        <ns0:libOfrCial>MONDIALE RETRAITE ACTIVE</ns0:libOfrCial>
                    </ns0:OfrCialSousc>
                    <ns0:ActrCtr>
                        <ns0:idAssCtrSilo>LM</ns0:idAssCtrSilo>
                        <ns0:idApportAffr>12065</ns0:idApportAffr>
                        <ns0:idDistPdt>RES</ns0:idDistPdt>
                        <ns0:indGestTiers>DE MARIA FABIENNE</ns0:indGestTiers>
                    </ns0:ActrCtr>
                    <ns0:CtrIndv>
                        <ns0:AssurePrcp>
                            <ns0:IdentSiloAssurePrcp>
                                <ns0:idDansSilo>P0850739</ns0:idDansSilo>
                                <ns0:codeAppli>A0443</ns0:codeAppli>
                            </ns0:IdentSiloAssurePrcp>
                        </ns0:AssurePrcp>
                    </ns0:CtrIndv>
                </ns0:CtrAssur>
                <ns0:CtrAssur>
                    <ns0:IdentCtr>
                        <ns0:IdentSiloCtr>
                            <ns0:idDansSilo>AN110013520000</ns0:idDansSilo>
                            <ns0:codeAppli>A0443</ns0:codeAppli>
                        </ns0:IdentSiloCtr>
                        <ns0:codeNatCtr>IND</ns0:codeNatCtr>
                        <ns0:libNatCtr>Individuel</ns0:libNatCtr>
                        <ns0:codeNatCtrSilo>I</ns0:codeNatCtrSilo>
                        <ns0:codeBrchAssur>PRV</ns0:codeBrchAssur>
                        <ns0:libBrchAssur>PREVOYANCE</ns0:libBrchAssur>
                        <ns0:codeBrchAssurSilo>AN</ns0:codeBrchAssurSilo>
                    </ns0:IdentCtr>
                    <ns0:InfoCtr>
                        <ns0:dateEffet>2002-04-01</ns0:dateEffet>
                        <ns0:dateFinEffet>2026-12-31</ns0:dateFinEffet>
                        <ns0:dateEmis>2002-04-18</ns0:dateEmis>
                        <ns0:codeSitCtr>EC</ns0:codeSitCtr>
                        <ns0:libSitCtr>En cours</ns0:libSitCtr>
                        <ns0:codeSitCtrSilo>2</ns0:codeSitCtrSilo>
                        <ns0:dateSitCtr>2002-04-01</ns0:dateSitCtr>
                        <ns0:idPortfCtr>LMX</ns0:idPortfCtr>
                    </ns0:InfoCtr>
                    <ns0:Sousc>
                        <ns0:IdentSiloSousc>
                            <ns0:idDansSilo>S0108401</ns0:idDansSilo>
                            <ns0:codeAppli>A0443</ns0:codeAppli>
                        </ns0:IdentSiloSousc>
                        <ns0:SignqSouscPM>
                            <ns0:codeSIREN>408117620</ns0:codeSIREN>
                            <ns0:raisSocl>S.A.R.L. VAUVERT OPTIQUE</ns0:raisSocl>
                        </ns0:SignqSouscPM>
                    </ns0:Sousc>
                    <ns0:OfrCialSousc>
                        <ns0:typecon>AN07</ns0:typecon>
                        <ns0:numgen>V03</ns0:numgen>
                        <ns0:codeOfrCial>AN07V03RES</ns0:codeOfrCial>
                        <ns0:libOfrCial>MONDIALE PREVOYANCE MAJORITAIRE</ns0:libOfrCial>
                    </ns0:OfrCialSousc>
                    <ns0:ActrCtr>
                        <ns0:idAssCtrSilo>LM</ns0:idAssCtrSilo>
                        <ns0:idApportAffr>12065</ns0:idApportAffr>
                        <ns0:idDistPdt>RES</ns0:idDistPdt>
                        <ns0:indGestTiers>DE MARIA FABIENNE</ns0:indGestTiers>
                    </ns0:ActrCtr>
                    <ns0:CtrIndv>
                        <ns0:AssurePrcp>
                            <ns0:IdentSiloAssurePrcp>
                                <ns0:idDansSilo>P0850739</ns0:idDansSilo>
                                <ns0:codeAppli>A0443</ns0:codeAppli>
                            </ns0:IdentSiloAssurePrcp>
                        </ns0:AssurePrcp>
                    </ns0:CtrIndv>
                </ns0:CtrAssur>
                <ns0:CtrAssur>
                    <ns0:IdentCtr>
                        <ns0:IdentSiloCtr>
                            <ns0:idDansSilo>RS122553971001</ns0:idDansSilo>
                            <ns0:codeAppli>A0443</ns0:codeAppli>
                        </ns0:IdentSiloCtr>
                        <ns0:codeNatCtr>COL</ns0:codeNatCtr>
                        <ns0:libNatCtr>Collectif</ns0:libNatCtr>
                        <ns0:codeNatCtrSilo>C</ns0:codeNatCtrSilo>
                        <ns0:codeBrchAssur>RET</ns0:codeBrchAssur>
                        <ns0:libBrchAssur>RETRAITE</ns0:libBrchAssur>
                        <ns0:codeBrchAssurSilo>RS</ns0:codeBrchAssurSilo>
                    </ns0:IdentCtr>
                    <ns0:InfoCtr>
                        <ns0:dateEffet>1998-07-01</ns0:dateEffet>
                        <ns0:dateFinEffet>2026-06-30</ns0:dateFinEffet>
                        <ns0:dateEmis>1998-09-07</ns0:dateEmis>
                        <ns0:codeSitCtr>LIBPRMDEM</ns0:codeSitCtr>
                        <ns0:libSitCtr>Libéré prime demande</ns0:libSitCtr>
                        <ns0:codeSitCtrSilo>17</ns0:codeSitCtrSilo>
                        <ns0:dateSitCtr>2002-03-31</ns0:dateSitCtr>
                        <ns0:IdentCtrSrc>
                            <ns0:idSilo>RS122553971000</ns0:idSilo>
                            <ns0:codeAppli>A0443</ns0:codeAppli>
                        </ns0:IdentCtrSrc>
                        <ns0:idPortfCtr>LMX</ns0:idPortfCtr>
                    </ns0:InfoCtr>
                    <ns0:Sousc>
                        <ns0:IdentSiloSousc>
                            <ns0:idDansSilo>S0108401</ns0:idDansSilo>
                            <ns0:codeAppli>A0443</ns0:codeAppli>
                        </ns0:IdentSiloSousc>
                        <ns0:SignqSouscPM>
                            <ns0:codeSIREN>408117620</ns0:codeSIREN>
                            <ns0:raisSocl>S.A.R.L. VAUVERT OPTIQUE</ns0:raisSocl>
                        </ns0:SignqSouscPM>
                    </ns0:Sousc>
                    <ns0:OfrCialSousc>
                        <ns0:typecon>RS10</ns0:typecon>
                        <ns0:numgen>V04</ns0:numgen>
                        <ns0:codeOfrCial>RS10V04RES</ns0:codeOfrCial>
                        <ns0:libOfrCial>MONDIALE RETRAITE PLUS 2000 ERCASD</ns0:libOfrCial>
                    </ns0:OfrCialSousc>
                    <ns0:ActrCtr>
                        <ns0:idAssCtrSilo>LM</ns0:idAssCtrSilo>
                        <ns0:idApportAffr>12065</ns0:idApportAffr>
                        <ns0:idDistPdt>RES</ns0:idDistPdt>
                        <ns0:indGestTiers>DE MARIA FABIENNE</ns0:indGestTiers>
                    </ns0:ActrCtr>
                    <ns0:CtrColl>
                        <ns0:CatPrsl>
                            <ns0:codeCatPrsl>99</ns0:codeCatPrsl>
                            <ns0:libCatPrsl>SALARIES ART 4 ET 4 BIS DE LA CCNC</ns0:libCatPrsl>
                        </ns0:CatPrsl>
                    </ns0:CtrColl>
                    <ns0:CtrIndv>
                        <ns0:AssurePrcp>
                            <ns0:IdentSiloAssurePrcp>
                                <ns0:idDansSilo>P0850739</ns0:idDansSilo>
                                <ns0:codeAppli>A0443</ns0:codeAppli>
                            </ns0:IdentSiloAssurePrcp>
                        </ns0:AssurePrcp>
                    </ns0:CtrIndv>
                </ns0:CtrAssur>
                <ns0:CtrAssur>
                    <ns0:IdentCtr>
                        <ns0:IdentSiloCtr>
                            <ns0:idDansSilo>RF117032537001</ns0:idDansSilo>
                            <ns0:codeAppli>A0443</ns0:codeAppli>
                        </ns0:IdentSiloCtr>
                        <ns0:codeNatCtr>COL</ns0:codeNatCtr>
                        <ns0:libNatCtr>Collectif</ns0:libNatCtr>
                        <ns0:codeNatCtrSilo>C</ns0:codeNatCtrSilo>
                        <ns0:codeBrchAssur>RET</ns0:codeBrchAssur>
                        <ns0:libBrchAssur>RETRAITE</ns0:libBrchAssur>
                        <ns0:codeBrchAssurSilo>RF</ns0:codeBrchAssurSilo>
                    </ns0:IdentCtr>
                    <ns0:InfoCtr>
                        <ns0:dateEffet>1996-10-01</ns0:dateEffet>
                        <ns0:dateFinEffet>2026-06-30</ns0:dateFinEffet>
                        <ns0:dateEmis>1996-10-24</ns0:dateEmis>
                        <ns0:codeSitCtr>LIBPRMDEM</ns0:codeSitCtr>
                        <ns0:libSitCtr>Libéré prime demande</ns0:libSitCtr>
                        <ns0:codeSitCtrSilo>17</ns0:codeSitCtrSilo>
                        <ns0:dateSitCtr>2002-03-31</ns0:dateSitCtr>
                        <ns0:IdentCtrSrc>
                            <ns0:idSilo>RF117032537000</ns0:idSilo>
                            <ns0:codeAppli>A0443</ns0:codeAppli>
                        </ns0:IdentCtrSrc>
                        <ns0:idPortfCtr>LMX</ns0:idPortfCtr>
                    </ns0:InfoCtr>
                    <ns0:Sousc>
                        <ns0:IdentSiloSousc>
                            <ns0:idDansSilo>S0108401</ns0:idDansSilo>
                            <ns0:codeAppli>A0443</ns0:codeAppli>
                        </ns0:IdentSiloSousc>
                        <ns0:SignqSouscPM>
                            <ns0:codeSIREN>408117620</ns0:codeSIREN>
                            <ns0:raisSocl>S.A.R.L. VAUVERT OPTIQUE</ns0:raisSocl>
                        </ns0:SignqSouscPM>
                    </ns0:Sousc>
                    <ns0:OfrCialSousc>
                        <ns0:typecon>RF09</ns0:typecon>
                        <ns0:numgen>V02</ns0:numgen>
                        <ns0:codeOfrCial>RF09V02RES</ns0:codeOfrCial>
                        <ns0:libOfrCial>MONDIALE RETRAITE PLUS 2000 ERFA</ns0:libOfrCial>
                    </ns0:OfrCialSousc>
                    <ns0:ActrCtr>
                        <ns0:idAssCtrSilo>LM</ns0:idAssCtrSilo>
                        <ns0:idApportAffr>12065</ns0:idApportAffr>
                        <ns0:idDistPdt>RES</ns0:idDistPdt>
                        <ns0:indGestTiers>DE MARIA FABIENNE</ns0:indGestTiers>
                    </ns0:ActrCtr>
                    <ns0:CtrColl>
                        <ns0:CatPrsl>
                            <ns0:codeCatPrsl>99</ns0:codeCatPrsl>
                            <ns0:libCatPrsl>SALARIES ART 4 ET 4 BIS DE LA CCNC</ns0:libCatPrsl>
                        </ns0:CatPrsl>
                    </ns0:CtrColl>
                    <ns0:CtrIndv>
                        <ns0:AssurePrcp>
                            <ns0:IdentSiloAssurePrcp>
                                <ns0:idDansSilo>P0850739</ns0:idDansSilo>
                                <ns0:codeAppli>A0443</ns0:codeAppli>
                            </ns0:IdentSiloAssurePrcp>
                        </ns0:AssurePrcp>
                    </ns0:CtrIndv>
                </ns0:CtrAssur>
            </ns0:RechercherCtrPersSiloFunc>
        </ns0:RechercherCtrPersSiloResponse>
    </SOAP-ENV:Body>
</SOAP-ENV:Envelope>
