<SOAP-ENV:Envelope xmlns:SOAP-ENV="http://schemas.xmlsoap.org/soap/envelope/"><SOAP-ENV:Header><ns:WSResponseMetaInfo xmlns:ns="http://www.fmk.com/ESB/Framework/ESBTechPivotSchema" xmlns:ns0="http://schemas.xmlsoap.org/soap/envelope/" xmlns:xs="http://www.w3.org/2001/XMLSchema" xmlns:xsi="http://www.w3.org/2001/XMLSchema-instance"><ns:FuncFault/><ns:BusinessHeader/></ns:WSResponseMetaInfo></SOAP-ENV:Header><SOAP-ENV:Body><ns0:RechercherCtrPersSiloResponse xmlns:ns0="http://www.alm.com/esb/service/GestCtrPers_1/RechercherCtrPersSilo_1"><ns0:RechercherCtrPersSiloFunc><ns0:CtrAssur><ns0:IdentCtr><ns0:IdentSiloCtr><ns0:idDansSilo>RG150030191</ns0:idDansSilo><ns0:codeAppli>A0252</ns0:codeAppli></ns0:IdentSiloCtr></ns0:IdentCtr><ns0:InfoCtr><ns0:dateEffet>2005-01-01</ns0:dateEffet><ns0:codeSitCtr>VALID</ns0:codeSitCtr><ns0:libSitCtr>Validé</ns0:libSitCtr><ns0:idPortfCtr>ARI</ns0:idPortfCtr></ns0:InfoCtr><ns0:Sousc><ns0:IdentSiloSousc><ns0:idDansSilo>S3629716</ns0:idDansSilo><ns0:codeAppli>A0252</ns0:codeAppli></ns0:IdentSiloSousc><ns0:SignqSouscPM><ns0:raisSocl>DELOITTE SA</ns0:raisSocl></ns0:SignqSouscPM></ns0:Sousc><ns0:OfrCialSousc><ns0:typecon>RG01</ns0:typecon><ns0:numgen>001</ns0:numgen></ns0:OfrCialSousc><ns0:ActrCtr><ns0:idAssCtr>ARI</ns0:idAssCtr><ns0:idApportAffr>246</ns0:idApportAffr><ns0:idDistPdt>001</ns0:idDistPdt></ns0:ActrCtr><ns0:CtrColl><ns0:CatPrsl><ns0:codeCatPrsl>4020</ns0:codeCatPrsl><ns0:libCatPrsl>Cadres dirigeants salariés</ns0:libCatPrsl><ns0:codeSitCatPrsl>STOPQT</ns0:codeSitCatPrsl><ns0:libSitCatPrsl>Arrêt de quittancement</ns0:libSitCatPrsl></ns0:CatPrsl><ns0:Adh><ns0:identSiloAdh><ns0:idDansSilo>S3679701</ns0:idDansSilo><ns0:codeAppli>A0252</ns0:codeAppli></ns0:identSiloAdh><ns0:SignqAdhPM><ns0:raisSocl>DELOITTE ET ASSOCIES</ns0:raisSocl></ns0:SignqAdhPM><ns0:codeSitAdh>VALID</ns0:codeSitAdh><ns0:libSitAdh>Validé</ns0:libSitAdh></ns0:Adh></ns0:CtrColl><ns0:CtrIndv><ns0:AssurePrcp><ns0:IdentSiloAssurePrcp><ns0:idDansSilo>154507</ns0:idDansSilo><ns0:codeAppli>A0252</ns0:codeAppli></ns0:IdentSiloAssurePrcp><ns0:codeSitAffil>TRANS</ns0:codeSitAffil><ns0:libSitAffil>Transféré</ns0:libSitAffil><ns0:dateSitAffil>2020-06-15</ns0:dateSitAffil></ns0:AssurePrcp></ns0:CtrIndv></ns0:CtrAssur><ns0:CtrAssur><ns0:IdentCtr><ns0:IdentSiloCtr><ns0:idDansSilo>RG151169747</ns0:idDansSilo><ns0:codeAppli>A0252</ns0:codeAppli></ns0:IdentSiloCtr></ns0:IdentCtr><ns0:InfoCtr><ns0:dateEffet>2010-01-01</ns0:dateEffet><ns0:codeSitCtr>VALID</ns0:codeSitCtr><ns0:libSitCtr>Validé</ns0:libSitCtr><ns0:idPortfCtr>ARI</ns0:idPortfCtr></ns0:InfoCtr><ns0:Sousc><ns0:IdentSiloSousc><ns0:idDansSilo>S3629716</ns0:idDansSilo><ns0:codeAppli>A0252</ns0:codeAppli></ns0:IdentSiloSousc><ns0:SignqSouscPM><ns0:raisSocl>DELOITTE SA</ns0:raisSocl></ns0:SignqSouscPM></ns0:Sousc><ns0:OfrCialSousc><ns0:typecon>RG01</ns0:typecon><ns0:numgen>001</ns0:numgen></ns0:OfrCialSousc><ns0:ActrCtr><ns0:idAssCtr>ARI</ns0:idAssCtr><ns0:idApportAffr>244</ns0:idApportAffr><ns0:idDistPdt>001</ns0:idDistPdt></ns0:ActrCtr><ns0:CtrColl><ns0:CatPrsl><ns0:codeCatPrsl>8353</ns0:codeCatPrsl><ns0:libCatPrsl>Associes et collab. salariés de statut cadre présents au 1er jour de l'année civile et dont la rémun. brute a atteint au cours de l'année préc. la tranche C des salaires de réf. à la Conv. Nat. de retraite et de prév. des cadres du 14 mars 1947</ns0:libCatPrsl><ns0:codeSitCatPrsl>RECOUV</ns0:codeSitCatPrsl><ns0:libSitCatPrsl>Mise en recouvrement</ns0:libSitCatPrsl></ns0:CatPrsl><ns0:Adh><ns0:identSiloAdh><ns0:idDansSilo>S3679701</ns0:idDansSilo><ns0:codeAppli>A0252</ns0:codeAppli></ns0:identSiloAdh><ns0:SignqAdhPM><ns0:raisSocl>DELOITTE ET ASSOCIES</ns0:raisSocl></ns0:SignqAdhPM><ns0:codeSitAdh>VALID</ns0:codeSitAdh><ns0:libSitAdh>Validé</ns0:libSitAdh></ns0:Adh></ns0:CtrColl><ns0:CtrIndv><ns0:AssurePrcp><ns0:IdentSiloAssurePrcp><ns0:idDansSilo>481025</ns0:idDansSilo><ns0:codeAppli>A0252</ns0:codeAppli></ns0:IdentSiloAssurePrcp><ns0:codeSitAffil>AFBIA</ns0:codeSitAffil><ns0:libSitAffil>Affilié en cours avec BIA</ns0:libSitAffil><ns0:dateSitAffil>2020-06-15</ns0:dateSitAffil></ns0:AssurePrcp></ns0:CtrIndv></ns0:CtrAssur><ns0:CtrAssur><ns0:IdentCtr><ns0:IdentSiloCtr><ns0:idDansSilo>RP150092465</ns0:idDansSilo><ns0:codeAppli>A0252</ns0:codeAppli></ns0:IdentSiloCtr></ns0:IdentCtr><ns0:InfoCtr><ns0:dateEffet>2006-01-01</ns0:dateEffet><ns0:codeSitCtr>VALID</ns0:codeSitCtr><ns0:libSitCtr>Validé</ns0:libSitCtr><ns0:idPortfCtr>ARI</ns0:idPortfCtr></ns0:InfoCtr><ns0:Sousc><ns0:IdentSiloSousc><ns0:idDansSilo>S3629716</ns0:idDansSilo><ns0:codeAppli>A0252</ns0:codeAppli></ns0:IdentSiloSousc><ns0:SignqSouscPM><ns0:raisSocl>DELOITTE SA</ns0:raisSocl></ns0:SignqSouscPM></ns0:Sousc><ns0:OfrCialSousc><ns0:typecon>RP01</ns0:typecon><ns0:numgen>001</ns0:numgen></ns0:OfrCialSousc><ns0:ActrCtr><ns0:idAssCtr>ARI</ns0:idAssCtr><ns0:idApportAffr>246</ns0:idApportAffr><ns0:idDistPdt>001</ns0:idDistPdt></ns0:ActrCtr><ns0:CtrColl><ns0:CatPrsl><ns0:codeCatPrsl>4694</ns0:codeCatPrsl><ns0:libCatPrsl>Cadres Dirigeants Salariés</ns0:libCatPrsl><ns0:codeSitCatPrsl>STOPQT</ns0:codeSitCatPrsl><ns0:libSitCatPrsl>Arrêt de quittancement</ns0:libSitCatPrsl></ns0:CatPrsl><ns0:Adh><ns0:identSiloAdh><ns0:idDansSilo>S3679701</ns0:idDansSilo><ns0:codeAppli>A0252</ns0:codeAppli></ns0:identSiloAdh><ns0:SignqAdhPM><ns0:raisSocl>DELOITTE ET ASSOCIES</ns0:raisSocl></ns0:SignqAdhPM><ns0:codeSitAdh>VALID</ns0:codeSitAdh><ns0:libSitAdh>Validé</ns0:libSitAdh></ns0:Adh></ns0:CtrColl><ns0:CtrIndv><ns0:AssurePrcp><ns0:IdentSiloAssurePrcp><ns0:idDansSilo>235937</ns0:idDansSilo><ns0:codeAppli>A0252</ns0:codeAppli></ns0:IdentSiloAssurePrcp><ns0:codeSitAffil>TRANS</ns0:codeSitAffil><ns0:libSitAffil>Transféré</ns0:libSitAffil><ns0:dateSitAffil>2020-06-15</ns0:dateSitAffil></ns0:AssurePrcp></ns0:CtrIndv></ns0:CtrAssur><ns0:CtrAssur><ns0:IdentCtr><ns0:IdentSiloCtr><ns0:idDansSilo>RP151170232</ns0:idDansSilo><ns0:codeAppli>A0252</ns0:codeAppli></ns0:IdentSiloCtr></ns0:IdentCtr><ns0:InfoCtr><ns0:dateEffet>2010-01-01</ns0:dateEffet><ns0:codeSitCtr>VALID</ns0:codeSitCtr><ns0:libSitCtr>Validé</ns0:libSitCtr><ns0:idPortfCtr>ARI</ns0:idPortfCtr></ns0:InfoCtr><ns0:Sousc><ns0:IdentSiloSousc><ns0:idDansSilo>S3629716</ns0:idDansSilo><ns0:codeAppli>A0252</ns0:codeAppli></ns0:IdentSiloSousc><ns0:SignqSouscPM><ns0:raisSocl>DELOITTE SA</ns0:raisSocl></ns0:SignqSouscPM></ns0:Sousc><ns0:OfrCialSousc><ns0:typecon>RP01</ns0:typecon><ns0:numgen>001</ns0:numgen></ns0:OfrCialSousc><ns0:ActrCtr><ns0:idAssCtr>ARI</ns0:idAssCtr><ns0:idApportAffr>244</ns0:idApportAffr><ns0:idDistPdt>001</ns0:idDistPdt></ns0:ActrCtr><ns0:CtrColl><ns0:CatPrsl><ns0:codeCatPrsl>8357</ns0:codeCatPrsl><ns0:libCatPrsl>Cadres dirigeants salaries</ns0:libCatPrsl><ns0:codeSitCatPrsl>RECOUV</ns0:codeSitCatPrsl><ns0:libSitCatPrsl>Mise en recouvrement</ns0:libSitCatPrsl></ns0:CatPrsl><ns0:Adh><ns0:identSiloAdh><ns0:idDansSilo>S3679701</ns0:idDansSilo><ns0:codeAppli>A0252</ns0:codeAppli></ns0:identSiloAdh><ns0:SignqAdhPM><ns0:raisSocl>DELOITTE ET ASSOCIES</ns0:raisSocl></ns0:SignqAdhPM><ns0:codeSitAdh>VALID</ns0:codeSitAdh><ns0:libSitAdh>Validé</ns0:libSitAdh></ns0:Adh></ns0:CtrColl><ns0:CtrIndv><ns0:AssurePrcp><ns0:IdentSiloAssurePrcp><ns0:idDansSilo>483531</ns0:idDansSilo><ns0:codeAppli>A0252</ns0:codeAppli></ns0:IdentSiloAssurePrcp><ns0:codeSitAffil>LIBER</ns0:codeSitAffil><ns0:libSitAffil>Libéré</ns0:libSitAffil><ns0:dateSitAffil>2020-06-15</ns0:dateSitAffil></ns0:AssurePrcp></ns0:CtrIndv></ns0:CtrAssur></ns0:RechercherCtrPersSiloFunc></ns0:RechercherCtrPersSiloResponse></SOAP-ENV:Body></SOAP-ENV:Envelope>