<SOAP-ENV:Envelope xmlns:SOAP-ENV="http://schemas.xmlsoap.org/soap/envelope/">
    <SOAP-ENV:Header>
        <ns:WSResponseMetaInfo xmlns:ns="http://www.fmk.com/ESB/Framework/ESBTechPivotSchema"
                               xmlns:ns0="http://schemas.xmlsoap.org/soap/envelope/"
                               xmlns:xs="http://www.w3.org/2001/XMLSchema"
                               xmlns:xsi="http://www.w3.org/2001/XMLSchema-instance"
                               xmlns:SOAP-ENV="http://schemas.xmlsoap.org/soap/envelope/">
            <ns:FuncFault/>
            <ns:BusinessHeader/>
        </ns:WSResponseMetaInfo>
    </SOAP-ENV:Header>
    <SOAP-ENV:Body>
        <ns0:RechercherCtrPersSiloResponse
                xmlns:ns0="http://www.alm.com/esb/service/GestCtrPers_1/RechercherCtrPersSilo_1">
            <ns0:RechercherCtrPersSiloFunc>
                <ns0:CtrAssur>
                    <ns0:IdentCtr>
                        <ns0:IdentSiloCtr>
                            <ns0:idDansSilo>RA149495915000</ns0:idDansSilo>
                            <ns0:codeAppli>A0443</ns0:codeAppli>
                        </ns0:IdentSiloCtr>
                        <ns0:codeNatCtr>IND</ns0:codeNatCtr>
                        <ns0:libNatCtr>Individuel</ns0:libNatCtr>
                        <ns0:codeNatCtrSilo>I</ns0:codeNatCtrSilo>
                        <ns0:codeBrchAssur>RET</ns0:codeBrchAssur>
                        <ns0:libBrchAssur>RETRAITE</ns0:libBrchAssur>
                        <ns0:codeBrchAssurSilo>RA</ns0:codeBrchAssurSilo>
                    </ns0:IdentCtr>
                    <ns0:InfoCtr>
                        <ns0:dateEffet>2005-12-01</ns0:dateEffet>
                        <ns0:dateFinEffet>2023-06-30</ns0:dateFinEffet>
                        <ns0:dateEmis>2005-12-30</ns0:dateEmis>
                        <ns0:codeSitCtr>LIBPRMDEM</ns0:codeSitCtr>
                        <ns0:libSitCtr>Libéré prime demande</ns0:libSitCtr>
                        <ns0:codeSitCtrSilo>17</ns0:codeSitCtrSilo>
                        <ns0:dateSitCtr>2014-03-28</ns0:dateSitCtr>
                        <ns0:idPortfCtr>LMX</ns0:idPortfCtr>
                    </ns0:InfoCtr>
                    <ns0:Sousc>
                        <ns0:IdentSiloSousc>
                            <ns0:idDansSilo>P2104193</ns0:idDansSilo>
                            <ns0:codeAppli>A0443</ns0:codeAppli>
                        </ns0:IdentSiloSousc>
                    </ns0:Sousc>
                    <ns0:OfrCialSousc>
                        <ns0:typecon>RA10</ns0:typecon>
                        <ns0:numgen>V21</ns0:numgen>
                        <ns0:codeOfrCial>RA10V21RES</ns0:codeOfrCial>
                        <ns0:libOfrCial>MONDL RETR ACTIVE SANS MR</ns0:libOfrCial>
                    </ns0:OfrCialSousc>
                    <ns0:ActrCtr>
                        <ns0:idAssCtrSilo>LM</ns0:idAssCtrSilo>
                        <ns0:idApportAffr>19713</ns0:idApportAffr>
                        <ns0:idDistPdt>RES</ns0:idDistPdt>
                        <ns0:indGestTiers>LARREA JACQUES</ns0:indGestTiers>
                    </ns0:ActrCtr>
                    <ns0:CtrIndv>
                        <ns0:AssurePrcp>
                            <ns0:IdentSiloAssurePrcp>
                                <ns0:idDansSilo>P2104193</ns0:idDansSilo>
                                <ns0:codeAppli>A0443</ns0:codeAppli>
                            </ns0:IdentSiloAssurePrcp>
                        </ns0:AssurePrcp>
                    </ns0:CtrIndv>
                </ns0:CtrAssur>
                <ns0:CtrAssur>
                    <ns0:IdentCtr>
                        <ns0:IdentSiloCtr>
                            <ns0:idDansSilo>RA149495915000</ns0:idDansSilo>
                            <ns0:codeAppli>A0443</ns0:codeAppli>
                        </ns0:IdentSiloCtr>
                        <ns0:codeNatCtr>IND</ns0:codeNatCtr>
                        <ns0:libNatCtr>Individuel</ns0:libNatCtr>
                        <ns0:codeNatCtrSilo>I</ns0:codeNatCtrSilo>
                        <ns0:codeBrchAssur>RET</ns0:codeBrchAssur>
                        <ns0:libBrchAssur>RETRAITE</ns0:libBrchAssur>
                        <ns0:codeBrchAssurSilo>RA</ns0:codeBrchAssurSilo>
                    </ns0:IdentCtr>
                    <ns0:InfoCtr>
                        <ns0:dateEffet>2005-12-01</ns0:dateEffet>
                        <ns0:dateFinEffet>2023-06-30</ns0:dateFinEffet>
                        <ns0:dateEmis>2005-12-30</ns0:dateEmis>
                        <ns0:codeSitCtr>LIBPRMDEM</ns0:codeSitCtr>
                        <ns0:libSitCtr>Libéré prime demande</ns0:libSitCtr>
                        <ns0:codeSitCtrSilo>17</ns0:codeSitCtrSilo>
                        <ns0:dateSitCtr>2014-03-28</ns0:dateSitCtr>
                        <ns0:idPortfCtr>LMX</ns0:idPortfCtr>
                    </ns0:InfoCtr>
                    <ns0:Sousc>
                        <ns0:IdentSiloSousc>
                            <ns0:idDansSilo>P2104193</ns0:idDansSilo>
                            <ns0:codeAppli>A0443</ns0:codeAppli>
                        </ns0:IdentSiloSousc>
                    </ns0:Sousc>
                    <ns0:OfrCialSousc>
                        <ns0:typecon>RA10</ns0:typecon>
                        <ns0:numgen>V21</ns0:numgen>
                        <ns0:codeOfrCial>RA10V21RES</ns0:codeOfrCial>
                        <ns0:libOfrCial>MONDL RETR ACTIVE SANS MR</ns0:libOfrCial>
                    </ns0:OfrCialSousc>
                    <ns0:ActrCtr>
                        <ns0:idAssCtrSilo>LM</ns0:idAssCtrSilo>
                        <ns0:idApportAffr>19713</ns0:idApportAffr>
                        <ns0:idDistPdt>RES</ns0:idDistPdt>
                        <ns0:indGestTiers>LARREA JACQUES</ns0:indGestTiers>
                    </ns0:ActrCtr>
                    <ns0:CtrIndv>
                        <ns0:AssurePrcp>
                            <ns0:IdentSiloAssurePrcp>
                                <ns0:idDansSilo>P2104193</ns0:idDansSilo>
                                <ns0:codeAppli>A0443</ns0:codeAppli>
                            </ns0:IdentSiloAssurePrcp>
                        </ns0:AssurePrcp>
                    </ns0:CtrIndv>
                </ns0:CtrAssur>
                <ns0:CtrAssur>
                    <ns0:IdentCtr>
                        <ns0:IdentSiloCtr>
                            <ns0:idDansSilo>RA148198346000</ns0:idDansSilo>
                            <ns0:codeAppli>A0443</ns0:codeAppli>
                        </ns0:IdentSiloCtr>
                        <ns0:codeNatCtr>IND</ns0:codeNatCtr>
                        <ns0:libNatCtr>Individuel</ns0:libNatCtr>
                        <ns0:codeNatCtrSilo>I</ns0:codeNatCtrSilo>
                        <ns0:codeBrchAssur>RET</ns0:codeBrchAssur>
                        <ns0:libBrchAssur>RETRAITE</ns0:libBrchAssur>
                        <ns0:codeBrchAssurSilo>RA</ns0:codeBrchAssurSilo>
                    </ns0:IdentCtr>
                    <ns0:InfoCtr>
                        <ns0:dateEffet>2005-07-01</ns0:dateEffet>
                        <ns0:dateFinEffet>2011-08-12</ns0:dateFinEffet>
                        <ns0:dateEmis>2005-08-02</ns0:dateEmis>
                        <ns0:codeSitCtr>RACHDEM</ns0:codeSitCtr>
                        <ns0:libSitCtr>Racheté demande</ns0:libSitCtr>
                        <ns0:codeSitCtrSilo>7</ns0:codeSitCtrSilo>
                        <ns0:dateSitCtr>2011-08-12</ns0:dateSitCtr>
                        <ns0:idPortfCtr>LMX</ns0:idPortfCtr>
                    </ns0:InfoCtr>
                    <ns0:Sousc>
                        <ns0:IdentSiloSousc>
                            <ns0:idDansSilo>S2104191</ns0:idDansSilo>
                            <ns0:codeAppli>A0443</ns0:codeAppli>
                        </ns0:IdentSiloSousc>
                        <ns0:SignqSouscPM>
                            <ns0:codeSIREN>385189451</ns0:codeSIREN>
                            <ns0:raisSocl>S.A.R.L. COTES D ARGENT DISTRIBUTION</ns0:raisSocl>
                        </ns0:SignqSouscPM>
                    </ns0:Sousc>
                    <ns0:OfrCialSousc>
                        <ns0:typecon>RA09</ns0:typecon>
                        <ns0:numgen>V21</ns0:numgen>
                        <ns0:codeOfrCial>RA09V21RES</ns0:codeOfrCial>
                        <ns0:libOfrCial>MONDL PRIV ACTIONS SANS MR</ns0:libOfrCial>
                    </ns0:OfrCialSousc>
                    <ns0:ActrCtr>
                        <ns0:idAssCtrSilo>LM</ns0:idAssCtrSilo>
                        <ns0:idApportAffr>19713</ns0:idApportAffr>
                        <ns0:idDistPdt>RES</ns0:idDistPdt>
                        <ns0:indGestTiers>LARREA JACQUES</ns0:indGestTiers>
                    </ns0:ActrCtr>
                    <ns0:CtrIndv>
                        <ns0:AssurePrcp>
                            <ns0:IdentSiloAssurePrcp>
                                <ns0:idDansSilo>P2104193</ns0:idDansSilo>
                                <ns0:codeAppli>A0443</ns0:codeAppli>
                            </ns0:IdentSiloAssurePrcp>
                        </ns0:AssurePrcp>
                    </ns0:CtrIndv>
                </ns0:CtrAssur>
                <ns0:CtrAssur>
                    <ns0:IdentCtr>
                        <ns0:IdentSiloCtr>
                            <ns0:idDansSilo>RA141021122000</ns0:idDansSilo>
                            <ns0:codeAppli>A0443</ns0:codeAppli>
                        </ns0:IdentSiloCtr>
                        <ns0:codeNatCtr>IND</ns0:codeNatCtr>
                        <ns0:libNatCtr>Individuel</ns0:libNatCtr>
                        <ns0:codeNatCtrSilo>I</ns0:codeNatCtrSilo>
                        <ns0:codeBrchAssur>RET</ns0:codeBrchAssur>
                        <ns0:libBrchAssur>RETRAITE</ns0:libBrchAssur>
                        <ns0:codeBrchAssurSilo>RA</ns0:codeBrchAssurSilo>
                    </ns0:IdentCtr>
                    <ns0:InfoCtr>
                        <ns0:dateEffet>2003-09-01</ns0:dateEffet>
                        <ns0:dateFinEffet>2011-08-05</ns0:dateFinEffet>
                        <ns0:dateEmis>2003-10-27</ns0:dateEmis>
                        <ns0:codeSitCtr>RACHDEM</ns0:codeSitCtr>
                        <ns0:libSitCtr>Racheté demande</ns0:libSitCtr>
                        <ns0:codeSitCtrSilo>7</ns0:codeSitCtrSilo>
                        <ns0:dateSitCtr>2011-08-05</ns0:dateSitCtr>
                        <ns0:idPortfCtr>LMX</ns0:idPortfCtr>
                    </ns0:InfoCtr>
                    <ns0:Sousc>
                        <ns0:IdentSiloSousc>
                            <ns0:idDansSilo>S2104191</ns0:idDansSilo>
                            <ns0:codeAppli>A0443</ns0:codeAppli>
                        </ns0:IdentSiloSousc>
                        <ns0:SignqSouscPM>
                            <ns0:codeSIREN>385189451</ns0:codeSIREN>
                            <ns0:raisSocl>S.A.R.L. COTES D ARGENT DISTRIBUTION</ns0:raisSocl>
                        </ns0:SignqSouscPM>
                    </ns0:Sousc>
                    <ns0:OfrCialSousc>
                        <ns0:typecon>RA10</ns0:typecon>
                        <ns0:numgen>V02</ns0:numgen>
                        <ns0:codeOfrCial>RA10V02RES</ns0:codeOfrCial>
                        <ns0:libOfrCial>MONDIALE RETRAITE ACTIVE</ns0:libOfrCial>
                    </ns0:OfrCialSousc>
                    <ns0:ActrCtr>
                        <ns0:idAssCtrSilo>LM</ns0:idAssCtrSilo>
                        <ns0:idApportAffr>19713</ns0:idApportAffr>
                        <ns0:idDistPdt>RES</ns0:idDistPdt>
                        <ns0:indGestTiers>LARREA JACQUES</ns0:indGestTiers>
                    </ns0:ActrCtr>
                    <ns0:CtrIndv>
                        <ns0:AssurePrcp>
                            <ns0:IdentSiloAssurePrcp>
                                <ns0:idDansSilo>P2104193</ns0:idDansSilo>
                                <ns0:codeAppli>A0443</ns0:codeAppli>
                            </ns0:IdentSiloAssurePrcp>
                        </ns0:AssurePrcp>
                    </ns0:CtrIndv>
                </ns0:CtrAssur>
            </ns0:RechercherCtrPersSiloFunc>
        </ns0:RechercherCtrPersSiloResponse>
    </SOAP-ENV:Body>
</SOAP-ENV:Envelope>
