<?xml version="1.0" encoding="UTF-8"?>
<beans xmlns="http://www.springframework.org/schema/beans" xmlns:xsi="http://www.w3.org/2001/XMLSchema-instance"
	xsi:schemaLocation="http://www.springframework.org/schema/beans http://www.springframework.org/schema/beans/spring-beans.xsd 
       http://www.springframework.org/schema/context http://www.springframework.org/schema/context/spring-context.xsd 
       http://www.springframework.org/schema/util http://www.springframework.org/schema/util/spring-util.xsd"
	xmlns:context="http://www.springframework.org/schema/context" xmlns:util="http://www.springframework.org/schema/util">


	<import resource="classpath:/config/frmk/ria-admin-frmk.xml" />
	
	<!-- **********************************************************************-->
	<!-- *************** LISTE DES TESTS DE CONNEXION ETENDUS *****************-->
	<!-- **********************************************************************-->
	<!--  
		Contient la liste des AbstractTestManager chargé de tester les différents composants applicatif d'une application.
		IMPORTANT : Tous les beans de cette liste doivent hériter de AbstractTestManager.
		Il faut alimenter la propriété 'name' pour qu'elle apparaissent dans le rapport de test.
		Chaque AbstractTestManager doit :
		- implémenter la méthode performTest() pour réaliser le test
		- faire renvoyer à performTest() un objet TestReport alimenté en fonction du résultat du test.
	-->
 	<util:list id="extendedTestManagerList">
<!-- Ces beans doivent être supprimés selon que vous utilisiez ou non les modules metis-xfire et/ou metis-cics-persistence --> 	
<!--		<ref bean="CICSTestManager"/>-->
<!--		<ref bean="contextWSTestManager"/>-->
<!--		<ref bean="habilitationsWSTestManager"/>		-->
	</util:list>

<!--	<bean id="CICSTestManager" class="com.ag2r.common.administration.model.CICSTestManager">-->
<!--		<property name="name" value="Test de connexion CICS" />-->
<!--	</bean>-->
<!--	<bean id="contextWSTestManager" class="com.ag2r.common.administration.model.ContextWSTestManager">-->
<!--		<property name="name" value="Test de connexion au WebService de Contextualisation" />-->
<!--		<property name="wsClient" ref="wsGestionContexteClient" />-->
<!--	</bean>-->
<!--	<bean id="habilitationsWSTestManager" class="com.ag2r.common.administration.model.HabilitationsWSTestManager">-->
<!--		<property name="name" value="Test de connexion au WebService des Habilitations" />-->
<!--		<property name="wsClient" ref="wsHabilitationsClient" />-->
<!--	</bean>-->




	<!-- **********************************************************************-->
	<!-- ******************** LISTE DES VERSIONS DE COMPOSANT *****************-->
	<!-- **********************************************************************-->
	<!--  
		Contient la liste des AbstractComponentVersionDescriptor décrivant un composant applicatif pour lequel on veut connaitre la version.
		IMPORTANT : Tous les beans de cette liste doivent hériter de AbstractComponentVersionDescriptor.
		Il faut alimenter la propriété 'componentName' pour chaque AbstractComponentVersionDescriptor.
		Chaque AbstractComponentVersionDescriptor doit implémenter la méthode readVersion() pour renvoyer la version du composant.
	-->
	
	<util:list id="extendedComponentVersionList">
		<!-- <ref bean="xxxVersion"/>
		-->
	</util:list>

	<!-- bean id="xxxVersion" class="com.ag2r.projetxxx.x.XXXVersion">
		<property name="componentName" value="Composant xxx"/>
	</bean-->




	<!-- ***********************************************************************-->
	<!-- ******************** LISTE DES FICHIERS APPLICATIFS *******************-->
	<!-- ***********************************************************************-->
	<!--  
		Contient la liste des FileDescriptor décrivant un fichier de configuration applicatif que l'on veut afficher.
		IMPORTANT : Tous les beans de cette liste doivent hériter de FileDescriptor.
		Pour chaque FileDescriptor, il faut renseigner :
		- 'name' : 				Nom complet (chemin + nom) du fichier de configuration
		- 'description' : 		Description du fichier
		- 'classPathLocation' : 'true' si le fichier est dans la classpath (ex :JavaSource/...)
								'false' si le fichier est dans le WebContext (WebContent/...)
						
		- 'xmlStructure' : 		'true' si le fichier a une structure XML, 'false' dans le cas contraire.
		- 'selectedNodes' : 	Expression xPath permettant de n'afficher que les noeuds XML correspondant à l'epression.
	-->

	<util:list id="appFileList">
		<!-- <ref bean="xxxFile"/>
		-->
	</util:list>

	<!-- bean id="xxxFile" class="com.ag2r.common.administration.model.FileDescriptor">
		<property name="name" value="/config/fichierxxx.xml"/>
		<property name="description"><value>Fichier xxx</value></property>
		<property name="classPathLocation" value="true"/>
		<property name="xmlStructure" value="true"/>
		<property name="selectedNodes" value="//bean[@id='beanxxx']"/>
	</bean-->

</beans>
