<?xml version="1.0" encoding="UTF-8"?>
<beans xmlns="http://www.springframework.org/schema/beans"
	xmlns:xsi="http://www.w3.org/2001/XMLSchema-instance"
	xmlns:sec="http://www.springframework.org/schema/security"
	xmlns:context="http://www.springframework.org/schema/context"
	xmlns:aop="http://www.springframework.org/schema/aop"
	xmlns:cache="http://www.springframework.org/schema/cache"
	xmlns:task="http://www.springframework.org/schema/task"
	xmlns:mvc="http://www.springframework.org/schema/mvc"

	xsi:schemaLocation="http://www.springframework.org/schema/beans http://www.springframework.org/schema/beans/spring-beans.xsd
            http://www.springframework.org/schema/security http://www.springframework.org/schema/security/spring-security.xsd
            http://www.springframework.org/schema/context http://www.springframework.org/schema/context/spring-context.xsd
            http://www.springframework.org/schema/aop http://www.springframework.org/schema/aop/spring-aop.xsd
            http://www.springframework.org/schema/cache
            http://www.springframework.org/schema/cache/spring-cache.xsd
            http://www.springframework.org/schema/task http://www.springframework.org/schema/task/spring-task.xsd
            http://www.springframework.org/schema/mvc
			http://www.springframework.org/schema/mvc/spring-mvc-4.0.xsd">

	<context:component-scan
		base-package="fr.ag2rlamondiale.rbb" />
	<context:component-scan
		base-package="fr.ag2rlamondiale.epinlib" />
	<!-- Configurer swagger-ui -->
	<mvc:resources mapping="/webjars/**"
		location="classpath:/META-INF/resources/webjars/" />

	<aop:aspectj-autoproxy />

	<!-- Import fichiers Applicatifs -->
	<import resource="security-context.xml" />
	<import resource="admin.xml" />
	<import resource="spring-rest-context.xml" />
	<import resource="data-fixtures.xml" />

	<!-- Begin async support -->
	<task:annotation-driven
		executor="myExecutorService" />
	<bean id="myExecutorService"
		class="fr.ag2rlamondiale.trm.thread.NewThreadFutureTaskExecutor" />
	<!-- <task:executor id="myExecutorService" pool-size="${executor.pool.size}" -->
	<!-- queue-capacity="${executor.queue.capacity}" rejection-policy="CALLER_RUNS"/> -->
	<!-- End async support -->

	<!-- charge le placeholder applicatif a partir de config/placeholder-config.xml -->
	<import
		resource="classpath:/config/frmk/application-context-frmk.xml" />

	<bean id="technicalContextFilter"
		class="fr.ag2rlamondiale.metis.ria.server.context.TechnicalContextFilter" />

	<!-- Fabrique de Validator (BeanValidation) (pour une appli utilisant Hibernate, 
		utiliser le second type) -->
	<bean id="validator"
		class="fr.ag2rlamondiale.metis.ria.server.validation.ValidatorFactoryBean">
		<property name="bundleName"
			value="fr.ag2rlamondiale.rbb.ValidationMessages" />
	</bean>

	<bean id="withMethodSimpleKeyGenerator"
		class="fr.ag2rlamondiale.trm.cache.WithMethodSimpleKeyGenerator" />

	<!-- order = Integer.MAX_VALUE - 1 : pour le ProfileExecution -->
	<cache:annotation-driven
		cache-manager="ehCacheManager"
		key-generator="withMethodSimpleKeyGenerator" order="1000" />

	<bean id="ehCacheManager"
		class="org.springframework.cache.jcache.JCacheCacheManager"
		primary="true">
		<property name="cacheManager">
			<bean
				class="org.springframework.cache.jcache.JCacheManagerFactoryBean">
				<property name="cacheManagerUri"
					value="classpath:ehcache.xml" />
			</bean>
		</property>
	</bean>

	<!-- <bean class="fr.ag2rlamondiale.trm.CoreConfig"/> -->
	<!-- <bean class="fr.ag2rlamondiale.trm.PfsConfig"/> -->
	<!-- <bean class="fr.ag2rlamondiale.trm.ClientConsoleConfig"/> -->
	<bean class="fr.ag2rlamondiale.rbb.ApiConfig" />

	<!-- Swagger config -->
	<!-- <bean id="swagger2Config" class="springfox.documentation.swagger2.configuration.Swagger2DocumentationConfiguration"></bean> -->
</beans>
