<?xml version="1.0" encoding="UTF-8"?>
<beans xmlns="http://www.springframework.org/schema/beans" xmlns:xsi="http://www.w3.org/2001/XMLSchema-instance"
	xsi:schemaLocation="http://www.springframework.org/schema/beans http://www.springframework.org/schema/beans/spring-beans.xsd 
       http://www.springframework.org/schema/context http://www.springframework.org/schema/context/spring-context.xsd 
       http://www.springframework.org/schema/util http://www.springframework.org/schema/util/spring-util.xsd"
	xmlns:util="http://www.springframework.org/schema/util" xmlns:context="http://www.springframework.org/schema/context">

<!-- Validateur des proprietes contextualisables. Classe devant hériter de MetisContextualPropertiesValidator,
	ou, à defaut, com.ag2r.common.utils.contextual.MetisContextualPropertiesValidator -->
	<bean id="contextualPropertiesValidator" class="com.ag2r.common.utils.contextual.MetisContextualPropertiesValidator" />


<!-- Valeurs des Proprietes contextualisables, utilisees par le placeholder -->
<!-- Utiliser l'une ou l'autre des deux configurations ci dessous -->

<!-- CONFIGURATION 1 (standard) : proprietes contextualisees dans fichiers .properties.
La liste standard est proposee, une liste specifique peut etre eventuellement definie dans un autre bean -->

	<bean id="contextualProperties" init-method="init" parent="abstractMetisContextualProperties"
		class="com.ag2r.common.utils.contextual.FromBundleContextualProperties" >
		<property name="locations" ref="standardContextualLocations" />
	</bean>

	<util:list id="standardContextualLocations">
		<value>/metis-contextual-values.properties</value>
		<value>/application-contextual-values.properties</value>
		<value>/webservices-pfs.properties</value>
		<value>/webservices-rest.properties</value>
		<value>/roles.properties</value>
	</util:list>


<!-- CONFIGURATION 2 : proprietes contextualisees chargees depuis une dataSource referencee dans le web.xml :
- definir une classe heritant de FromDbContextualProperties, et redéfinissant la methode loadPropertiesFromDataSource -->	
<!--
	<bean id="contextualProperties" init-method="init" parent="abstractMetisContextualProperties"
		class="com.ag2r.applicationxxx.utils.contextual.ApplicationFromDbContextualProperties" >
		<property name="dataSource" ref="placeholderDataSource" />
	</bean>
	<bean id="placeholderDataSource" class="org.springframework.jndi.JndiObjectFactoryBean">
		<property name="jndiName" value="ref_du_web_xml_contextual_datasource" />
		<property name="resourceRef" value="true" />
	</bean>
-->

<!-- CONFIGURATION 3 : CONFIGURATION POSSIBLE sur serveurs d'intégration : par chemins dans le filesystem -->
<!--
	<bean id="contextualProperties"  init-method="init" init-method="init"
		class="com.ag2r.common.utils.contextual.FromFileSystemContextualProperties" >
		<property name="locations" ref="fromFileSystemContextualLocations" />
	</bean>
 
	<util:list id="fromFileSystemContextualLocations">
		<value>/devef/indxNet/.../metis-contextual-values.properties</value>
		<value>/devef/indxNet/.../application-contextual-values.properties</value>
	</util:list>
-->

<!-- CONFIGURATION 4 : CONFIGURATION POSSIBLE sur serveurs d'intégration : par utilisation d'une url de base définie par JNDI,
referencee via une reference de ressource dans le web.xml -->
<!--
	<bean id="contextualProperties" init-method="init" parent="abstractMetisContextualProperties"
		class="com.ag2r.common.utils.contextual.FromBaseUrlContextualProperties" >
		<property name="locations" ref="standardContextualLocations" />
		<property name="baseUrl" ref="baseUrlFromJndi" />
	</bean>
 
	<util:list id="standardContextualLocations">
		<value>/metis-contextual-values.properties</value>
		<value>/application-contextual-values.properties</value>		
	</util:list>
	
	<bean id="baseUrlFromJndi" class="org.springframework.jndi.JndiObjectFactoryBean">
		<property name="jndiName" value="ref_du_web_xml_contextual_base_dir_url" />
		<property name="resourceRef" value="true" />
	</bean>	
-->

</beans>
