<?xml version="1.0" encoding="UTF-8"?>
<beans xmlns="http://www.springframework.org/schema/beans" xmlns:xsi="http://www.w3.org/2001/XMLSchema-instance"
	   xmlns:sec="http://www.springframework.org/schema/security" xmlns:context="http://www.springframework.org/schema/context"
	   xmlns:p="http://www.springframework.org/schema/p" xmlns:aop="http://www.springframework.org/schema/aop"

	   xsi:schemaLocation="http://www.springframework.org/schema/beans http://www.springframework.org/schema/beans/spring-beans.xsd
            http://www.springframework.org/schema/security https://www.springframework.org/schema/security/spring-security.xsd
            http://www.springframework.org/schema/context http://www.springframework.org/schema/context/spring-context.xsd
            http://www.springframework.org/schema/aop http://www.springframework.org/schema/aop/spring-aop.xsd">

	<!-- Import fichiers METIS RIA -->
	<import resource="classpath:config/frmk/metis-security-cas-frmk.xml" />

        <bean id="filterChainProxy" class="org.springframework.security.web.FilterChainProxy">
            <constructor-arg>
                <list>
                    <sec:filter-chain pattern="/external/supervisionfunction.jsf"
                                      filters="none" />
                    <sec:filter-chain pattern="/external/reloadrefdatafunction.jsf"
                                      filters="none" />
				<sec:filter-chain pattern="/**"
								  filters="httpSessionContextIntegrationFilter,
									   ExceptionTranslationFilter,
									   logoutFilter,
									   casFilter,
									   filterSecurityURLInterceptor,
									   csrfFilter" />
			</list>
		</constructor-arg>
	</bean>

	<bean id="authenticationUserDetailsService" class="fr.ag2rlamondiale.rbb.security.RbbCasUserDetailsService">
		<constructor-arg index="0">
			<list>
				<value>roles</value>
			</list>
		</constructor-arg>
	</bean>

	<bean
			class="org.springframework.beans.factory.config.MethodInvokingFactoryBean">
		<property name="targetClass"
				  value="org.springframework.security.core.context.SecurityContextHolder" />
		<property name="targetMethod" value="setStrategyName" />
		<property name="arguments" value="MODE_INHERITABLETHREADLOCAL" />
	</bean>
</beans>
