<SOAP-ENV:Envelope xmlns:SOAP-ENV="http://schemas.xmlsoap.org/soap/envelope/"><SOAP-ENV:Header><ns:WSResponseMetaInfo xmlns:ns="http://www.fmk.com/ESB/Framework/ESBTechPivotSchema" xmlns:ns0="http://schemas.xmlsoap.org/soap/envelope/" xmlns:xs="http://www.w3.org/2001/XMLSchema" xmlns:xsi="http://www.w3.org/2001/XMLSchema-instance" xmlns:SOAP-ENV="http://schemas.xmlsoap.org/soap/envelope/"><ns:FuncFault/><ns:BusinessHeader/></ns:WSResponseMetaInfo></SOAP-ENV:Header><SOAP-ENV:Body><ns0:RechPersPhysClientResponse xmlns:ns0="http://www.alm.com/esb/service/GestPersPhys_2/RechPersPhysClient_8"><ns0:RechPersPhysClientFunc><ns0:PersonnePhysique><ns0:IdSilo><ns0:libIdPersonne>P5196892</ns0:libIdPersonne><ns0:codeAppli>A0499</ns0:codeAppli><ns0:codeSysInfo>ERE</ns0:codeSysInfo></ns0:IdSilo><ns0:Signaletique><ns0:codeCiv>MM</ns0:codeCiv><ns0:libCiv>Madame</ns0:libCiv><ns0:codeCivSilo>2</ns0:codeCivSilo><ns0:libNomPP>ZHANG</ns0:libNomPP><ns0:libPrenomPP>LEI</ns0:libPrenomPP><ns0:libNomJeuneFille>ZHANG</ns0:libNomJeuneFille><ns0:codeSexePP>F</ns0:codeSexePP><ns0:libSexePP>FEMININ</ns0:libSexePP><ns0:dateNaissancePP>1981-08-28</ns0:dateNaissancePP></ns0:Signaletique><ns0:DetailPP><ns0:codeEtatPers>NR</ns0:codeEtatPers><ns0:libEtatPers/><ns0:codeAPE>NR</ns0:codeAPE><ns0:codePCS4>NR</ns0:codePCS4><ns0:codeSttPro>NR</ns0:codeSttPro><ns0:libSttPro>Non renseigné</ns0:libSttPro><ns0:indicSalarieGroupe>false</ns0:indicSalarieGroupe><ns0:libVilNais>DINGXING</ns0:libVilNais><ns0:indResidFr>false</ns0:indResidFr><ns0:codeSitFam>NR</ns0:codeSitFam><ns0:libSitFam>Non renseigné</ns0:libSitFam></ns0:DetailPP><ns0:ComplMktg><ns0:indVIP>false</ns0:indVIP><ns0:codeMotifVIP>NR</ns0:codeMotifVIP><ns0:libMotifVIP/><ns0:codeSegPP>NR</ns0:codeSegPP><ns0:libSegPP/></ns0:ComplMktg><ns0:DosCom><ns0:ContactTel><ns0:codeNatTel>NR</ns0:codeNatTel><ns0:libNatTel>Non renseigné</ns0:libNatTel></ns0:ContactTel><ns0:ContactTel><ns0:codeNatTel>NR</ns0:codeNatTel><ns0:libNatTel>Non renseigné</ns0:libNatTel></ns0:ContactTel><ns0:ContactTel><ns0:codeNatTel>NR</ns0:codeNatTel><ns0:libNatTel>Non renseigné</ns0:libNatTel></ns0:ContactTel><ns0:ContactTel><ns0:codeNatTel>NR</ns0:codeNatTel><ns0:libNatTel>Non renseigné</ns0:libNatTel></ns0:ContactTel><ns0:ContactTel><ns0:codeNatTel>NR</ns0:codeNatTel><ns0:libNatTel>Non renseigné</ns0:libNatTel></ns0:ContactTel><ns0:ContactAdresse><ns0:dateMaj>2020-04-22</ns0:dateMaj><ns0:codeRoleAdresse>NR</ns0:codeRoleAdresse><ns0:libRoleAdresse>Non renseigné</ns0:libRoleAdresse><ns0:adresse3>6 B RUE SERAPHIN CORDIER</ns0:adresse3><ns0:adresse6>62300 LENS</ns0:adresse6><ns0:adresse7>FRANCE</ns0:adresse7><ns0:codePays>FRA</ns0:codePays><ns0:nbeCourPND>0</ns0:nbeCourPND><ns0:codeVilINSEE>62498</ns0:codeVilINSEE><ns0:numTourDist>0</ns0:numTourDist><ns0:codePostal>62300</ns0:codePostal></ns0:ContactAdresse><ns0:ContactAdresse><ns0:codeRoleAdresse>NR</ns0:codeRoleAdresse><ns0:libRoleAdresse>Non renseigné</ns0:libRoleAdresse></ns0:ContactAdresse><ns0:ContactEmail><ns0:dateMaj>2020-04-22</ns0:dateMaj><ns0:codeRoleEmail>PRO</ns0:codeRoleEmail><ns0:libRoleEmail>Professionnel</ns0:libRoleEmail><ns0:indCnlInact>false</ns0:indCnlInact><ns0:libEmail>lzhang4@smrc-automotive.com</ns0:libEmail></ns0:ContactEmail></ns0:DosCom><ns0:InfoRetr/><ns0:TypologiePersonne><ns0:indicEntrepreneurIndividuel>false</ns0:indicEntrepreneurIndividuel><ns0:indGestTiers>false</ns0:indGestTiers></ns0:TypologiePersonne><ns0:RoleCtrPers><ns0:codeRoleCtr>3</ns0:codeRoleCtr><ns0:libRoleCtr>ASSURE</ns0:libRoleCtr><ns0:codeRoleCtrSilo>3</ns0:codeRoleCtrSilo><ns0:dateDebRole>2020-01-01</ns0:dateDebRole><ns0:idCliPartn/><ns0:idGDI/><ns0:IdentSiloCtr><ns0:idSilo>RG152180293</ns0:idSilo><ns0:codeAppli>A0252</ns0:codeAppli><ns0:codeSysInfo>ERE</ns0:codeSysInfo></ns0:IdentSiloCtr></ns0:RoleCtrPers><ns0:RoleCtrPers><ns0:codeRoleCtr>19</ns0:codeRoleCtr><ns0:libRoleCtr>REPRESENTANT INTERNET</ns0:libRoleCtr><ns0:codeRoleCtrSilo>17</ns0:codeRoleCtrSilo><ns0:idCliPartn/><ns0:idGDI/><ns0:IdentSiloCtr><ns0:idSilo/><ns0:codeAppli/><ns0:codeSysInfo/></ns0:IdentSiloCtr></ns0:RoleCtrPers></ns0:PersonnePhysique></ns0:RechPersPhysClientFunc></ns0:RechPersPhysClientResponse></SOAP-ENV:Body></SOAP-ENV:Envelope>