<SOAP-ENV:Envelope xmlns:SOAP-ENV="http://schemas.xmlsoap.org/soap/envelope/"><SOAP-ENV:Header><ns:WSResponseMetaInfo xmlns:ns="http://www.fmk.com/ESB/Framework/ESBTechPivotSchema" xmlns:ns0="http://schemas.xmlsoap.org/soap/envelope/" xmlns:xs="http://www.w3.org/2001/XMLSchema" xmlns:xsi="http://www.w3.org/2001/XMLSchema-instance"><ns:FuncFault/><ns:BusinessHeader/></ns:WSResponseMetaInfo></SOAP-ENV:Header><SOAP-ENV:Body><ns0:RechPersPhysClientResponse xmlns:ns0="http://www.alm.com/esb/service/GestPersPhys_2/RechPersPhysClient_8"><ns0:RechPersPhysClientFunc><ns0:PersonnePhysique><ns0:IdSilo><ns0:libIdPersonne>P7093337</ns0:libIdPersonne><ns0:codeAppli>A0406</ns0:codeAppli><ns0:codeSysInfo>MDP</ns0:codeSysInfo></ns0:IdSilo><ns0:Signaletique><ns0:codeCiv>MM</ns0:codeCiv><ns0:libCiv>Madame</ns0:libCiv><ns0:codeCivSilo>2</ns0:codeCivSilo><ns0:libNomPP>CHAPELET</ns0:libNomPP><ns0:libPrenomPP>MAGALI</ns0:libPrenomPP><ns0:libNomJeuneFille>MARTIN</ns0:libNomJeuneFille><ns0:codeSexePP>F</ns0:codeSexePP><ns0:libSexePP>FEMININ</ns0:libSexePP><ns0:dateNaissancePP>1978-05-01</ns0:dateNaissancePP></ns0:Signaletique><ns0:DetailPP><ns0:codeINSEEVilNais>55545</ns0:codeINSEEVilNais><ns0:numNirPP>2780500000000</ns0:numNirPP><ns0:codeEtatPers>ENVIE</ns0:codeEtatPers><ns0:libEtatPers>Vivant</ns0:libEtatPers><ns0:codeEtatPersSilo>0</ns0:codeEtatPersSilo><ns0:codeAPE>NR</ns0:codeAPE><ns0:codePCS4>2190</ns0:codePCS4><ns0:codeSttPro>HNX</ns0:codeSttPro><ns0:libSttPro>Hors nomenclature XREF</ns0:libSttPro><ns0:codeSttProSilo>12</ns0:codeSttProSilo><ns0:indicSalarieGroupe>false</ns0:indicSalarieGroupe><ns0:libVilNais>VERDUN</ns0:libVilNais><ns0:indResidFr>false</ns0:indResidFr><ns0:codeSitFam>M</ns0:codeSitFam><ns0:libSitFam>Marié</ns0:libSitFam><ns0:codeSitFamSilo>M</ns0:codeSitFamSilo></ns0:DetailPP><ns0:ComplMktg><ns0:indVIP>false</ns0:indVIP><ns0:codeMotifVIP>NR</ns0:codeMotifVIP><ns0:libMotifVIP/><ns0:codeSegPP>MAXI</ns0:codeSegPP><ns0:libSegPP>MAXIMISER</ns0:libSegPP><ns0:codeSegPPSilo>MAXIMISER</ns0:codeSegPPSilo></ns0:ComplMktg><ns0:DosCom><ns0:ContactTel><ns0:codeNatTel>NR</ns0:codeNatTel><ns0:libNatTel>Non renseigné</ns0:libNatTel></ns0:ContactTel><ns0:ContactTel><ns0:codeNatTel>NR</ns0:codeNatTel><ns0:libNatTel>Non renseigné</ns0:libNatTel></ns0:ContactTel><ns0:ContactTel><ns0:codeNatTel>NR</ns0:codeNatTel><ns0:libNatTel>Non renseigné</ns0:libNatTel></ns0:ContactTel><ns0:ContactTel><ns0:codeNatTel>NR</ns0:codeNatTel><ns0:libNatTel>Non renseigné</ns0:libNatTel></ns0:ContactTel><ns0:ContactTel><ns0:codeNatTel>NR</ns0:codeNatTel><ns0:libNatTel>Non renseigné</ns0:libNatTel></ns0:ContactTel><ns0:ContactAdresse><ns0:dateMaj>2017-11-22</ns0:dateMaj><ns0:codeRoleAdresse>NR</ns0:codeRoleAdresse><ns0:libRoleAdresse>Non renseigné</ns0:libRoleAdresse><ns0:adresse3>11 RUE DU PRE POMMERE</ns0:adresse3><ns0:adresse6>55100 VERDUN</ns0:adresse6><ns0:adresse7>FRANCE</ns0:adresse7><ns0:codePays>FRA</ns0:codePays><ns0:nbeCourPND>0</ns0:nbeCourPND><ns0:codeVilINSEE>55545</ns0:codeVilINSEE><ns0:codePostal>55100</ns0:codePostal></ns0:ContactAdresse><ns0:ContactAdresse><ns0:codeRoleAdresse>NR</ns0:codeRoleAdresse><ns0:libRoleAdresse>Non renseigné</ns0:libRoleAdresse></ns0:ContactAdresse></ns0:DosCom><ns0:InfoRetr/><ns0:TypologiePersonne><ns0:indicEntrepreneurIndividuel>false</ns0:indicEntrepreneurIndividuel><ns0:indGestTiers>false</ns0:indGestTiers></ns0:TypologiePersonne><ns0:RoleCtrPers><ns0:codeRoleCtr>19</ns0:codeRoleCtr><ns0:libRoleCtr>REPRESENTANT INTERNET</ns0:libRoleCtr><ns0:codeRoleCtrSilo>17</ns0:codeRoleCtrSilo><ns0:dateDebRole>2020-06-15</ns0:dateDebRole><ns0:dateFinRole>9999-12-31</ns0:dateFinRole><ns0:idCliPartn/><ns0:idGDI>2ptrra</ns0:idGDI><ns0:IdentSiloCtr><ns0:idSilo>RA201824990000</ns0:idSilo><ns0:codeAppli>A0443</ns0:codeAppli><ns0:codeSysInfo>MDP</ns0:codeSysInfo></ns0:IdentSiloCtr></ns0:RoleCtrPers></ns0:PersonnePhysique></ns0:RechPersPhysClientFunc></ns0:RechPersPhysClientResponse></SOAP-ENV:Body></SOAP-ENV:Envelope>