<SOAP-ENV:Envelope xmlns:SOAP-ENV="http://schemas.xmlsoap.org/soap/envelope/">
    <SOAP-ENV:Header>
        <ns:WSResponseMetaInfo xmlns:ns="http://www.fmk.com/ESB/Framework/ESBTechPivotSchema"
                               xmlns:ns0="http://schemas.xmlsoap.org/soap/envelope/"
                               xmlns:xs="http://www.w3.org/2001/XMLSchema"
                               xmlns:xsi="http://www.w3.org/2001/XMLSchema-instance">
            <ns:FuncFault/>
            <ns:BusinessHeader/>
        </ns:WSResponseMetaInfo>
    </SOAP-ENV:Header>
    <SOAP-ENV:Body>
        <ns0:RechPersPhysClientResponse xmlns:ns0="http://www.alm.com/esb/service/GestPersPhys_2/RechPersPhysClient_8">
            <ns0:RechPersPhysClientFunc>
                <ns0:PersonnePhysique>
                    <ns0:IdSilo>
                        <ns0:libIdPersonne>P0850739</ns0:libIdPersonne>
                        <ns0:codeAppli>A0406</ns0:codeAppli>
                        <ns0:codeSysInfo>MDP</ns0:codeSysInfo>
                    </ns0:IdSilo>
                    <ns0:Signaletique>
                        <ns0:codeCiv>MR</ns0:codeCiv>
                        <ns0:libCiv>Monsieur</ns0:libCiv>
                        <ns0:codeCivSilo>1</ns0:codeCivSilo>
                        <ns0:libNomPP>HOURCADE</ns0:libNomPP>
                        <ns0:libPrenomPP>FREDERIC</ns0:libPrenomPP>
                        <ns0:codeSexePP>M</ns0:codeSexePP>
                        <ns0:libSexePP>MASCULIN</ns0:libSexePP>
                        <ns0:dateNaissancePP>1961-06-15</ns0:dateNaissancePP>
                    </ns0:Signaletique>
                    <ns0:DetailPP>
                        <ns0:codeINSEEVilNais>40192</ns0:codeINSEEVilNais>
                        <ns0:numNirPP>1610640192054</ns0:numNirPP>
                        <ns0:codeEtatPers>ENVIE</ns0:codeEtatPers>
                        <ns0:libEtatPers>Vivant</ns0:libEtatPers>
                        <ns0:codeEtatPersSilo>0</ns0:codeEtatPersSilo>
                        <ns0:codeAPE>NR</ns0:codeAPE>
                        <ns0:codePCS4>2000</ns0:codePCS4>
                        <ns0:codeSttPro>COMMERC</ns0:codeSttPro>
                        <ns0:libSttPro>ORGANIC - COMMERÇANT</ns0:libSttPro>
                        <ns0:codeSttProSilo>12</ns0:codeSttProSilo>
                        <ns0:indicSalarieGroupe>false</ns0:indicSalarieGroupe>
                        <ns0:libVilNais>MONT DE MARSAN</ns0:libVilNais>
                        <ns0:indResidFr>false</ns0:indResidFr>
                        <ns0:codeSitFam>M</ns0:codeSitFam>
                        <ns0:libSitFam>Marié</ns0:libSitFam>
                        <ns0:codeSitFamSilo>M</ns0:codeSitFamSilo>
                    </ns0:DetailPP>
                    <ns0:ComplMktg>
                        <ns0:indVIP>false</ns0:indVIP>
                        <ns0:codeMotifVIP>NR</ns0:codeMotifVIP>
                        <ns0:libMotifVIP/>
                        <ns0:codeSegPP>REDCOSEN</ns0:codeSegPP>
                        <ns0:libSegPP>REDECOUVRIR SENIOR</ns0:libSegPP>
                        <ns0:codeSegPPSilo>REDECOUVRIR SENIOR</ns0:codeSegPPSilo>
                    </ns0:ComplMktg>
                    <ns0:DosCom>
                        <ns0:ContactTel>
                            <ns0:dateMaj>2018-11-14</ns0:dateMaj>
                            <ns0:codeNatTel>PER</ns0:codeNatTel>
                            <ns0:libNatTel>Personnel</ns0:libNatTel>
                            <ns0:codeNatTelSilo>PE</ns0:codeNatTelSilo>
                            <ns0:numTel>0778547816</ns0:numTel>
                            <ns0:codeRoleTel>TPO</ns0:codeRoleTel>
                            <ns0:libRoleTel>Portable</ns0:libRoleTel>
                            <ns0:codeRoleTelSilo>PO</ns0:codeRoleTelSilo>
                        </ns0:ContactTel>
                        <ns0:ContactTel>
                            <ns0:dateMaj>2017-06-20</ns0:dateMaj>
                            <ns0:codeNatTel>NR</ns0:codeNatTel>
                            <ns0:libNatTel>Non renseigné</ns0:libNatTel>
                            <ns0:numTel>0778547816</ns0:numTel>
                            <ns0:codeRoleTel>TPO</ns0:codeRoleTel>
                            <ns0:libRoleTel>Portable</ns0:libRoleTel>
                            <ns0:codeRoleTelSilo>PO</ns0:codeRoleTelSilo>
                        </ns0:ContactTel>
                        <ns0:ContactTel>
                            <ns0:codeNatTel>NR</ns0:codeNatTel>
                            <ns0:libNatTel>Non renseigné</ns0:libNatTel>
                        </ns0:ContactTel>
                        <ns0:ContactTel>
                            <ns0:codeNatTel>NR</ns0:codeNatTel>
                            <ns0:libNatTel>Non renseigné</ns0:libNatTel>
                        </ns0:ContactTel>
                        <ns0:ContactTel>
                            <ns0:codeNatTel>NR</ns0:codeNatTel>
                            <ns0:libNatTel>Non renseigné</ns0:libNatTel>
                        </ns0:ContactTel>
                        <ns0:ContactAdresse>
                            <ns0:dateMaj>2017-06-20</ns0:dateMaj>
                            <ns0:codeRoleAdresse>NR</ns0:codeRoleAdresse>
                            <ns0:libRoleAdresse>Non renseigné</ns0:libRoleAdresse>
                            <ns0:adresse3>1 CHEMIN DE LA MEJANNE</ns0:adresse3>
                            <ns0:adresse6>30740 LE CAILAR</ns0:adresse6>
                            <ns0:adresse7>FRANCE</ns0:adresse7>
                            <ns0:codePays>FRA</ns0:codePays>
                            <ns0:nbeCourPND>0</ns0:nbeCourPND>
                            <ns0:codeVilINSEE>30059</ns0:codeVilINSEE>
                            <ns0:numTourDist>0</ns0:numTourDist>
                            <ns0:codePostal>30740</ns0:codePostal>
                        </ns0:ContactAdresse>
                        <ns0:ContactAdresse>
                            <ns0:codeRoleAdresse>NR</ns0:codeRoleAdresse>
                            <ns0:libRoleAdresse>Non renseigné</ns0:libRoleAdresse>
                        </ns0:ContactAdresse>
                    </ns0:DosCom>
                    <ns0:InfoRetr/>
                    <ns0:TypologiePersonne>
                        <ns0:indicEntrepreneurIndividuel>false</ns0:indicEntrepreneurIndividuel>
                    </ns0:TypologiePersonne>
                    <ns0:RoleCtrPers>
                        <ns0:codeRoleCtr>19</ns0:codeRoleCtr>
                        <ns0:libRoleCtr>REPRESENTANT INTERNET</ns0:libRoleCtr>
                        <ns0:codeRoleCtrSilo>17</ns0:codeRoleCtrSilo>
                        <ns0:dateDebRole>2019-11-25</ns0:dateDebRole>
                        <ns0:dateFinRole>9999-12-31</ns0:dateFinRole>
                        <ns0:idCliPartn/>
                        <ns0:idGDI>12qtmn</ns0:idGDI>
                        <ns0:IdentSiloCtr>
                            <ns0:idSilo>RA226181205000</ns0:idSilo>
                            <ns0:codeAppli>A0443</ns0:codeAppli>
                            <ns0:codeSysInfo>MDP</ns0:codeSysInfo>
                        </ns0:IdentSiloCtr>
                    </ns0:RoleCtrPers>
                </ns0:PersonnePhysique>
            </ns0:RechPersPhysClientFunc>
        </ns0:RechPersPhysClientResponse>
    </SOAP-ENV:Body>
</SOAP-ENV:Envelope>
