<SOAP-ENV:Envelope xmlns:SOAP-ENV="http://schemas.xmlsoap.org/soap/envelope/"><SOAP-ENV:Header><ns:WSResponseMetaInfo xmlns:ns="http://www.fmk.com/ESB/Framework/ESBTechPivotSchema" xmlns:ns0="http://schemas.xmlsoap.org/soap/envelope/" xmlns:xs="http://www.w3.org/2001/XMLSchema" xmlns:xsi="http://www.w3.org/2001/XMLSchema-instance"><ns:FuncFault/><ns:BusinessHeader/></ns:WSResponseMetaInfo></SOAP-ENV:Header><SOAP-ENV:Body><ns0:ConsulterContratGeneralesResponse xmlns:ns0="http://www.alm.com/esb/service/GestContratTer_2/ConsulterContratGenerales_5"><ns0:ConsulterContratGeneralesFunc><ns0:Contrat><ns0:IdentContrat><ns0:IdentSiloContrat><ns0:idSilo>RA180208249000</ns0:idSilo><ns0:codeAppli>A0443</ns0:codeAppli></ns0:IdentSiloContrat><ns0:codeNatContrat>IND</ns0:codeNatContrat><ns0:libNatContrat>Individuel</ns0:libNatContrat><ns0:codeNatContratSilo>I</ns0:codeNatContratSilo><ns0:codeBrcheAssur>RET</ns0:codeBrcheAssur><ns0:libBrcheAssur>RETRAITE</ns0:libBrcheAssur><ns0:libBrcheAssurSilo>MONDIALE RETRAITE PROFESSIONNELS</ns0:libBrcheAssurSilo></ns0:IdentContrat><ns0:InfoContrat><ns0:dateEffet>2012-04-01</ns0:dateEffet><ns0:dateFinEffet>2035-05-31</ns0:dateFinEffet><ns0:codeSitContrat>LIBPRMDEM</ns0:codeSitContrat><ns0:libSitContrat>Libéré prime demande</ns0:libSitContrat><ns0:codeSitContratSilo>17</ns0:codeSitContratSilo><ns0:libSitContratSilo>LIB.PRIME DEMANDE</ns0:libSitContratSilo><ns0:dateSitContrat>2015-11-30</ns0:dateSitContrat><ns0:codeFiscEpargne>FISCMAD</ns0:codeFiscEpargne><ns0:libFiscEpargne>Fiscalité Madelin</ns0:libFiscEpargne><ns0:libFiscEpargneSilo>FISCALITE MADELIN</ns0:libFiscEpargneSilo><ns0:dateEffetFiscale>2012-03-02</ns0:dateEffetFiscale><ns0:codeOptFiscaliteAffil>E</ns0:codeOptFiscaliteAffil><ns0:libOptFiscaliteAffil>ARTICLE 62</ns0:libOptFiscaliteAffil><ns0:idPortefeuilleContrat>LMX</ns0:idPortefeuilleContrat><ns0:dateTermeCtr>2035-05-31</ns0:dateTermeCtr><ns0:etatCtr>0</ns0:etatCtr></ns0:InfoContrat><ns0:Souscripteurs><ns0:IdentSiloSouscript><ns0:idSilo>S6393455</ns0:idSilo><ns0:codeAppli>A0443</ns0:codeAppli></ns0:IdentSiloSouscript><ns0:SignaletiqueSouscriptPM><ns0:raisonSociale>SARL KAHN ET PERDEREAU ARCHITECTES</ns0:raisonSociale><ns0:codeSIREN>803784792</ns0:codeSIREN><ns0:codeSIRET>80378479200019</ns0:codeSIRET></ns0:SignaletiqueSouscriptPM></ns0:Souscripteurs><ns0:OffreCommSouscrite><ns0:codeOffreComm>RA09V31RES</ns0:codeOffreComm><ns0:libOffreComm>MONDIALE RETRAITE PROFESSIONNELS</ns0:libOffreComm><ns0:numgenContrat>V31</ns0:numgenContrat></ns0:OffreCommSouscrite><ns0:EchPaiementPrime><ns0:codePeriodicite>M</ns0:codePeriodicite><ns0:libPeriodicite>Mensuel</ns0:libPeriodicite><ns0:libPeriodiciteSilo>MENSUEL</ns0:libPeriodiciteSilo><ns0:codeEchPaiementCotis>AVA</ns0:codeEchPaiementCotis><ns0:libEchPaiementCotis>Avance</ns0:libEchPaiementCotis><ns0:codeMoyenPaimt>PREL</ns0:codeMoyenPaimt><ns0:libMoyenPaimt>Prélèvement automatique</ns0:libMoyenPaimt><ns0:codeEchPaiementCotisSilo>A</ns0:codeEchPaiementCotisSilo><ns0:libEchPaiementCotisSilo>AVANCE</ns0:libEchPaiementCotisSilo><ns0:codeDevise>EUR</ns0:codeDevise><ns0:montantPrimeAnnualisee>0.0</ns0:montantPrimeAnnualisee><ns0:CoordonneesBanc><ns0:CoordonneesCmptBanc><ns0:titulaireCompte>KAHN ET PERDEREAU ARCHIT</ns0:titulaireCompte></ns0:CoordonneesCmptBanc></ns0:CoordonneesBanc></ns0:EchPaiementPrime><ns0:ActeurContrat><ns0:idAssureurContrat>1</ns0:idAssureurContrat><ns0:libAssureurContrat>La Mondiale</ns0:libAssureurContrat><ns0:idApporteurAffaire>22644</ns0:idApporteurAffaire><ns0:libApporteurAffaire>CHAOUCHE KARIM</ns0:libApporteurAffaire><ns0:idDistribproduit>RES</ns0:idDistribproduit><ns0:libDistribproduit>RESEAU</ns0:libDistribproduit></ns0:ActeurContrat><ns0:OptContratEpargne><ns0:codeGestCompte>VL</ns0:codeGestCompte><ns0:libGestCompte>Versement Libre</ns0:libGestCompte><ns0:libGestCompteSilo>VERSEMENT LIBRE</ns0:libGestCompteSilo><ns0:codeTypeFondGere>MIXTE</ns0:codeTypeFondGere><ns0:libTypeFondGere>MIXTE</ns0:libTypeFondGere></ns0:OptContratEpargne><ns0:Rib><ns0:numCompte>30002028430000071877R46</ns0:numCompte><ns0:libCompte>KAHN ET PERDEREAU ARCHIT</ns0:libCompte></ns0:Rib><ns0:ContratColl><ns0:CategPersonnel><ns0:codeCategPers>0</ns0:codeCategPers><ns0:ContratCatPers><ns0:InfoContrat><ns0:dateEffet>2012-04-01</ns0:dateEffet><ns0:dateFinEffet>2035-05-31</ns0:dateFinEffet><ns0:codeSitCtr>LIBPRMDEM</ns0:codeSitCtr><ns0:libSitCtr>Libéré prime demande</ns0:libSitCtr></ns0:InfoContrat><ns0:OfrCialSousc><ns0:IdentOfrSoustn><ns0:codeAppli>A0443</ns0:codeAppli></ns0:IdentOfrSoustn></ns0:OfrCialSousc></ns0:ContratCatPers></ns0:CategPersonnel></ns0:ContratColl><ns0:ContratIndiv><ns0:AssurePrincipal><ns0:IdentSiloAssurPrinc><ns0:idSilo>P2232390</ns0:idSilo><ns0:codeAppli>A0443</ns0:codeAppli></ns0:IdentSiloAssurPrinc><ns0:SignaletiquePPAssurPrinc><ns0:codeCivilite>MR</ns0:codeCivilite><ns0:libCivilite>Monsieur</ns0:libCivilite><ns0:nom>PERDEREAU</ns0:nom><ns0:prenom>GUILLAUME</ns0:prenom><ns0:dateNais>1970-05-19</ns0:dateNais></ns0:SignaletiquePPAssurPrinc></ns0:AssurePrincipal></ns0:ContratIndiv><ns0:RolePersonne><ns0:codeRolePersCtr>24</ns0:codeRolePersCtr><ns0:libRolePersCtr>TIERS PAYEUR</ns0:libRolePersCtr><ns0:IdentPers><ns0:idSilo>S6393455</ns0:idSilo><ns0:codeAppli>A0443</ns0:codeAppli></ns0:IdentPers><ns0:SignaletiquePM><ns0:raisonSociale>SARL KAHN ET PERDEREAU ARCHITECTES</ns0:raisonSociale></ns0:SignaletiquePM></ns0:RolePersonne></ns0:Contrat></ns0:ConsulterContratGeneralesFunc></ns0:ConsulterContratGeneralesResponse></SOAP-ENV:Body></SOAP-ENV:Envelope>