<SOAP-ENV:Envelope xmlns:SOAP-ENV="http://schemas.xmlsoap.org/soap/envelope/"><SOAP-ENV:Header><ns:WSResponseMetaInfo xmlns:ns="http://www.fmk.com/ESB/Framework/ESBTechPivotSchema" xmlns:ns0="http://schemas.xmlsoap.org/soap/envelope/" xmlns:xs="http://www.w3.org/2001/XMLSchema" xmlns:xsi="http://www.w3.org/2001/XMLSchema-instance" xmlns:SOAP-ENV="http://schemas.xmlsoap.org/soap/envelope/"><ns:FuncFault/><ns:BusinessHeader/></ns:WSResponseMetaInfo></SOAP-ENV:Header><SOAP-ENV:Body><ns0:ConsulterContratGeneralesResponse xmlns:ns0="http://www.alm.com/esb/service/GestContratTer_2/ConsulterContratGenerales_5"><ns0:ConsulterContratGeneralesFunc><ns0:Contrat><ns0:IdentContrat><ns0:IdentSiloContrat><ns0:idSilo>RG150585419</ns0:idSilo><ns0:libNomSilo>ERE PTV2/3</ns0:libNomSilo><ns0:codeAppli>A0252</ns0:codeAppli><ns0:libAppli>PTV</ns0:libAppli><ns0:codeSysInfo>ERE</ns0:codeSysInfo><ns0:libSysInfo>Epargne Retraite Entreprise</ns0:libSysInfo></ns0:IdentSiloContrat></ns0:IdentContrat><ns0:InfoContrat><ns0:dateEffet>2007-07-01</ns0:dateEffet><ns0:codeSitContrat>VALID</ns0:codeSitContrat><ns0:libSitContrat>Validé</ns0:libSitContrat><ns0:codeSitContratSilo>V</ns0:codeSitContratSilo><ns0:libSitContratSilo>Valider</ns0:libSitContratSilo><ns0:dateSitContrat>2007-07-01</ns0:dateSitContrat><ns0:codeFiscEpargne>ART83</ns0:codeFiscEpargne><ns0:libFiscEpargne>Article 83</ns0:libFiscEpargne><ns0:codeFiscEpargneSilo>C</ns0:codeFiscEpargneSilo><ns0:libFiscEpargneSilo>Article 83</ns0:libFiscEpargneSilo><ns0:codeOptFiscaliteAffil>A</ns0:codeOptFiscaliteAffil><ns0:libOptFiscaliteAffil>Fiscalité classique</ns0:libOptFiscaliteAffil><ns0:idPortefeuilleContrat>LME</ns0:idPortefeuilleContrat><ns0:nomPortefeuilleContrat>LA MONDIALE ENTREPRISES</ns0:nomPortefeuilleContrat></ns0:InfoContrat><ns0:Souscripteurs><ns0:IdentSiloSouscript><ns0:idSilo>S0119490</ns0:idSilo><ns0:codeAppli>A0499</ns0:codeAppli><ns0:libAppli>EGESPER</ns0:libAppli></ns0:IdentSiloSouscript><ns0:SignaletiqueSouscriptPM><ns0:raisonSociale>SANOFI</ns0:raisonSociale></ns0:SignaletiqueSouscriptPM></ns0:Souscripteurs><ns0:OffreCommSouscrite><ns0:codeOffreComm>RG01001LME</ns0:codeOffreComm><ns0:libOffreComm>Plan d'Epargne Retraite Entreprises</ns0:libOffreComm><ns0:codeTypeContrat>RG01</ns0:codeTypeContrat><ns0:numgenContrat>001</ns0:numgenContrat></ns0:OffreCommSouscrite><ns0:ActeurContrat><ns0:idAssureurContrat>ARI</ns0:idAssureurContrat><ns0:libAssureurContrat>ARIAL CNP ASSURANCES</ns0:libAssureurContrat><ns0:idDistribproduit>002</ns0:idDistribproduit><ns0:libDistribproduit>LA MONDIALE</ns0:libDistribproduit></ns0:ActeurContrat><ns0:OptContratEpargne><ns0:codeGestCompte>PPPSVL</ns0:codeGestCompte><ns0:libGestCompte>Part Patronale/Salariale / Versement Libre</ns0:libGestCompte><ns0:codeGestCompteSilo>3</ns0:codeGestCompteSilo><ns0:libGestCompteSilo>Part Patronale / Part Salariale / Versement Libre</ns0:libGestCompteSilo><ns0:codeTypeFondGere>MIXTE</ns0:codeTypeFondGere><ns0:libTypeFondGere>Mixte</ns0:libTypeFondGere><ns0:codeTypeFondGereSilo>MI</ns0:codeTypeFondGereSilo><ns0:libTypeFondGereSilo>Euro/Unité de compte</ns0:libTypeFondGereSilo><ns0:indicAutorChoixPlacementDiff>false</ns0:indicAutorChoixPlacementDiff><ns0:indicRefusVersementFacultatif>false</ns0:indicRefusVersementFacultatif><ns0:indicTarifVersementPrimeAutorise>false</ns0:indicTarifVersementPrimeAutorise><ns0:indicRefusArbitrageInternet>false</ns0:indicRefusArbitrageInternet><ns0:nbeArbitrageAnn>1</ns0:nbeArbitrageAnn><ns0:indicSortieTotaleContrat>false</ns0:indicSortieTotaleContrat><ns0:indicTypeArbitrageAutorise>false</ns0:indicTypeArbitrageAutorise><ns0:indArbitInterdit>false</ns0:indArbitInterdit></ns0:OptContratEpargne><ns0:ContratColl><ns0:CategPersonnel><ns0:idCategPers>9236</ns0:idCategPers><ns0:codeCategPers>99</ns0:codeCategPers><ns0:libCategPers>Invalides bénéficiaires d'une cessation anticipée</ns0:libCategPers><ns0:codeSitCategPers>RECOUV</ns0:codeSitCategPers><ns0:codeSitCategPersSilo>R</ns0:codeSitCategPersSilo><ns0:dateEffetCategPers>2009-04-01</ns0:dateEffetCategPers><ns0:libSitCategPers>Mise en recouvrement</ns0:libSitCategPers><ns0:libSitCategPersSilo>Mise en recouvrement</ns0:libSitCategPersSilo><ns0:dateSitCategPers>2009-01-01</ns0:dateSitCategPers></ns0:CategPersonnel><ns0:CategPersonnel><ns0:idCategPers>8324</ns0:idCategPers><ns0:codeCategPers>99</ns0:codeCategPers><ns0:libCategPers>BENEFICIAIRES D'UNE CESSATION ANTICIPEE D'ACTIVITE S2H</ns0:libCategPers><ns0:codeSitCategPers>RECOUV</ns0:codeSitCategPers><ns0:codeSitCategPersSilo>R</ns0:codeSitCategPersSilo><ns0:dateEffetCategPers>2010-04-01</ns0:dateEffetCategPers><ns0:libSitCategPers>Mise en recouvrement</ns0:libSitCategPers><ns0:libSitCategPersSilo>Mise en recouvrement</ns0:libSitCategPersSilo><ns0:dateSitCategPers>2010-04-01</ns0:dateSitCategPers></ns0:CategPersonnel><ns0:CategPersonnel><ns0:idCategPers>4874</ns0:idCategPers><ns0:codeCategPers>30</ns0:codeCategPers><ns0:libCategPers>Ensemble du personnel</ns0:libCategPers><ns0:codeSitCategPers>RECOUV</ns0:codeSitCategPers><ns0:codeSitCategPersSilo>R</ns0:codeSitCategPersSilo><ns0:dateEffetCategPers>2007-07-01</ns0:dateEffetCategPers><ns0:libSitCategPers>Mise en recouvrement</ns0:libSitCategPers><ns0:libSitCategPersSilo>Mise en recouvrement</ns0:libSitCategPersSilo><ns0:dateSitCategPers>2016-10-01</ns0:dateSitCategPers></ns0:CategPersonnel><ns0:CategPersonnel><ns0:idCategPers>8027</ns0:idCategPers><ns0:codeCategPers>99</ns0:codeCategPers><ns0:libCategPers>BENEFICIAIRES D'UNE CESSATION ANTICIPEE D'ACTIVITE</ns0:libCategPers><ns0:codeSitCategPers>RECOUV</ns0:codeSitCategPers><ns0:codeSitCategPersSilo>R</ns0:codeSitCategPersSilo><ns0:dateEffetCategPers>2009-04-01</ns0:dateEffetCategPers><ns0:libSitCategPers>Mise en recouvrement</ns0:libSitCategPers><ns0:libSitCategPersSilo>Mise en recouvrement</ns0:libSitCategPersSilo><ns0:dateSitCategPers>2009-04-01</ns0:dateSitCategPers></ns0:CategPersonnel><ns0:Adhesion><ns0:idAdhesion>RG150585419S4475862</ns0:idAdhesion><ns0:dateEffetAdhesion>2017-01-01</ns0:dateEffetAdhesion><ns0:codeSitAdhesion>VALID</ns0:codeSitAdhesion><ns0:libSitAdhesion>Validé</ns0:libSitAdhesion><ns0:codeSitAdhesionSilo>V</ns0:codeSitAdhesionSilo><ns0:libSitAdhesionSilo>Valider</ns0:libSitAdhesionSilo><ns0:dateSitAdhesion>2017-01-01</ns0:dateSitAdhesion><ns0:IdentSiloAdherente><ns0:idSilo>S4475862</ns0:idSilo><ns0:codeAppli>A0499</ns0:codeAppli><ns0:libAppli>EGESPER</ns0:libAppli></ns0:IdentSiloAdherente><ns0:SignaletiqueAdherentePM><ns0:raisonSociale>SIP</ns0:raisonSociale></ns0:SignaletiqueAdherentePM><ns0:ContratAdherente><ns0:IdentContratAdherente><ns0:IdentSiloContrat><ns0:idSilo>RG150585419S4475862</ns0:idSilo><ns0:libNomSilo>ERE PTV2/3</ns0:libNomSilo><ns0:codeAppli>A0252</ns0:codeAppli><ns0:libAppli>PTV</ns0:libAppli><ns0:codeSysInfo>ERE</ns0:codeSysInfo><ns0:libSysInfo>Epargne Retraite Entreprise</ns0:libSysInfo></ns0:IdentSiloContrat><ns0:IdentContratPere><ns0:IdentsPere><ns0:valeurId>RG150585419</ns0:valeurId><ns0:typeId>CONTRAT</ns0:typeId></ns0:IdentsPere></ns0:IdentContratPere></ns0:IdentContratAdherente><ns0:ContratCollAdherente><ns0:CategPersonnelAdherente><ns0:idCategPers>12241</ns0:idCategPers><ns0:codeCategPers>30</ns0:codeCategPers><ns0:libCategPers>Ensemble du personnel</ns0:libCategPers><ns0:codeSitCategPers>RECOUV</ns0:codeSitCategPers><ns0:codeSitCategPersSilo>R</ns0:codeSitCategPersSilo><ns0:dateEffetCategPers>2017-01-01</ns0:dateEffetCategPers><ns0:libSitCategPers>Mise en recouvrement</ns0:libSitCategPers><ns0:libSitCategPersSilo>Mise en recouvrement</ns0:libSitCategPersSilo><ns0:dateSitCategPers>2017-01-01</ns0:dateSitCategPers></ns0:CategPersonnelAdherente><ns0:CategPersonnelAdherente><ns0:idCategPers>12239</ns0:idCategPers><ns0:codeCategPers>99</ns0:codeCategPers><ns0:libCategPers>BENEFICIAIRES D'UNE CESSATION ANTICIPEE D'ACTIVITE</ns0:libCategPers><ns0:codeSitCategPers>STOPQT</ns0:codeSitCategPers><ns0:codeSitCategPersSilo>Q</ns0:codeSitCategPersSilo><ns0:dateEffetCategPers>2017-01-01</ns0:dateEffetCategPers><ns0:libSitCategPers>Arrêt de quittancement</ns0:libSitCategPers><ns0:libSitCategPersSilo>Arrêt de quittancement</ns0:libSitCategPersSilo><ns0:dateSitCategPers>2017-01-01</ns0:dateSitCategPers></ns0:CategPersonnelAdherente><ns0:CategPersonnelAdherente><ns0:idCategPers>12240</ns0:idCategPers><ns0:codeCategPers>99</ns0:codeCategPers><ns0:libCategPers>BENEFICIAIRES D'UNE CESSATION ANTICIPEE D'ACTIVITE S2H</ns0:libCategPers><ns0:codeSitCategPers>STOPQT</ns0:codeSitCategPers><ns0:codeSitCategPersSilo>Q</ns0:codeSitCategPersSilo><ns0:dateEffetCategPers>2017-01-01</ns0:dateEffetCategPers><ns0:libSitCategPers>Arrêt de quittancement</ns0:libSitCategPers><ns0:libSitCategPersSilo>Arrêt de quittancement</ns0:libSitCategPersSilo><ns0:dateSitCategPers>2017-01-01</ns0:dateSitCategPers></ns0:CategPersonnelAdherente><ns0:CategPersonnelAdherente><ns0:idCategPers>12242</ns0:idCategPers><ns0:codeCategPers>99</ns0:codeCategPers><ns0:libCategPers>Invalides bénéficiaires d'une cessation anticipée</ns0:libCategPers><ns0:codeSitCategPers>STOPQT</ns0:codeSitCategPers><ns0:codeSitCategPersSilo>Q</ns0:codeSitCategPersSilo><ns0:dateEffetCategPers>2017-01-01</ns0:dateEffetCategPers><ns0:libSitCategPers>Arrêt de quittancement</ns0:libSitCategPers><ns0:libSitCategPersSilo>Arrêt de quittancement</ns0:libSitCategPersSilo><ns0:dateSitCategPers>2018-01-01</ns0:dateSitCategPers></ns0:CategPersonnelAdherente></ns0:ContratCollAdherente></ns0:ContratAdherente></ns0:Adhesion><ns0:Adhesion><ns0:idAdhesion>RG150585419S4478453</ns0:idAdhesion><ns0:dateEffetAdhesion>2017-06-01</ns0:dateEffetAdhesion><ns0:codeSitAdhesion>VALID</ns0:codeSitAdhesion><ns0:libSitAdhesion>Validé</ns0:libSitAdhesion><ns0:codeSitAdhesionSilo>V</ns0:codeSitAdhesionSilo><ns0:libSitAdhesionSilo>Valider</ns0:libSitAdhesionSilo><ns0:dateSitAdhesion>2017-06-01</ns0:dateSitAdhesion><ns0:IdentSiloAdherente><ns0:idSilo>S4478453</ns0:idSilo><ns0:codeAppli>A0499</ns0:codeAppli><ns0:libAppli>EGESPER</ns0:libAppli></ns0:IdentSiloAdherente><ns0:SignaletiqueAdherentePM><ns0:raisonSociale>BIOPARK BY SANOFI</ns0:raisonSociale></ns0:SignaletiqueAdherentePM><ns0:ContratAdherente><ns0:IdentContratAdherente><ns0:IdentSiloContrat><ns0:idSilo>RG150585419S4478453</ns0:idSilo><ns0:libNomSilo>ERE PTV2/3</ns0:libNomSilo><ns0:codeAppli>A0252</ns0:codeAppli><ns0:libAppli>PTV</ns0:libAppli><ns0:codeSysInfo>ERE</ns0:codeSysInfo><ns0:libSysInfo>Epargne Retraite Entreprise</ns0:libSysInfo></ns0:IdentSiloContrat><ns0:IdentContratPere><ns0:IdentsPere><ns0:valeurId>RG150585419</ns0:valeurId><ns0:typeId>CONTRAT</ns0:typeId></ns0:IdentsPere></ns0:IdentContratPere></ns0:IdentContratAdherente><ns0:ContratCollAdherente><ns0:CategPersonnelAdherente><ns0:idCategPers>12245</ns0:idCategPers><ns0:codeCategPers>30</ns0:codeCategPers><ns0:libCategPers>Ensemble du personnel</ns0:libCategPers><ns0:codeSitCategPers>RECOUV</ns0:codeSitCategPers><ns0:codeSitCategPersSilo>R</ns0:codeSitCategPersSilo><ns0:dateEffetCategPers>2017-06-01</ns0:dateEffetCategPers><ns0:libSitCategPers>Mise en recouvrement</ns0:libSitCategPers><ns0:libSitCategPersSilo>Mise en recouvrement</ns0:libSitCategPersSilo><ns0:dateSitCategPers>2017-04-01</ns0:dateSitCategPers></ns0:CategPersonnelAdherente><ns0:CategPersonnelAdherente><ns0:idCategPers>12244</ns0:idCategPers><ns0:codeCategPers>99</ns0:codeCategPers><ns0:libCategPers>BENEFICIAIRES D'UNE CESSATION ANTICIPEE D'ACTIVITE S2H</ns0:libCategPers><ns0:codeSitCategPers>STOPQT</ns0:codeSitCategPers><ns0:codeSitCategPersSilo>Q</ns0:codeSitCategPersSilo><ns0:dateEffetCategPers>2017-06-01</ns0:dateEffetCategPers><ns0:libSitCategPers>Arrêt de quittancement</ns0:libSitCategPers><ns0:libSitCategPersSilo>Arrêt de quittancement</ns0:libSitCategPersSilo><ns0:dateSitCategPers>2017-01-01</ns0:dateSitCategPers></ns0:CategPersonnelAdherente><ns0:CategPersonnelAdherente><ns0:idCategPers>12243</ns0:idCategPers><ns0:codeCategPers>99</ns0:codeCategPers><ns0:libCategPers>BENEFICIAIRES D'UNE CESSATION ANTICIPEE D'ACTIVITE</ns0:libCategPers><ns0:codeSitCategPers>STOPQT</ns0:codeSitCategPers><ns0:codeSitCategPersSilo>Q</ns0:codeSitCategPersSilo><ns0:dateEffetCategPers>2017-06-01</ns0:dateEffetCategPers><ns0:libSitCategPers>Arrêt de quittancement</ns0:libSitCategPers><ns0:libSitCategPersSilo>Arrêt de quittancement</ns0:libSitCategPersSilo><ns0:dateSitCategPers>2017-01-01</ns0:dateSitCategPers></ns0:CategPersonnelAdherente><ns0:CategPersonnelAdherente><ns0:idCategPers>12246</ns0:idCategPers><ns0:codeCategPers>99</ns0:codeCategPers><ns0:libCategPers>Invalides bénéficiaires d'une cessation anticipée</ns0:libCategPers><ns0:codeSitCategPers>STOPQT</ns0:codeSitCategPers><ns0:codeSitCategPersSilo>Q</ns0:codeSitCategPersSilo><ns0:dateEffetCategPers>2017-06-01</ns0:dateEffetCategPers><ns0:libSitCategPers>Arrêt de quittancement</ns0:libSitCategPers><ns0:libSitCategPersSilo>Arrêt de quittancement</ns0:libSitCategPersSilo><ns0:dateSitCategPers>2017-01-01</ns0:dateSitCategPers></ns0:CategPersonnelAdherente></ns0:ContratCollAdherente></ns0:ContratAdherente></ns0:Adhesion><ns0:Adhesion><ns0:idAdhesion>RG150585419S4542355</ns0:idAdhesion><ns0:dateEffetAdhesion>2018-07-01</ns0:dateEffetAdhesion><ns0:codeSitAdhesion>VALID</ns0:codeSitAdhesion><ns0:libSitAdhesion>Validé</ns0:libSitAdhesion><ns0:codeSitAdhesionSilo>V</ns0:codeSitAdhesionSilo><ns0:libSitAdhesionSilo>Valider</ns0:libSitAdhesionSilo><ns0:dateSitAdhesion>2018-07-01</ns0:dateSitAdhesion><ns0:IdentSiloAdherente><ns0:idSilo>S4542355</ns0:idSilo><ns0:codeAppli>A0499</ns0:codeAppli><ns0:libAppli>EGESPER</ns0:libAppli></ns0:IdentSiloAdherente><ns0:SignaletiqueAdherentePM><ns0:raisonSociale>ZENTIVA FRANCE</ns0:raisonSociale></ns0:SignaletiqueAdherentePM><ns0:ContratAdherente><ns0:IdentContratAdherente><ns0:IdentSiloContrat><ns0:idSilo>RG150585419S4542355</ns0:idSilo><ns0:libNomSilo>ERE PTV2/3</ns0:libNomSilo><ns0:codeAppli>A0252</ns0:codeAppli><ns0:libAppli>PTV</ns0:libAppli><ns0:codeSysInfo>ERE</ns0:codeSysInfo><ns0:libSysInfo>Epargne Retraite Entreprise</ns0:libSysInfo></ns0:IdentSiloContrat><ns0:IdentContratPere><ns0:IdentsPere><ns0:valeurId>RG150585419</ns0:valeurId><ns0:typeId>CONTRAT</ns0:typeId></ns0:IdentsPere></ns0:IdentContratPere></ns0:IdentContratAdherente><ns0:ContratCollAdherente><ns0:CategPersonnelAdherente><ns0:idCategPers>12721</ns0:idCategPers><ns0:codeCategPers>99</ns0:codeCategPers><ns0:libCategPers>Invalides bénéficiaires d'une cessation anticipée</ns0:libCategPers><ns0:codeSitCategPers>STOPQT</ns0:codeSitCategPers><ns0:codeSitCategPersSilo>Q</ns0:codeSitCategPersSilo><ns0:dateEffetCategPers>2018-07-01</ns0:dateEffetCategPers><ns0:libSitCategPers>Arrêt de quittancement</ns0:libSitCategPers><ns0:libSitCategPersSilo>Arrêt de quittancement</ns0:libSitCategPersSilo><ns0:dateSitCategPers>2019-01-01</ns0:dateSitCategPers></ns0:CategPersonnelAdherente><ns0:CategPersonnelAdherente><ns0:idCategPers>12719</ns0:idCategPers><ns0:codeCategPers>99</ns0:codeCategPers><ns0:libCategPers>BENEFICIAIRES D'UNE CESSATION ANTICIPEE D'ACTIVITE S2H</ns0:libCategPers><ns0:codeSitCategPers>STOPQT</ns0:codeSitCategPers><ns0:codeSitCategPersSilo>Q</ns0:codeSitCategPersSilo><ns0:dateEffetCategPers>2018-07-01</ns0:dateEffetCategPers><ns0:libSitCategPers>Arrêt de quittancement</ns0:libSitCategPers><ns0:libSitCategPersSilo>Arrêt de quittancement</ns0:libSitCategPersSilo><ns0:dateSitCategPers>2018-07-01</ns0:dateSitCategPers></ns0:CategPersonnelAdherente><ns0:CategPersonnelAdherente><ns0:idCategPers>12718</ns0:idCategPers><ns0:codeCategPers>99</ns0:codeCategPers><ns0:libCategPers>BENEFICIAIRES D'UNE CESSATION ANTICIPEE D'ACTIVITE</ns0:libCategPers><ns0:codeSitCategPers>STOPQT</ns0:codeSitCategPers><ns0:codeSitCategPersSilo>Q</ns0:codeSitCategPersSilo><ns0:dateEffetCategPers>2018-07-01</ns0:dateEffetCategPers><ns0:libSitCategPers>Arrêt de quittancement</ns0:libSitCategPers><ns0:libSitCategPersSilo>Arrêt de quittancement</ns0:libSitCategPersSilo><ns0:dateSitCategPers>2018-07-01</ns0:dateSitCategPers></ns0:CategPersonnelAdherente><ns0:CategPersonnelAdherente><ns0:idCategPers>12720</ns0:idCategPers><ns0:codeCategPers>30</ns0:codeCategPers><ns0:libCategPers>Ensemble du personnel</ns0:libCategPers><ns0:codeSitCategPers>STOPQT</ns0:codeSitCategPers><ns0:codeSitCategPersSilo>Q</ns0:codeSitCategPersSilo><ns0:dateEffetCategPers>2018-07-01</ns0:dateEffetCategPers><ns0:libSitCategPers>Arrêt de quittancement</ns0:libSitCategPers><ns0:libSitCategPersSilo>Arrêt de quittancement</ns0:libSitCategPersSilo><ns0:dateSitCategPers>2019-01-01</ns0:dateSitCategPers></ns0:CategPersonnelAdherente></ns0:ContratCollAdherente></ns0:ContratAdherente></ns0:Adhesion><ns0:Adhesion><ns0:idAdhesion>RG150585419S4164620</ns0:idAdhesion><ns0:dateEffetAdhesion>2011-01-01</ns0:dateEffetAdhesion><ns0:codeSitAdhesion>VALID</ns0:codeSitAdhesion><ns0:libSitAdhesion>Validé</ns0:libSitAdhesion><ns0:codeSitAdhesionSilo>V</ns0:codeSitAdhesionSilo><ns0:libSitAdhesionSilo>Valider</ns0:libSitAdhesionSilo><ns0:dateSitAdhesion>2011-01-01</ns0:dateSitAdhesion><ns0:IdentSiloAdherente><ns0:idSilo>S4164620</ns0:idSilo><ns0:codeAppli>A0499</ns0:codeAppli><ns0:libAppli>EGESPER</ns0:libAppli></ns0:IdentSiloAdherente><ns0:SignaletiqueAdherentePM><ns0:raisonSociale>FOVEA PHARMACEUTICALS</ns0:raisonSociale></ns0:SignaletiqueAdherentePM><ns0:ContratAdherente><ns0:IdentContratAdherente><ns0:IdentSiloContrat><ns0:idSilo>RG150585419S4164620</ns0:idSilo><ns0:libNomSilo>ERE PTV2/3</ns0:libNomSilo><ns0:codeAppli>A0252</ns0:codeAppli><ns0:libAppli>PTV</ns0:libAppli><ns0:codeSysInfo>ERE</ns0:codeSysInfo><ns0:libSysInfo>Epargne Retraite Entreprise</ns0:libSysInfo></ns0:IdentSiloContrat><ns0:IdentContratPere><ns0:IdentsPere><ns0:valeurId>RG150585419</ns0:valeurId><ns0:typeId>CONTRAT</ns0:typeId></ns0:IdentsPere></ns0:IdentContratPere></ns0:IdentContratAdherente><ns0:ContratCollAdherente><ns0:CategPersonnelAdherente><ns0:idCategPers>8469</ns0:idCategPers><ns0:codeCategPers>30</ns0:codeCategPers><ns0:libCategPers>Ensemble du personnel</ns0:libCategPers><ns0:codeSitCategPers>STOPQT</ns0:codeSitCategPers><ns0:codeSitCategPersSilo>Q</ns0:codeSitCategPersSilo><ns0:dateEffetCategPers>2011-01-01</ns0:dateEffetCategPers><ns0:libSitCategPers>Arrêt de quittancement</ns0:libSitCategPers><ns0:libSitCategPersSilo>Arrêt de quittancement</ns0:libSitCategPersSilo><ns0:dateSitCategPers>2015-01-01</ns0:dateSitCategPers></ns0:CategPersonnelAdherente><ns0:CategPersonnelAdherente><ns0:idCategPers>9237</ns0:idCategPers><ns0:codeCategPers>99</ns0:codeCategPers><ns0:libCategPers>Invalides bénéficiaires d'une cessation anticipée</ns0:libCategPers><ns0:codeSitCategPers>STOPQT</ns0:codeSitCategPers><ns0:codeSitCategPersSilo>Q</ns0:codeSitCategPersSilo><ns0:dateEffetCategPers>2009-04-01</ns0:dateEffetCategPers><ns0:libSitCategPers>Arrêt de quittancement</ns0:libSitCategPers><ns0:libSitCategPersSilo>Arrêt de quittancement</ns0:libSitCategPersSilo><ns0:dateSitCategPers>2010-01-01</ns0:dateSitCategPers></ns0:CategPersonnelAdherente><ns0:CategPersonnelAdherente><ns0:idCategPers>8468</ns0:idCategPers><ns0:codeCategPers>99</ns0:codeCategPers><ns0:libCategPers>BENEFICIAIRES D'UNE CESSATION ANTICIPEE D'ACTIVITE S2H</ns0:libCategPers><ns0:codeSitCategPers>STOPQT</ns0:codeSitCategPers><ns0:codeSitCategPersSilo>Q</ns0:codeSitCategPersSilo><ns0:dateEffetCategPers>2011-01-01</ns0:dateEffetCategPers><ns0:libSitCategPers>Arrêt de quittancement</ns0:libSitCategPers><ns0:libSitCategPersSilo>Arrêt de quittancement</ns0:libSitCategPersSilo><ns0:dateSitCategPers>2011-01-01</ns0:dateSitCategPers></ns0:CategPersonnelAdherente><ns0:CategPersonnelAdherente><ns0:idCategPers>8467</ns0:idCategPers><ns0:codeCategPers>99</ns0:codeCategPers><ns0:libCategPers>BENEFICIAIRES D'UNE CESSATION ANTICIPEE D'ACTIVITE</ns0:libCategPers><ns0:codeSitCategPers>STOPQT</ns0:codeSitCategPers><ns0:codeSitCategPersSilo>Q</ns0:codeSitCategPersSilo><ns0:dateEffetCategPers>2011-01-01</ns0:dateEffetCategPers><ns0:libSitCategPers>Arrêt de quittancement</ns0:libSitCategPers><ns0:libSitCategPersSilo>Arrêt de quittancement</ns0:libSitCategPersSilo><ns0:dateSitCategPers>2011-01-01</ns0:dateSitCategPers></ns0:CategPersonnelAdherente></ns0:ContratCollAdherente></ns0:ContratAdherente></ns0:Adhesion><ns0:Adhesion><ns0:idAdhesion>RG150585419S4452109</ns0:idAdhesion><ns0:dateEffetAdhesion>2016-10-01</ns0:dateEffetAdhesion><ns0:codeSitAdhesion>VALID</ns0:codeSitAdhesion><ns0:libSitAdhesion>Validé</ns0:libSitAdhesion><ns0:codeSitAdhesionSilo>V</ns0:codeSitAdhesionSilo><ns0:libSitAdhesionSilo>Valider</ns0:libSitAdhesionSilo><ns0:dateSitAdhesion>2016-10-01</ns0:dateSitAdhesion><ns0:IdentSiloAdherente><ns0:idSilo>S4452109</ns0:idSilo><ns0:codeAppli>A0499</ns0:codeAppli><ns0:libAppli>EGESPER</ns0:libAppli></ns0:IdentSiloAdherente><ns0:SignaletiqueAdherentePM><ns0:raisonSociale>SANOFI AVENTIS GROUPE</ns0:raisonSociale></ns0:SignaletiqueAdherentePM><ns0:ContratAdherente><ns0:IdentContratAdherente><ns0:IdentSiloContrat><ns0:idSilo>RG150585419S4452109</ns0:idSilo><ns0:libNomSilo>ERE PTV2/3</ns0:libNomSilo><ns0:codeAppli>A0252</ns0:codeAppli><ns0:libAppli>PTV</ns0:libAppli><ns0:codeSysInfo>ERE</ns0:codeSysInfo><ns0:libSysInfo>Epargne Retraite Entreprise</ns0:libSysInfo></ns0:IdentSiloContrat><ns0:IdentContratPere><ns0:IdentsPere><ns0:valeurId>RG150585419</ns0:valeurId><ns0:typeId>CONTRAT</ns0:typeId></ns0:IdentsPere></ns0:IdentContratPere></ns0:IdentContratAdherente><ns0:ContratCollAdherente><ns0:CategPersonnelAdherente><ns0:idCategPers>11892</ns0:idCategPers><ns0:codeCategPers>30</ns0:codeCategPers><ns0:libCategPers>Ensemble du personnel</ns0:libCategPers><ns0:codeSitCategPers>RECOUV</ns0:codeSitCategPers><ns0:codeSitCategPersSilo>R</ns0:codeSitCategPersSilo><ns0:dateEffetCategPers>2016-10-01</ns0:dateEffetCategPers><ns0:libSitCategPers>Mise en recouvrement</ns0:libSitCategPers><ns0:libSitCategPersSilo>Mise en recouvrement</ns0:libSitCategPersSilo><ns0:dateSitCategPers>2016-10-01</ns0:dateSitCategPers></ns0:CategPersonnelAdherente><ns0:CategPersonnelAdherente><ns0:idCategPers>11893</ns0:idCategPers><ns0:codeCategPers>99</ns0:codeCategPers><ns0:libCategPers>Invalides bénéficiaires d'une cessation anticipée</ns0:libCategPers><ns0:codeSitCategPers>STOPQT</ns0:codeSitCategPers><ns0:codeSitCategPersSilo>Q</ns0:codeSitCategPersSilo><ns0:dateEffetCategPers>2016-10-01</ns0:dateEffetCategPers><ns0:libSitCategPers>Arrêt de quittancement</ns0:libSitCategPers><ns0:libSitCategPersSilo>Arrêt de quittancement</ns0:libSitCategPersSilo><ns0:dateSitCategPers>2017-01-01</ns0:dateSitCategPers></ns0:CategPersonnelAdherente><ns0:CategPersonnelAdherente><ns0:idCategPers>11890</ns0:idCategPers><ns0:codeCategPers>99</ns0:codeCategPers><ns0:libCategPers>BENEFICIAIRES D'UNE CESSATION ANTICIPEE D'ACTIVITE</ns0:libCategPers><ns0:codeSitCategPers>STOPQT</ns0:codeSitCategPers><ns0:codeSitCategPersSilo>Q</ns0:codeSitCategPersSilo><ns0:dateEffetCategPers>2016-10-01</ns0:dateEffetCategPers><ns0:libSitCategPers>Arrêt de quittancement</ns0:libSitCategPers><ns0:libSitCategPersSilo>Arrêt de quittancement</ns0:libSitCategPersSilo><ns0:dateSitCategPers>2017-01-01</ns0:dateSitCategPers></ns0:CategPersonnelAdherente><ns0:CategPersonnelAdherente><ns0:idCategPers>11891</ns0:idCategPers><ns0:codeCategPers>99</ns0:codeCategPers><ns0:libCategPers>BENEFICIAIRES D'UNE CESSATION ANTICIPEE D'ACTIVITE S2H</ns0:libCategPers><ns0:codeSitCategPers>STOPQT</ns0:codeSitCategPers><ns0:codeSitCategPersSilo>Q</ns0:codeSitCategPersSilo><ns0:dateEffetCategPers>2016-10-01</ns0:dateEffetCategPers><ns0:libSitCategPers>Arrêt de quittancement</ns0:libSitCategPers><ns0:libSitCategPersSilo>Arrêt de quittancement</ns0:libSitCategPersSilo><ns0:dateSitCategPers>2017-01-01</ns0:dateSitCategPers></ns0:CategPersonnelAdherente></ns0:ContratCollAdherente></ns0:ContratAdherente></ns0:Adhesion><ns0:Adhesion><ns0:idAdhesion>RG150585419S4452121</ns0:idAdhesion><ns0:dateEffetAdhesion>2016-10-01</ns0:dateEffetAdhesion><ns0:codeSitAdhesion>VALID</ns0:codeSitAdhesion><ns0:libSitAdhesion>Validé</ns0:libSitAdhesion><ns0:codeSitAdhesionSilo>V</ns0:codeSitAdhesionSilo><ns0:libSitAdhesionSilo>Valider</ns0:libSitAdhesionSilo><ns0:dateSitAdhesion>2016-10-01</ns0:dateSitAdhesion><ns0:IdentSiloAdherente><ns0:idSilo>S4452121</ns0:idSilo><ns0:codeAppli>A0499</ns0:codeAppli><ns0:libAppli>EGESPER</ns0:libAppli></ns0:IdentSiloAdherente><ns0:SignaletiqueAdherentePM><ns0:raisonSociale>SANOFI AVENTIS R&amp;D</ns0:raisonSociale></ns0:SignaletiqueAdherentePM><ns0:ContratAdherente><ns0:IdentContratAdherente><ns0:IdentSiloContrat><ns0:idSilo>RG150585419S4452121</ns0:idSilo><ns0:libNomSilo>ERE PTV2/3</ns0:libNomSilo><ns0:codeAppli>A0252</ns0:codeAppli><ns0:libAppli>PTV</ns0:libAppli><ns0:codeSysInfo>ERE</ns0:codeSysInfo><ns0:libSysInfo>Epargne Retraite Entreprise</ns0:libSysInfo></ns0:IdentSiloContrat><ns0:IdentContratPere><ns0:IdentsPere><ns0:valeurId>RG150585419</ns0:valeurId><ns0:typeId>CONTRAT</ns0:typeId></ns0:IdentsPere></ns0:IdentContratPere></ns0:IdentContratAdherente><ns0:ContratCollAdherente><ns0:CategPersonnelAdherente><ns0:idCategPers>11897</ns0:idCategPers><ns0:codeCategPers>99</ns0:codeCategPers><ns0:libCategPers>Invalides bénéficiaires d'une cessation anticipée</ns0:libCategPers><ns0:codeSitCategPers>RECOUV</ns0:codeSitCategPers><ns0:codeSitCategPersSilo>R</ns0:codeSitCategPersSilo><ns0:dateEffetCategPers>2016-10-01</ns0:dateEffetCategPers><ns0:libSitCategPers>Mise en recouvrement</ns0:libSitCategPers><ns0:libSitCategPersSilo>Mise en recouvrement</ns0:libSitCategPersSilo><ns0:dateSitCategPers>2016-01-01</ns0:dateSitCategPers></ns0:CategPersonnelAdherente><ns0:CategPersonnelAdherente><ns0:idCategPers>11896</ns0:idCategPers><ns0:codeCategPers>30</ns0:codeCategPers><ns0:libCategPers>Ensemble du personnel</ns0:libCategPers><ns0:codeSitCategPers>RECOUV</ns0:codeSitCategPers><ns0:codeSitCategPersSilo>R</ns0:codeSitCategPersSilo><ns0:dateEffetCategPers>2016-10-01</ns0:dateEffetCategPers><ns0:libSitCategPers>Mise en recouvrement</ns0:libSitCategPers><ns0:libSitCategPersSilo>Mise en recouvrement</ns0:libSitCategPersSilo><ns0:dateSitCategPers>2016-10-01</ns0:dateSitCategPers></ns0:CategPersonnelAdherente><ns0:CategPersonnelAdherente><ns0:idCategPers>11894</ns0:idCategPers><ns0:codeCategPers>99</ns0:codeCategPers><ns0:libCategPers>BENEFICIAIRES D'UNE CESSATION ANTICIPEE D'ACTIVITE</ns0:libCategPers><ns0:codeSitCategPers>STOPQT</ns0:codeSitCategPers><ns0:codeSitCategPersSilo>Q</ns0:codeSitCategPersSilo><ns0:dateEffetCategPers>2016-10-01</ns0:dateEffetCategPers><ns0:libSitCategPers>Arrêt de quittancement</ns0:libSitCategPers><ns0:libSitCategPersSilo>Arrêt de quittancement</ns0:libSitCategPersSilo><ns0:dateSitCategPers>2016-10-01</ns0:dateSitCategPers></ns0:CategPersonnelAdherente><ns0:CategPersonnelAdherente><ns0:idCategPers>11895</ns0:idCategPers><ns0:codeCategPers>99</ns0:codeCategPers><ns0:libCategPers>BENEFICIAIRES D'UNE CESSATION ANTICIPEE D'ACTIVITE S2H</ns0:libCategPers><ns0:codeSitCategPers>STOPQT</ns0:codeSitCategPers><ns0:codeSitCategPersSilo>Q</ns0:codeSitCategPersSilo><ns0:dateEffetCategPers>2016-10-01</ns0:dateEffetCategPers><ns0:libSitCategPers>Arrêt de quittancement</ns0:libSitCategPers><ns0:libSitCategPersSilo>Arrêt de quittancement</ns0:libSitCategPersSilo><ns0:dateSitCategPers>2016-10-01</ns0:dateSitCategPers></ns0:CategPersonnelAdherente></ns0:ContratCollAdherente></ns0:ContratAdherente></ns0:Adhesion><ns0:Adhesion><ns0:idAdhesion>RG150585419S4452134</ns0:idAdhesion><ns0:dateEffetAdhesion>2016-10-01</ns0:dateEffetAdhesion><ns0:codeSitAdhesion>VALID</ns0:codeSitAdhesion><ns0:libSitAdhesion>Validé</ns0:libSitAdhesion><ns0:codeSitAdhesionSilo>V</ns0:codeSitAdhesionSilo><ns0:libSitAdhesionSilo>Valider</ns0:libSitAdhesionSilo><ns0:dateSitAdhesion>2016-10-01</ns0:dateSitAdhesion><ns0:IdentSiloAdherente><ns0:idSilo>S4452134</ns0:idSilo><ns0:codeAppli>A0499</ns0:codeAppli><ns0:libAppli>EGESPER</ns0:libAppli></ns0:IdentSiloAdherente><ns0:SignaletiqueAdherentePM><ns0:raisonSociale>SANOFI PASTEUR FRANCE</ns0:raisonSociale></ns0:SignaletiqueAdherentePM><ns0:ContratAdherente><ns0:IdentContratAdherente><ns0:IdentSiloContrat><ns0:idSilo>RG150585419S4452134</ns0:idSilo><ns0:libNomSilo>ERE PTV2/3</ns0:libNomSilo><ns0:codeAppli>A0252</ns0:codeAppli><ns0:libAppli>PTV</ns0:libAppli><ns0:codeSysInfo>ERE</ns0:codeSysInfo><ns0:libSysInfo>Epargne Retraite Entreprise</ns0:libSysInfo></ns0:IdentSiloContrat><ns0:IdentContratPere><ns0:IdentsPere><ns0:valeurId>RG150585419</ns0:valeurId><ns0:typeId>CONTRAT</ns0:typeId></ns0:IdentsPere></ns0:IdentContratPere></ns0:IdentContratAdherente><ns0:ContratCollAdherente><ns0:CategPersonnelAdherente><ns0:idCategPers>11900</ns0:idCategPers><ns0:codeCategPers>30</ns0:codeCategPers><ns0:libCategPers>Ensemble du personnel</ns0:libCategPers><ns0:codeSitCategPers>RECOUV</ns0:codeSitCategPers><ns0:codeSitCategPersSilo>R</ns0:codeSitCategPersSilo><ns0:dateEffetCategPers>2016-10-01</ns0:dateEffetCategPers><ns0:libSitCategPers>Mise en recouvrement</ns0:libSitCategPers><ns0:libSitCategPersSilo>Mise en recouvrement</ns0:libSitCategPersSilo><ns0:dateSitCategPers>2016-10-01</ns0:dateSitCategPers></ns0:CategPersonnelAdherente><ns0:CategPersonnelAdherente><ns0:idCategPers>11901</ns0:idCategPers><ns0:codeCategPers>99</ns0:codeCategPers><ns0:libCategPers>Invalides bénéficiaires d'une cessation anticipée</ns0:libCategPers><ns0:codeSitCategPers>STOPQT</ns0:codeSitCategPers><ns0:codeSitCategPersSilo>Q</ns0:codeSitCategPersSilo><ns0:dateEffetCategPers>2016-10-01</ns0:dateEffetCategPers><ns0:libSitCategPers>Arrêt de quittancement</ns0:libSitCategPers><ns0:libSitCategPersSilo>Arrêt de quittancement</ns0:libSitCategPersSilo><ns0:dateSitCategPers>2016-01-01</ns0:dateSitCategPers></ns0:CategPersonnelAdherente><ns0:CategPersonnelAdherente><ns0:idCategPers>11899</ns0:idCategPers><ns0:codeCategPers>99</ns0:codeCategPers><ns0:libCategPers>BENEFICIAIRES D'UNE CESSATION ANTICIPEE D'ACTIVITE S2H</ns0:libCategPers><ns0:codeSitCategPers>STOPQT</ns0:codeSitCategPers><ns0:codeSitCategPersSilo>Q</ns0:codeSitCategPersSilo><ns0:dateEffetCategPers>2016-10-01</ns0:dateEffetCategPers><ns0:libSitCategPers>Arrêt de quittancement</ns0:libSitCategPers><ns0:libSitCategPersSilo>Arrêt de quittancement</ns0:libSitCategPersSilo><ns0:dateSitCategPers>2016-10-01</ns0:dateSitCategPers></ns0:CategPersonnelAdherente><ns0:CategPersonnelAdherente><ns0:idCategPers>11898</ns0:idCategPers><ns0:codeCategPers>99</ns0:codeCategPers><ns0:libCategPers>BENEFICIAIRES D'UNE CESSATION ANTICIPEE D'ACTIVITE</ns0:libCategPers><ns0:codeSitCategPers>STOPQT</ns0:codeSitCategPers><ns0:codeSitCategPersSilo>Q</ns0:codeSitCategPersSilo><ns0:dateEffetCategPers>2016-10-01</ns0:dateEffetCategPers><ns0:libSitCategPers>Arrêt de quittancement</ns0:libSitCategPers><ns0:libSitCategPersSilo>Arrêt de quittancement</ns0:libSitCategPersSilo><ns0:dateSitCategPers>2016-10-01</ns0:dateSitCategPers></ns0:CategPersonnelAdherente></ns0:ContratCollAdherente></ns0:ContratAdherente></ns0:Adhesion><ns0:Adhesion><ns0:idAdhesion>RG150585419S4264899</ns0:idAdhesion><ns0:dateEffetAdhesion>2013-01-01</ns0:dateEffetAdhesion><ns0:codeSitAdhesion>VALID</ns0:codeSitAdhesion><ns0:libSitAdhesion>Validé</ns0:libSitAdhesion><ns0:codeSitAdhesionSilo>V</ns0:codeSitAdhesionSilo><ns0:libSitAdhesionSilo>Valider</ns0:libSitAdhesionSilo><ns0:dateSitAdhesion>2013-01-01</ns0:dateSitAdhesion><ns0:IdentSiloAdherente><ns0:idSilo>S4264899</ns0:idSilo><ns0:codeAppli>A0499</ns0:codeAppli><ns0:libAppli>EGESPER</ns0:libAppli></ns0:IdentSiloAdherente><ns0:SignaletiqueAdherentePM><ns0:raisonSociale>GENZYME POLYCLONALS SAS</ns0:raisonSociale></ns0:SignaletiqueAdherentePM><ns0:ContratAdherente><ns0:IdentContratAdherente><ns0:IdentSiloContrat><ns0:idSilo>RG150585419S4264899</ns0:idSilo><ns0:libNomSilo>ERE PTV2/3</ns0:libNomSilo><ns0:codeAppli>A0252</ns0:codeAppli><ns0:libAppli>PTV</ns0:libAppli><ns0:codeSysInfo>ERE</ns0:codeSysInfo><ns0:libSysInfo>Epargne Retraite Entreprise</ns0:libSysInfo></ns0:IdentSiloContrat><ns0:IdentContratPere><ns0:IdentsPere><ns0:valeurId>RG150585419</ns0:valeurId><ns0:typeId>CONTRAT</ns0:typeId></ns0:IdentsPere></ns0:IdentContratPere></ns0:IdentContratAdherente><ns0:ContratCollAdherente><ns0:CategPersonnelAdherente><ns0:idCategPers>10022</ns0:idCategPers><ns0:codeCategPers>30</ns0:codeCategPers><ns0:libCategPers>Ensemble du personnel</ns0:libCategPers><ns0:codeSitCategPers>RECOUV</ns0:codeSitCategPers><ns0:codeSitCategPersSilo>R</ns0:codeSitCategPersSilo><ns0:dateEffetCategPers>2013-01-01</ns0:dateEffetCategPers><ns0:libSitCategPers>Mise en recouvrement</ns0:libSitCategPers><ns0:libSitCategPersSilo>Mise en recouvrement</ns0:libSitCategPersSilo><ns0:dateSitCategPers>2016-10-01</ns0:dateSitCategPers></ns0:CategPersonnelAdherente><ns0:CategPersonnelAdherente><ns0:idCategPers>10023</ns0:idCategPers><ns0:codeCategPers>99</ns0:codeCategPers><ns0:libCategPers>Invalides bénéficiaires d'une cessation anticipée</ns0:libCategPers><ns0:codeSitCategPers>STOPQT</ns0:codeSitCategPers><ns0:codeSitCategPersSilo>Q</ns0:codeSitCategPersSilo><ns0:dateEffetCategPers>2013-01-01</ns0:dateEffetCategPers><ns0:libSitCategPers>Arrêt de quittancement</ns0:libSitCategPers><ns0:libSitCategPersSilo>Arrêt de quittancement</ns0:libSitCategPersSilo><ns0:dateSitCategPers>2013-01-01</ns0:dateSitCategPers></ns0:CategPersonnelAdherente><ns0:CategPersonnelAdherente><ns0:idCategPers>10020</ns0:idCategPers><ns0:codeCategPers>99</ns0:codeCategPers><ns0:libCategPers>BENEFICIAIRES D'UNE CESSATION ANTICIPEE D'ACTIVITE</ns0:libCategPers><ns0:codeSitCategPers>STOPQT</ns0:codeSitCategPers><ns0:codeSitCategPersSilo>Q</ns0:codeSitCategPersSilo><ns0:dateEffetCategPers>2013-01-01</ns0:dateEffetCategPers><ns0:libSitCategPers>Arrêt de quittancement</ns0:libSitCategPers><ns0:libSitCategPersSilo>Arrêt de quittancement</ns0:libSitCategPersSilo><ns0:dateSitCategPers>2013-01-01</ns0:dateSitCategPers></ns0:CategPersonnelAdherente><ns0:CategPersonnelAdherente><ns0:idCategPers>10021</ns0:idCategPers><ns0:codeCategPers>99</ns0:codeCategPers><ns0:libCategPers>BENEFICIAIRES D'UNE CESSATION ANTICIPEE D'ACTIVITE S2H</ns0:libCategPers><ns0:codeSitCategPers>STOPQT</ns0:codeSitCategPers><ns0:codeSitCategPersSilo>Q</ns0:codeSitCategPersSilo><ns0:dateEffetCategPers>2013-01-01</ns0:dateEffetCategPers><ns0:libSitCategPers>Arrêt de quittancement</ns0:libSitCategPers><ns0:libSitCategPersSilo>Arrêt de quittancement</ns0:libSitCategPersSilo><ns0:dateSitCategPers>2017-10-01</ns0:dateSitCategPers></ns0:CategPersonnelAdherente></ns0:ContratCollAdherente></ns0:ContratAdherente></ns0:Adhesion><ns0:Adhesion><ns0:idAdhesion>RG150585419S4264907</ns0:idAdhesion><ns0:dateEffetAdhesion>2013-01-01</ns0:dateEffetAdhesion><ns0:codeSitAdhesion>VALID</ns0:codeSitAdhesion><ns0:libSitAdhesion>Validé</ns0:libSitAdhesion><ns0:codeSitAdhesionSilo>V</ns0:codeSitAdhesionSilo><ns0:libSitAdhesionSilo>Valider</ns0:libSitAdhesionSilo><ns0:dateSitAdhesion>2013-01-01</ns0:dateSitAdhesion><ns0:IdentSiloAdherente><ns0:idSilo>S4264907</ns0:idSilo><ns0:codeAppli>A0499</ns0:codeAppli><ns0:libAppli>EGESPER</ns0:libAppli></ns0:IdentSiloAdherente><ns0:SignaletiqueAdherentePM><ns0:raisonSociale>MERIAL</ns0:raisonSociale></ns0:SignaletiqueAdherentePM><ns0:ContratAdherente><ns0:IdentContratAdherente><ns0:IdentSiloContrat><ns0:idSilo>RG150585419S4264907</ns0:idSilo><ns0:libNomSilo>ERE PTV2/3</ns0:libNomSilo><ns0:codeAppli>A0252</ns0:codeAppli><ns0:libAppli>PTV</ns0:libAppli><ns0:codeSysInfo>ERE</ns0:codeSysInfo><ns0:libSysInfo>Epargne Retraite Entreprise</ns0:libSysInfo></ns0:IdentSiloContrat><ns0:IdentContratPere><ns0:IdentsPere><ns0:valeurId>RG150585419</ns0:valeurId><ns0:typeId>CONTRAT</ns0:typeId></ns0:IdentsPere></ns0:IdentContratPere></ns0:IdentContratAdherente><ns0:ContratCollAdherente><ns0:CategPersonnelAdherente><ns0:idCategPers>10025</ns0:idCategPers><ns0:codeCategPers>99</ns0:codeCategPers><ns0:libCategPers>BENEFICIAIRES D'UNE CESSATION ANTICIPEE D'ACTIVITE S2H</ns0:libCategPers><ns0:codeSitCategPers>RECOUV</ns0:codeSitCategPers><ns0:codeSitCategPersSilo>R</ns0:codeSitCategPersSilo><ns0:dateEffetCategPers>2013-01-01</ns0:dateEffetCategPers><ns0:libSitCategPers>Mise en recouvrement</ns0:libSitCategPers><ns0:libSitCategPersSilo>Mise en recouvrement</ns0:libSitCategPersSilo><ns0:dateSitCategPers>2013-07-01</ns0:dateSitCategPers></ns0:CategPersonnelAdherente><ns0:CategPersonnelAdherente><ns0:idCategPers>10024</ns0:idCategPers><ns0:codeCategPers>99</ns0:codeCategPers><ns0:libCategPers>BENEFICIAIRES D'UNE CESSATION ANTICIPEE D'ACTIVITE</ns0:libCategPers><ns0:codeSitCategPers>STOPQT</ns0:codeSitCategPers><ns0:codeSitCategPersSilo>Q</ns0:codeSitCategPersSilo><ns0:dateEffetCategPers>2013-01-01</ns0:dateEffetCategPers><ns0:libSitCategPers>Arrêt de quittancement</ns0:libSitCategPers><ns0:libSitCategPersSilo>Arrêt de quittancement</ns0:libSitCategPersSilo><ns0:dateSitCategPers>2013-01-01</ns0:dateSitCategPers></ns0:CategPersonnelAdherente><ns0:CategPersonnelAdherente><ns0:idCategPers>10027</ns0:idCategPers><ns0:codeCategPers>99</ns0:codeCategPers><ns0:libCategPers>Invalides bénéficiaires d'une cessation anticipée</ns0:libCategPers><ns0:codeSitCategPers>STOPQT</ns0:codeSitCategPers><ns0:codeSitCategPersSilo>Q</ns0:codeSitCategPersSilo><ns0:dateEffetCategPers>2013-01-01</ns0:dateEffetCategPers><ns0:libSitCategPers>Arrêt de quittancement</ns0:libSitCategPers><ns0:libSitCategPersSilo>Arrêt de quittancement</ns0:libSitCategPersSilo><ns0:dateSitCategPers>2013-01-01</ns0:dateSitCategPers></ns0:CategPersonnelAdherente><ns0:CategPersonnelAdherente><ns0:idCategPers>10026</ns0:idCategPers><ns0:codeCategPers>30</ns0:codeCategPers><ns0:libCategPers>Ensemble du personnel</ns0:libCategPers><ns0:codeSitCategPers>STOPQT</ns0:codeSitCategPers><ns0:codeSitCategPersSilo>Q</ns0:codeSitCategPersSilo><ns0:dateEffetCategPers>2013-01-01</ns0:dateEffetCategPers><ns0:libSitCategPers>Arrêt de quittancement</ns0:libSitCategPers><ns0:libSitCategPersSilo>Arrêt de quittancement</ns0:libSitCategPersSilo><ns0:dateSitCategPers>2017-04-01</ns0:dateSitCategPers></ns0:CategPersonnelAdherente></ns0:ContratCollAdherente></ns0:ContratAdherente></ns0:Adhesion><ns0:Adhesion><ns0:idAdhesion>RG150585419S4236335</ns0:idAdhesion><ns0:dateEffetAdhesion>2012-05-01</ns0:dateEffetAdhesion><ns0:codeSitAdhesion>VALID</ns0:codeSitAdhesion><ns0:libSitAdhesion>Validé</ns0:libSitAdhesion><ns0:codeSitAdhesionSilo>V</ns0:codeSitAdhesionSilo><ns0:libSitAdhesionSilo>Valider</ns0:libSitAdhesionSilo><ns0:dateSitAdhesion>2012-05-01</ns0:dateSitAdhesion><ns0:IdentSiloAdherente><ns0:idSilo>S4236335</ns0:idSilo><ns0:codeAppli>A0499</ns0:codeAppli><ns0:libAppli>EGESPER</ns0:libAppli></ns0:IdentSiloAdherente><ns0:SignaletiqueAdherentePM><ns0:raisonSociale>GENZYME</ns0:raisonSociale></ns0:SignaletiqueAdherentePM><ns0:ContratAdherente><ns0:IdentContratAdherente><ns0:IdentSiloContrat><ns0:idSilo>RG150585419S4236335</ns0:idSilo><ns0:libNomSilo>ERE PTV2/3</ns0:libNomSilo><ns0:codeAppli>A0252</ns0:codeAppli><ns0:libAppli>PTV</ns0:libAppli><ns0:codeSysInfo>ERE</ns0:codeSysInfo><ns0:libSysInfo>Epargne Retraite Entreprise</ns0:libSysInfo></ns0:IdentSiloContrat><ns0:IdentContratPere><ns0:IdentsPere><ns0:valeurId>RG150585419</ns0:valeurId><ns0:typeId>CONTRAT</ns0:typeId></ns0:IdentsPere></ns0:IdentContratPere></ns0:IdentContratAdherente><ns0:ContratCollAdherente><ns0:CategPersonnelAdherente><ns0:idCategPers>9731</ns0:idCategPers><ns0:codeCategPers>99</ns0:codeCategPers><ns0:libCategPers>BENEFICIAIRES D'UNE CESSATION ANTICIPEE D'ACTIVITE S2H</ns0:libCategPers><ns0:codeSitCategPers>RECOUV</ns0:codeSitCategPers><ns0:codeSitCategPersSilo>R</ns0:codeSitCategPersSilo><ns0:dateEffetCategPers>2012-05-01</ns0:dateEffetCategPers><ns0:libSitCategPers>Mise en recouvrement</ns0:libSitCategPers><ns0:libSitCategPersSilo>Mise en recouvrement</ns0:libSitCategPersSilo><ns0:dateSitCategPers>2012-04-01</ns0:dateSitCategPers></ns0:CategPersonnelAdherente><ns0:CategPersonnelAdherente><ns0:idCategPers>9733</ns0:idCategPers><ns0:codeCategPers>99</ns0:codeCategPers><ns0:libCategPers>Invalides bénéficiaires d'une cessation anticipée</ns0:libCategPers><ns0:codeSitCategPers>STOPQT</ns0:codeSitCategPers><ns0:codeSitCategPersSilo>Q</ns0:codeSitCategPersSilo><ns0:dateEffetCategPers>2012-05-01</ns0:dateEffetCategPers><ns0:libSitCategPers>Arrêt de quittancement</ns0:libSitCategPers><ns0:libSitCategPersSilo>Arrêt de quittancement</ns0:libSitCategPersSilo><ns0:dateSitCategPers>2013-01-01</ns0:dateSitCategPers></ns0:CategPersonnelAdherente><ns0:CategPersonnelAdherente><ns0:idCategPers>9730</ns0:idCategPers><ns0:codeCategPers>99</ns0:codeCategPers><ns0:libCategPers>BENEFICIAIRES D'UNE CESSATION ANTICIPEE D'ACTIVITE</ns0:libCategPers><ns0:codeSitCategPers>STOPQT</ns0:codeSitCategPers><ns0:codeSitCategPersSilo>Q</ns0:codeSitCategPersSilo><ns0:dateEffetCategPers>2012-05-01</ns0:dateEffetCategPers><ns0:libSitCategPers>Arrêt de quittancement</ns0:libSitCategPers><ns0:libSitCategPersSilo>Arrêt de quittancement</ns0:libSitCategPersSilo><ns0:dateSitCategPers>2012-04-01</ns0:dateSitCategPers></ns0:CategPersonnelAdherente><ns0:CategPersonnelAdherente><ns0:idCategPers>9732</ns0:idCategPers><ns0:codeCategPers>30</ns0:codeCategPers><ns0:libCategPers>Ensemble du personnel</ns0:libCategPers><ns0:codeSitCategPers>STOPQT</ns0:codeSitCategPers><ns0:codeSitCategPersSilo>Q</ns0:codeSitCategPersSilo><ns0:dateEffetCategPers>2012-05-01</ns0:dateEffetCategPers><ns0:libSitCategPers>Arrêt de quittancement</ns0:libSitCategPers><ns0:libSitCategPersSilo>Arrêt de quittancement</ns0:libSitCategPersSilo><ns0:dateSitCategPers>2018-01-01</ns0:dateSitCategPers></ns0:CategPersonnelAdherente></ns0:ContratCollAdherente></ns0:ContratAdherente></ns0:Adhesion><ns0:Adhesion><ns0:idAdhesion>RG150585419S4452129</ns0:idAdhesion><ns0:dateEffetAdhesion>2016-10-01</ns0:dateEffetAdhesion><ns0:codeSitAdhesion>VALID</ns0:codeSitAdhesion><ns0:libSitAdhesion>Validé</ns0:libSitAdhesion><ns0:codeSitAdhesionSilo>V</ns0:codeSitAdhesionSilo><ns0:libSitAdhesionSilo>Valider</ns0:libSitAdhesionSilo><ns0:dateSitAdhesion>2016-10-01</ns0:dateSitAdhesion><ns0:IdentSiloAdherente><ns0:idSilo>S4452129</ns0:idSilo><ns0:codeAppli>A0499</ns0:codeAppli><ns0:libAppli>EGESPER</ns0:libAppli></ns0:IdentSiloAdherente><ns0:SignaletiqueAdherentePM><ns0:raisonSociale>SANOFI PASTEUR NVL</ns0:raisonSociale></ns0:SignaletiqueAdherentePM><ns0:ContratAdherente><ns0:IdentContratAdherente><ns0:IdentSiloContrat><ns0:idSilo>RG150585419S4452129</ns0:idSilo><ns0:libNomSilo>ERE PTV2/3</ns0:libNomSilo><ns0:codeAppli>A0252</ns0:codeAppli><ns0:libAppli>PTV</ns0:libAppli><ns0:codeSysInfo>ERE</ns0:codeSysInfo><ns0:libSysInfo>Epargne Retraite Entreprise</ns0:libSysInfo></ns0:IdentSiloContrat><ns0:IdentContratPere><ns0:IdentsPere><ns0:valeurId>RG150585419</ns0:valeurId><ns0:typeId>CONTRAT</ns0:typeId></ns0:IdentsPere></ns0:IdentContratPere></ns0:IdentContratAdherente><ns0:ContratCollAdherente><ns0:CategPersonnelAdherente><ns0:idCategPers>11904</ns0:idCategPers><ns0:codeCategPers>30</ns0:codeCategPers><ns0:libCategPers>Ensemble du personnel</ns0:libCategPers><ns0:codeSitCategPers>RECOUV</ns0:codeSitCategPers><ns0:codeSitCategPersSilo>R</ns0:codeSitCategPersSilo><ns0:dateEffetCategPers>2016-10-01</ns0:dateEffetCategPers><ns0:libSitCategPers>Mise en recouvrement</ns0:libSitCategPers><ns0:libSitCategPersSilo>Mise en recouvrement</ns0:libSitCategPersSilo><ns0:dateSitCategPers>2016-10-01</ns0:dateSitCategPers></ns0:CategPersonnelAdherente><ns0:CategPersonnelAdherente><ns0:idCategPers>11905</ns0:idCategPers><ns0:codeCategPers>99</ns0:codeCategPers><ns0:libCategPers>Invalides bénéficiaires d'une cessation anticipée</ns0:libCategPers><ns0:codeSitCategPers>STOPQT</ns0:codeSitCategPers><ns0:codeSitCategPersSilo>Q</ns0:codeSitCategPersSilo><ns0:dateEffetCategPers>2016-10-01</ns0:dateEffetCategPers><ns0:libSitCategPers>Arrêt de quittancement</ns0:libSitCategPers><ns0:libSitCategPersSilo>Arrêt de quittancement</ns0:libSitCategPersSilo><ns0:dateSitCategPers>2016-01-01</ns0:dateSitCategPers></ns0:CategPersonnelAdherente><ns0:CategPersonnelAdherente><ns0:idCategPers>11903</ns0:idCategPers><ns0:codeCategPers>99</ns0:codeCategPers><ns0:libCategPers>BENEFICIAIRES D'UNE CESSATION ANTICIPEE D'ACTIVITE S2H</ns0:libCategPers><ns0:codeSitCategPers>STOPQT</ns0:codeSitCategPers><ns0:codeSitCategPersSilo>Q</ns0:codeSitCategPersSilo><ns0:dateEffetCategPers>2016-10-01</ns0:dateEffetCategPers><ns0:libSitCategPers>Arrêt de quittancement</ns0:libSitCategPers><ns0:libSitCategPersSilo>Arrêt de quittancement</ns0:libSitCategPersSilo><ns0:dateSitCategPers>2016-10-01</ns0:dateSitCategPers></ns0:CategPersonnelAdherente><ns0:CategPersonnelAdherente><ns0:idCategPers>11902</ns0:idCategPers><ns0:codeCategPers>99</ns0:codeCategPers><ns0:libCategPers>BENEFICIAIRES D'UNE CESSATION ANTICIPEE D'ACTIVITE</ns0:libCategPers><ns0:codeSitCategPers>STOPQT</ns0:codeSitCategPers><ns0:codeSitCategPersSilo>Q</ns0:codeSitCategPersSilo><ns0:dateEffetCategPers>2016-10-01</ns0:dateEffetCategPers><ns0:libSitCategPers>Arrêt de quittancement</ns0:libSitCategPers><ns0:libSitCategPersSilo>Arrêt de quittancement</ns0:libSitCategPersSilo><ns0:dateSitCategPers>2016-10-01</ns0:dateSitCategPers></ns0:CategPersonnelAdherente></ns0:ContratCollAdherente></ns0:ContratAdherente></ns0:Adhesion><ns0:Adhesion><ns0:idAdhesion>RG150585419S4408129</ns0:idAdhesion><ns0:dateEffetAdhesion>2016-10-01</ns0:dateEffetAdhesion><ns0:codeSitAdhesion>VALID</ns0:codeSitAdhesion><ns0:libSitAdhesion>Validé</ns0:libSitAdhesion><ns0:codeSitAdhesionSilo>V</ns0:codeSitAdhesionSilo><ns0:libSitAdhesionSilo>Valider</ns0:libSitAdhesionSilo><ns0:dateSitAdhesion>2016-10-01</ns0:dateSitAdhesion><ns0:IdentSiloAdherente><ns0:idSilo>S4408129</ns0:idSilo><ns0:codeAppli>A0499</ns0:codeAppli><ns0:libAppli>EGESPER</ns0:libAppli></ns0:IdentSiloAdherente><ns0:SignaletiqueAdherentePM><ns0:raisonSociale>SANOFI WINTHROP INDUSTRIE</ns0:raisonSociale></ns0:SignaletiqueAdherentePM><ns0:ContratAdherente><ns0:IdentContratAdherente><ns0:IdentSiloContrat><ns0:idSilo>RG150585419S4408129</ns0:idSilo><ns0:libNomSilo>ERE PTV2/3</ns0:libNomSilo><ns0:codeAppli>A0252</ns0:codeAppli><ns0:libAppli>PTV</ns0:libAppli><ns0:codeSysInfo>ERE</ns0:codeSysInfo><ns0:libSysInfo>Epargne Retraite Entreprise</ns0:libSysInfo></ns0:IdentSiloContrat><ns0:IdentContratPere><ns0:IdentsPere><ns0:valeurId>RG150585419</ns0:valeurId><ns0:typeId>CONTRAT</ns0:typeId></ns0:IdentsPere></ns0:IdentContratPere></ns0:IdentContratAdherente><ns0:ContratCollAdherente><ns0:CategPersonnelAdherente><ns0:idCategPers>11908</ns0:idCategPers><ns0:codeCategPers>30</ns0:codeCategPers><ns0:libCategPers>Ensemble du personnel</ns0:libCategPers><ns0:codeSitCategPers>RECOUV</ns0:codeSitCategPers><ns0:codeSitCategPersSilo>R</ns0:codeSitCategPersSilo><ns0:dateEffetCategPers>2016-10-01</ns0:dateEffetCategPers><ns0:libSitCategPers>Mise en recouvrement</ns0:libSitCategPers><ns0:libSitCategPersSilo>Mise en recouvrement</ns0:libSitCategPersSilo><ns0:dateSitCategPers>2016-10-01</ns0:dateSitCategPers></ns0:CategPersonnelAdherente><ns0:CategPersonnelAdherente><ns0:idCategPers>11909</ns0:idCategPers><ns0:codeCategPers>99</ns0:codeCategPers><ns0:libCategPers>Invalides bénéficiaires d'une cessation anticipée</ns0:libCategPers><ns0:codeSitCategPers>STOPQT</ns0:codeSitCategPers><ns0:codeSitCategPersSilo>Q</ns0:codeSitCategPersSilo><ns0:dateEffetCategPers>2016-10-01</ns0:dateEffetCategPers><ns0:libSitCategPers>Arrêt de quittancement</ns0:libSitCategPers><ns0:libSitCategPersSilo>Arrêt de quittancement</ns0:libSitCategPersSilo><ns0:dateSitCategPers>2017-01-01</ns0:dateSitCategPers></ns0:CategPersonnelAdherente><ns0:CategPersonnelAdherente><ns0:idCategPers>11907</ns0:idCategPers><ns0:codeCategPers>99</ns0:codeCategPers><ns0:libCategPers>BENEFICIAIRES D'UNE CESSATION ANTICIPEE D'ACTIVITE S2H</ns0:libCategPers><ns0:codeSitCategPers>STOPQT</ns0:codeSitCategPers><ns0:codeSitCategPersSilo>Q</ns0:codeSitCategPersSilo><ns0:dateEffetCategPers>2016-10-01</ns0:dateEffetCategPers><ns0:libSitCategPers>Arrêt de quittancement</ns0:libSitCategPers><ns0:libSitCategPersSilo>Arrêt de quittancement</ns0:libSitCategPersSilo><ns0:dateSitCategPers>2017-01-01</ns0:dateSitCategPers></ns0:CategPersonnelAdherente><ns0:CategPersonnelAdherente><ns0:idCategPers>11906</ns0:idCategPers><ns0:codeCategPers>99</ns0:codeCategPers><ns0:libCategPers>BENEFICIAIRES D'UNE CESSATION ANTICIPEE D'ACTIVITE</ns0:libCategPers><ns0:codeSitCategPers>STOPQT</ns0:codeSitCategPers><ns0:codeSitCategPersSilo>Q</ns0:codeSitCategPersSilo><ns0:dateEffetCategPers>2016-10-01</ns0:dateEffetCategPers><ns0:libSitCategPers>Arrêt de quittancement</ns0:libSitCategPers><ns0:libSitCategPersSilo>Arrêt de quittancement</ns0:libSitCategPersSilo><ns0:dateSitCategPers>2017-01-01</ns0:dateSitCategPers></ns0:CategPersonnelAdherente></ns0:ContratCollAdherente></ns0:ContratAdherente></ns0:Adhesion><ns0:Adhesion><ns0:idAdhesion>RG150585419S4273232</ns0:idAdhesion><ns0:dateEffetAdhesion>2013-01-01</ns0:dateEffetAdhesion><ns0:codeSitAdhesion>VALID</ns0:codeSitAdhesion><ns0:libSitAdhesion>Validé</ns0:libSitAdhesion><ns0:codeSitAdhesionSilo>V</ns0:codeSitAdhesionSilo><ns0:libSitAdhesionSilo>Valider</ns0:libSitAdhesionSilo><ns0:dateSitAdhesion>2013-01-01</ns0:dateSitAdhesion><ns0:IdentSiloAdherente><ns0:idSilo>S4273232</ns0:idSilo><ns0:codeAppli>A0499</ns0:codeAppli><ns0:libAppli>EGESPER</ns0:libAppli></ns0:IdentSiloAdherente><ns0:SignaletiqueAdherentePM><ns0:raisonSociale>COMITE D'ETABLISSEMENT MERIAL (SIEGE)</ns0:raisonSociale></ns0:SignaletiqueAdherentePM><ns0:ContratAdherente><ns0:IdentContratAdherente><ns0:IdentSiloContrat><ns0:idSilo>RG150585419S4273232</ns0:idSilo><ns0:libNomSilo>ERE PTV2/3</ns0:libNomSilo><ns0:codeAppli>A0252</ns0:codeAppli><ns0:libAppli>PTV</ns0:libAppli><ns0:codeSysInfo>ERE</ns0:codeSysInfo><ns0:libSysInfo>Epargne Retraite Entreprise</ns0:libSysInfo></ns0:IdentSiloContrat><ns0:IdentContratPere><ns0:IdentsPere><ns0:valeurId>RG150585419</ns0:valeurId><ns0:typeId>CONTRAT</ns0:typeId></ns0:IdentsPere></ns0:IdentContratPere></ns0:IdentContratAdherente><ns0:ContratCollAdherente><ns0:CategPersonnelAdherente><ns0:idCategPers>10089</ns0:idCategPers><ns0:codeCategPers>30</ns0:codeCategPers><ns0:libCategPers>Ensemble du personnel</ns0:libCategPers><ns0:codeSitCategPers>RECOUV</ns0:codeSitCategPers><ns0:codeSitCategPersSilo>R</ns0:codeSitCategPersSilo><ns0:dateEffetCategPers>2013-01-01</ns0:dateEffetCategPers><ns0:libSitCategPers>Mise en recouvrement</ns0:libSitCategPers><ns0:libSitCategPersSilo>Mise en recouvrement</ns0:libSitCategPersSilo><ns0:dateSitCategPers>2013-01-01</ns0:dateSitCategPers></ns0:CategPersonnelAdherente><ns0:CategPersonnelAdherente><ns0:idCategPers>10088</ns0:idCategPers><ns0:codeCategPers>99</ns0:codeCategPers><ns0:libCategPers>BENEFICIAIRES D'UNE CESSATION ANTICIPEE D'ACTIVITE S2H</ns0:libCategPers><ns0:codeSitCategPers>STOPQT</ns0:codeSitCategPers><ns0:codeSitCategPersSilo>Q</ns0:codeSitCategPersSilo><ns0:dateEffetCategPers>2013-01-01</ns0:dateEffetCategPers><ns0:libSitCategPers>Arrêt de quittancement</ns0:libSitCategPers><ns0:libSitCategPersSilo>Arrêt de quittancement</ns0:libSitCategPersSilo><ns0:dateSitCategPers>2013-01-01</ns0:dateSitCategPers></ns0:CategPersonnelAdherente><ns0:CategPersonnelAdherente><ns0:idCategPers>10087</ns0:idCategPers><ns0:codeCategPers>99</ns0:codeCategPers><ns0:libCategPers>BENEFICIAIRES D'UNE CESSATION ANTICIPEE D'ACTIVITE</ns0:libCategPers><ns0:codeSitCategPers>STOPQT</ns0:codeSitCategPers><ns0:codeSitCategPersSilo>Q</ns0:codeSitCategPersSilo><ns0:dateEffetCategPers>2013-01-01</ns0:dateEffetCategPers><ns0:libSitCategPers>Arrêt de quittancement</ns0:libSitCategPers><ns0:libSitCategPersSilo>Arrêt de quittancement</ns0:libSitCategPersSilo><ns0:dateSitCategPers>2013-01-01</ns0:dateSitCategPers></ns0:CategPersonnelAdherente><ns0:CategPersonnelAdherente><ns0:idCategPers>10090</ns0:idCategPers><ns0:codeCategPers>99</ns0:codeCategPers><ns0:libCategPers>Invalides bénéficiaires d'une cessation anticipée</ns0:libCategPers><ns0:codeSitCategPers>STOPQT</ns0:codeSitCategPers><ns0:codeSitCategPersSilo>Q</ns0:codeSitCategPersSilo><ns0:dateEffetCategPers>2013-01-01</ns0:dateEffetCategPers><ns0:libSitCategPers>Arrêt de quittancement</ns0:libSitCategPers><ns0:libSitCategPersSilo>Arrêt de quittancement</ns0:libSitCategPersSilo><ns0:dateSitCategPers>2014-01-01</ns0:dateSitCategPers></ns0:CategPersonnelAdherente></ns0:ContratCollAdherente></ns0:ContratAdherente></ns0:Adhesion><ns0:Adhesion><ns0:idAdhesion>RG150585419S4273229</ns0:idAdhesion><ns0:dateEffetAdhesion>2013-01-01</ns0:dateEffetAdhesion><ns0:codeSitAdhesion>VALID</ns0:codeSitAdhesion><ns0:libSitAdhesion>Validé</ns0:libSitAdhesion><ns0:codeSitAdhesionSilo>V</ns0:codeSitAdhesionSilo><ns0:libSitAdhesionSilo>Valider</ns0:libSitAdhesionSilo><ns0:dateSitAdhesion>2013-01-01</ns0:dateSitAdhesion><ns0:IdentSiloAdherente><ns0:idSilo>S4273229</ns0:idSilo><ns0:codeAppli>A0499</ns0:codeAppli><ns0:libAppli>EGESPER</ns0:libAppli></ns0:IdentSiloAdherente><ns0:SignaletiqueAdherentePM><ns0:raisonSociale>COMITE D'ETABLISSEMENT MERIAL (L.L.G.)</ns0:raisonSociale></ns0:SignaletiqueAdherentePM><ns0:ContratAdherente><ns0:IdentContratAdherente><ns0:IdentSiloContrat><ns0:idSilo>RG150585419S4273229</ns0:idSilo><ns0:libNomSilo>ERE PTV2/3</ns0:libNomSilo><ns0:codeAppli>A0252</ns0:codeAppli><ns0:libAppli>PTV</ns0:libAppli><ns0:codeSysInfo>ERE</ns0:codeSysInfo><ns0:libSysInfo>Epargne Retraite Entreprise</ns0:libSysInfo></ns0:IdentSiloContrat><ns0:IdentContratPere><ns0:IdentsPere><ns0:valeurId>RG150585419</ns0:valeurId><ns0:typeId>CONTRAT</ns0:typeId></ns0:IdentsPere></ns0:IdentContratPere></ns0:IdentContratAdherente><ns0:ContratCollAdherente><ns0:CategPersonnelAdherente><ns0:idCategPers>10085</ns0:idCategPers><ns0:codeCategPers>30</ns0:codeCategPers><ns0:libCategPers>Ensemble du personnel</ns0:libCategPers><ns0:codeSitCategPers>RECOUV</ns0:codeSitCategPers><ns0:codeSitCategPersSilo>R</ns0:codeSitCategPersSilo><ns0:dateEffetCategPers>2013-01-01</ns0:dateEffetCategPers><ns0:libSitCategPers>Mise en recouvrement</ns0:libSitCategPers><ns0:libSitCategPersSilo>Mise en recouvrement</ns0:libSitCategPersSilo><ns0:dateSitCategPers>2013-01-01</ns0:dateSitCategPers></ns0:CategPersonnelAdherente><ns0:CategPersonnelAdherente><ns0:idCategPers>10084</ns0:idCategPers><ns0:codeCategPers>99</ns0:codeCategPers><ns0:libCategPers>BENEFICIAIRES D'UNE CESSATION ANTICIPEE D'ACTIVITE S2H</ns0:libCategPers><ns0:codeSitCategPers>STOPQT</ns0:codeSitCategPers><ns0:codeSitCategPersSilo>Q</ns0:codeSitCategPersSilo><ns0:dateEffetCategPers>2013-01-01</ns0:dateEffetCategPers><ns0:libSitCategPers>Arrêt de quittancement</ns0:libSitCategPers><ns0:libSitCategPersSilo>Arrêt de quittancement</ns0:libSitCategPersSilo><ns0:dateSitCategPers>2013-01-01</ns0:dateSitCategPers></ns0:CategPersonnelAdherente><ns0:CategPersonnelAdherente><ns0:idCategPers>10083</ns0:idCategPers><ns0:codeCategPers>99</ns0:codeCategPers><ns0:libCategPers>BENEFICIAIRES D'UNE CESSATION ANTICIPEE D'ACTIVITE</ns0:libCategPers><ns0:codeSitCategPers>STOPQT</ns0:codeSitCategPers><ns0:codeSitCategPersSilo>Q</ns0:codeSitCategPersSilo><ns0:dateEffetCategPers>2013-01-01</ns0:dateEffetCategPers><ns0:libSitCategPers>Arrêt de quittancement</ns0:libSitCategPers><ns0:libSitCategPersSilo>Arrêt de quittancement</ns0:libSitCategPersSilo><ns0:dateSitCategPers>2013-01-01</ns0:dateSitCategPers></ns0:CategPersonnelAdherente><ns0:CategPersonnelAdherente><ns0:idCategPers>10086</ns0:idCategPers><ns0:codeCategPers>99</ns0:codeCategPers><ns0:libCategPers>Invalides bénéficiaires d'une cessation anticipée</ns0:libCategPers><ns0:codeSitCategPers>STOPQT</ns0:codeSitCategPers><ns0:codeSitCategPersSilo>Q</ns0:codeSitCategPersSilo><ns0:dateEffetCategPers>2013-01-01</ns0:dateEffetCategPers><ns0:libSitCategPers>Arrêt de quittancement</ns0:libSitCategPers><ns0:libSitCategPersSilo>Arrêt de quittancement</ns0:libSitCategPersSilo><ns0:dateSitCategPers>2013-01-01</ns0:dateSitCategPers></ns0:CategPersonnelAdherente></ns0:ContratCollAdherente></ns0:ContratAdherente></ns0:Adhesion><ns0:Adhesion><ns0:idAdhesion>RG150585419S4320822</ns0:idAdhesion><ns0:dateEffetAdhesion>2014-01-01</ns0:dateEffetAdhesion><ns0:codeSitAdhesion>VALID</ns0:codeSitAdhesion><ns0:libSitAdhesion>Validé</ns0:libSitAdhesion><ns0:codeSitAdhesionSilo>V</ns0:codeSitAdhesionSilo><ns0:libSitAdhesionSilo>Valider</ns0:libSitAdhesionSilo><ns0:dateSitAdhesion>2014-01-01</ns0:dateSitAdhesion><ns0:IdentSiloAdherente><ns0:idSilo>S4320822</ns0:idSilo><ns0:codeAppli>A0499</ns0:codeAppli><ns0:libAppli>EGESPER</ns0:libAppli></ns0:IdentSiloAdherente><ns0:SignaletiqueAdherentePM><ns0:raisonSociale>COOPHAVET</ns0:raisonSociale></ns0:SignaletiqueAdherentePM><ns0:ContratAdherente><ns0:IdentContratAdherente><ns0:IdentSiloContrat><ns0:idSilo>RG150585419S4320822</ns0:idSilo><ns0:libNomSilo>ERE PTV2/3</ns0:libNomSilo><ns0:codeAppli>A0252</ns0:codeAppli><ns0:libAppli>PTV</ns0:libAppli><ns0:codeSysInfo>ERE</ns0:codeSysInfo><ns0:libSysInfo>Epargne Retraite Entreprise</ns0:libSysInfo></ns0:IdentSiloContrat><ns0:IdentContratPere><ns0:IdentsPere><ns0:valeurId>RG150585419</ns0:valeurId><ns0:typeId>CONTRAT</ns0:typeId></ns0:IdentsPere></ns0:IdentContratPere></ns0:IdentContratAdherente><ns0:ContratCollAdherente><ns0:CategPersonnelAdherente><ns0:idCategPers>10471</ns0:idCategPers><ns0:codeCategPers>30</ns0:codeCategPers><ns0:libCategPers>Ensemble du personnel</ns0:libCategPers><ns0:codeSitCategPers>STOPQT</ns0:codeSitCategPers><ns0:codeSitCategPersSilo>Q</ns0:codeSitCategPersSilo><ns0:dateEffetCategPers>2014-01-01</ns0:dateEffetCategPers><ns0:libSitCategPers>Arrêt de quittancement</ns0:libSitCategPers><ns0:libSitCategPersSilo>Arrêt de quittancement</ns0:libSitCategPersSilo><ns0:dateSitCategPers>2015-01-01</ns0:dateSitCategPers></ns0:CategPersonnelAdherente><ns0:CategPersonnelAdherente><ns0:idCategPers>10472</ns0:idCategPers><ns0:codeCategPers>99</ns0:codeCategPers><ns0:libCategPers>Invalides bénéficiaires d'une cessation anticipée</ns0:libCategPers><ns0:codeSitCategPers>STOPQT</ns0:codeSitCategPers><ns0:codeSitCategPersSilo>Q</ns0:codeSitCategPersSilo><ns0:dateEffetCategPers>2014-01-01</ns0:dateEffetCategPers><ns0:libSitCategPers>Arrêt de quittancement</ns0:libSitCategPers><ns0:libSitCategPersSilo>Arrêt de quittancement</ns0:libSitCategPersSilo><ns0:dateSitCategPers>2014-01-01</ns0:dateSitCategPers></ns0:CategPersonnelAdherente><ns0:CategPersonnelAdherente><ns0:idCategPers>10470</ns0:idCategPers><ns0:codeCategPers>99</ns0:codeCategPers><ns0:libCategPers>BENEFICIAIRES D'UNE CESSATION ANTICIPEE D'ACTIVITE S2H</ns0:libCategPers><ns0:codeSitCategPers>STOPQT</ns0:codeSitCategPers><ns0:codeSitCategPersSilo>Q</ns0:codeSitCategPersSilo><ns0:dateEffetCategPers>2014-01-01</ns0:dateEffetCategPers><ns0:libSitCategPers>Arrêt de quittancement</ns0:libSitCategPers><ns0:libSitCategPersSilo>Arrêt de quittancement</ns0:libSitCategPersSilo><ns0:dateSitCategPers>2014-01-01</ns0:dateSitCategPers></ns0:CategPersonnelAdherente><ns0:CategPersonnelAdherente><ns0:idCategPers>10469</ns0:idCategPers><ns0:codeCategPers>99</ns0:codeCategPers><ns0:libCategPers>BENEFICIAIRES D'UNE CESSATION ANTICIPEE D'ACTIVITE</ns0:libCategPers><ns0:codeSitCategPers>STOPQT</ns0:codeSitCategPers><ns0:codeSitCategPersSilo>Q</ns0:codeSitCategPersSilo><ns0:dateEffetCategPers>2014-01-01</ns0:dateEffetCategPers><ns0:libSitCategPers>Arrêt de quittancement</ns0:libSitCategPers><ns0:libSitCategPersSilo>Arrêt de quittancement</ns0:libSitCategPersSilo><ns0:dateSitCategPers>2014-01-01</ns0:dateSitCategPers></ns0:CategPersonnelAdherente></ns0:ContratCollAdherente></ns0:ContratAdherente></ns0:Adhesion><ns0:Adhesion><ns0:idAdhesion>RG150585419S4461687</ns0:idAdhesion><ns0:dateEffetAdhesion>2017-01-01</ns0:dateEffetAdhesion><ns0:codeSitAdhesion>VALID</ns0:codeSitAdhesion><ns0:libSitAdhesion>Validé</ns0:libSitAdhesion><ns0:codeSitAdhesionSilo>V</ns0:codeSitAdhesionSilo><ns0:libSitAdhesionSilo>Valider</ns0:libSitAdhesionSilo><ns0:dateSitAdhesion>2017-01-01</ns0:dateSitAdhesion><ns0:IdentSiloAdherente><ns0:idSilo>S4461687</ns0:idSilo><ns0:codeAppli>A0499</ns0:codeAppli><ns0:libAppli>EGESPER</ns0:libAppli></ns0:IdentSiloAdherente><ns0:SignaletiqueAdherentePM><ns0:raisonSociale>SANOFI PASTEUR EUROPE</ns0:raisonSociale></ns0:SignaletiqueAdherentePM><ns0:ContratAdherente><ns0:IdentContratAdherente><ns0:IdentSiloContrat><ns0:idSilo>RG150585419S4461687</ns0:idSilo><ns0:libNomSilo>ERE PTV2/3</ns0:libNomSilo><ns0:codeAppli>A0252</ns0:codeAppli><ns0:libAppli>PTV</ns0:libAppli><ns0:codeSysInfo>ERE</ns0:codeSysInfo><ns0:libSysInfo>Epargne Retraite Entreprise</ns0:libSysInfo></ns0:IdentSiloContrat><ns0:IdentContratPere><ns0:IdentsPere><ns0:valeurId>RG150585419</ns0:valeurId><ns0:typeId>CONTRAT</ns0:typeId></ns0:IdentsPere></ns0:IdentContratPere></ns0:IdentContratAdherente><ns0:ContratCollAdherente><ns0:CategPersonnelAdherente><ns0:idCategPers>12047</ns0:idCategPers><ns0:codeCategPers>30</ns0:codeCategPers><ns0:libCategPers>Ensemble du personnel</ns0:libCategPers><ns0:codeSitCategPers>RECOUV</ns0:codeSitCategPers><ns0:codeSitCategPersSilo>R</ns0:codeSitCategPersSilo><ns0:dateEffetCategPers>2017-01-01</ns0:dateEffetCategPers><ns0:libSitCategPers>Mise en recouvrement</ns0:libSitCategPers><ns0:libSitCategPersSilo>Mise en recouvrement</ns0:libSitCategPersSilo><ns0:dateSitCategPers>2017-01-01</ns0:dateSitCategPers></ns0:CategPersonnelAdherente><ns0:CategPersonnelAdherente><ns0:idCategPers>12045</ns0:idCategPers><ns0:codeCategPers>99</ns0:codeCategPers><ns0:libCategPers>BENEFICIAIRES D'UNE CESSATION ANTICIPEE D'ACTIVITE</ns0:libCategPers><ns0:codeSitCategPers>STOPQT</ns0:codeSitCategPers><ns0:codeSitCategPersSilo>Q</ns0:codeSitCategPersSilo><ns0:dateEffetCategPers>2017-01-01</ns0:dateEffetCategPers><ns0:libSitCategPers>Arrêt de quittancement</ns0:libSitCategPers><ns0:libSitCategPersSilo>Arrêt de quittancement</ns0:libSitCategPersSilo><ns0:dateSitCategPers>2017-01-01</ns0:dateSitCategPers></ns0:CategPersonnelAdherente><ns0:CategPersonnelAdherente><ns0:idCategPers>12046</ns0:idCategPers><ns0:codeCategPers>99</ns0:codeCategPers><ns0:libCategPers>BENEFICIAIRES D'UNE CESSATION ANTICIPEE D'ACTIVITE S2H</ns0:libCategPers><ns0:codeSitCategPers>STOPQT</ns0:codeSitCategPers><ns0:codeSitCategPersSilo>Q</ns0:codeSitCategPersSilo><ns0:dateEffetCategPers>2017-01-01</ns0:dateEffetCategPers><ns0:libSitCategPers>Arrêt de quittancement</ns0:libSitCategPers><ns0:libSitCategPersSilo>Arrêt de quittancement</ns0:libSitCategPersSilo><ns0:dateSitCategPers>2017-01-01</ns0:dateSitCategPers></ns0:CategPersonnelAdherente><ns0:CategPersonnelAdherente><ns0:idCategPers>12048</ns0:idCategPers><ns0:codeCategPers>99</ns0:codeCategPers><ns0:libCategPers>Invalides bénéficiaires d'une cessation anticipée</ns0:libCategPers><ns0:codeSitCategPers>STOPQT</ns0:codeSitCategPers><ns0:codeSitCategPersSilo>Q</ns0:codeSitCategPersSilo><ns0:dateEffetCategPers>2017-01-01</ns0:dateEffetCategPers><ns0:libSitCategPers>Arrêt de quittancement</ns0:libSitCategPers><ns0:libSitCategPersSilo>Arrêt de quittancement</ns0:libSitCategPersSilo><ns0:dateSitCategPers>2017-01-01</ns0:dateSitCategPers></ns0:CategPersonnelAdherente></ns0:ContratCollAdherente></ns0:ContratAdherente></ns0:Adhesion><ns0:Adhesion><ns0:idAdhesion>RG150585419S4100212</ns0:idAdhesion><ns0:dateEffetAdhesion>2010-01-01</ns0:dateEffetAdhesion><ns0:codeSitAdhesion>VALID</ns0:codeSitAdhesion><ns0:libSitAdhesion>Validé</ns0:libSitAdhesion><ns0:codeSitAdhesionSilo>V</ns0:codeSitAdhesionSilo><ns0:libSitAdhesionSilo>Valider</ns0:libSitAdhesionSilo><ns0:dateSitAdhesion>2010-01-01</ns0:dateSitAdhesion><ns0:IdentSiloAdherente><ns0:idSilo>S4100212</ns0:idSilo><ns0:codeAppli>A0499</ns0:codeAppli><ns0:libAppli>EGESPER</ns0:libAppli></ns0:IdentSiloAdherente><ns0:SignaletiqueAdherentePM><ns0:raisonSociale>LABORATOIRE OENOBIOL</ns0:raisonSociale></ns0:SignaletiqueAdherentePM><ns0:ContratAdherente><ns0:IdentContratAdherente><ns0:IdentSiloContrat><ns0:idSilo>RG150585419S4100212</ns0:idSilo><ns0:libNomSilo>ERE PTV2/3</ns0:libNomSilo><ns0:codeAppli>A0252</ns0:codeAppli><ns0:libAppli>PTV</ns0:libAppli><ns0:codeSysInfo>ERE</ns0:codeSysInfo><ns0:libSysInfo>Epargne Retraite Entreprise</ns0:libSysInfo></ns0:IdentSiloContrat><ns0:IdentContratPere><ns0:IdentsPere><ns0:valeurId>RG150585419</ns0:valeurId><ns0:typeId>CONTRAT</ns0:typeId></ns0:IdentsPere></ns0:IdentContratPere></ns0:IdentContratAdherente><ns0:ContratCollAdherente><ns0:CategPersonnelAdherente><ns0:idCategPers>8285</ns0:idCategPers><ns0:codeCategPers>99</ns0:codeCategPers><ns0:libCategPers>BENEFICIAIRES D'UNE CESSATION ANTICIPEE D'ACTIVITE</ns0:libCategPers><ns0:codeSitCategPers>STOPQT</ns0:codeSitCategPers><ns0:codeSitCategPersSilo>Q</ns0:codeSitCategPersSilo><ns0:dateEffetCategPers>2010-01-01</ns0:dateEffetCategPers><ns0:libSitCategPers>Arrêt de quittancement</ns0:libSitCategPers><ns0:libSitCategPersSilo>Arrêt de quittancement</ns0:libSitCategPersSilo><ns0:dateSitCategPers>2010-01-01</ns0:dateSitCategPers></ns0:CategPersonnelAdherente><ns0:CategPersonnelAdherente><ns0:idCategPers>9238</ns0:idCategPers><ns0:codeCategPers>99</ns0:codeCategPers><ns0:libCategPers>Invalides bénéficiaires d'une cessation anticipée</ns0:libCategPers><ns0:codeSitCategPers>STOPQT</ns0:codeSitCategPers><ns0:codeSitCategPersSilo>Q</ns0:codeSitCategPersSilo><ns0:dateEffetCategPers>2009-04-01</ns0:dateEffetCategPers><ns0:libSitCategPers>Arrêt de quittancement</ns0:libSitCategPers><ns0:libSitCategPersSilo>Arrêt de quittancement</ns0:libSitCategPersSilo><ns0:dateSitCategPers>2010-01-01</ns0:dateSitCategPers></ns0:CategPersonnelAdherente><ns0:CategPersonnelAdherente><ns0:idCategPers>8325</ns0:idCategPers><ns0:codeCategPers>99</ns0:codeCategPers><ns0:libCategPers>BENEFICIAIRES D'UNE CESSATION ANTICIPEE D'ACTIVITE S2H</ns0:libCategPers><ns0:codeSitCategPers>STOPQT</ns0:codeSitCategPers><ns0:codeSitCategPersSilo>Q</ns0:codeSitCategPersSilo><ns0:dateEffetCategPers>2010-04-01</ns0:dateEffetCategPers><ns0:libSitCategPers>Arrêt de quittancement</ns0:libSitCategPers><ns0:libSitCategPersSilo>Arrêt de quittancement</ns0:libSitCategPersSilo><ns0:dateSitCategPers>2010-04-01</ns0:dateSitCategPers></ns0:CategPersonnelAdherente><ns0:CategPersonnelAdherente><ns0:idCategPers>8286</ns0:idCategPers><ns0:codeCategPers>30</ns0:codeCategPers><ns0:libCategPers>Ensemble du personnel</ns0:libCategPers><ns0:codeSitCategPers>STOPQT</ns0:codeSitCategPers><ns0:codeSitCategPersSilo>Q</ns0:codeSitCategPersSilo><ns0:dateEffetCategPers>2010-01-01</ns0:dateEffetCategPers><ns0:libSitCategPers>Arrêt de quittancement</ns0:libSitCategPers><ns0:libSitCategPersSilo>Arrêt de quittancement</ns0:libSitCategPersSilo><ns0:dateSitCategPers>2010-10-01</ns0:dateSitCategPers></ns0:CategPersonnelAdherente></ns0:ContratCollAdherente></ns0:ContratAdherente></ns0:Adhesion><ns0:Adhesion><ns0:idAdhesion>RG150585419S4198838</ns0:idAdhesion><ns0:dateEffetAdhesion>2011-03-01</ns0:dateEffetAdhesion><ns0:codeSitAdhesion>VALID</ns0:codeSitAdhesion><ns0:libSitAdhesion>Validé</ns0:libSitAdhesion><ns0:codeSitAdhesionSilo>V</ns0:codeSitAdhesionSilo><ns0:libSitAdhesionSilo>Valider</ns0:libSitAdhesionSilo><ns0:dateSitAdhesion>2011-03-01</ns0:dateSitAdhesion><ns0:IdentSiloAdherente><ns0:idSilo>S4198838</ns0:idSilo><ns0:codeAppli>A0499</ns0:codeAppli><ns0:libAppli>EGESPER</ns0:libAppli></ns0:IdentSiloAdherente><ns0:SignaletiqueAdherentePM><ns0:raisonSociale>SANOFI CHIMIE</ns0:raisonSociale></ns0:SignaletiqueAdherentePM><ns0:ContratAdherente><ns0:IdentContratAdherente><ns0:IdentSiloContrat><ns0:idSilo>RG150585419S4198838</ns0:idSilo><ns0:libNomSilo>ERE PTV2/3</ns0:libNomSilo><ns0:codeAppli>A0252</ns0:codeAppli><ns0:libAppli>PTV</ns0:libAppli><ns0:codeSysInfo>ERE</ns0:codeSysInfo><ns0:libSysInfo>Epargne Retraite Entreprise</ns0:libSysInfo></ns0:IdentSiloContrat><ns0:IdentContratPere><ns0:IdentsPere><ns0:valeurId>RG150585419</ns0:valeurId><ns0:typeId>CONTRAT</ns0:typeId></ns0:IdentsPere></ns0:IdentContratPere></ns0:IdentContratAdherente><ns0:ContratCollAdherente><ns0:CategPersonnelAdherente><ns0:idCategPers>9054</ns0:idCategPers><ns0:codeCategPers>99</ns0:codeCategPers><ns0:libCategPers>BENEFICIAIRES D'UNE CESSATION ANTICIPEE D'ACTIVITE S2H</ns0:libCategPers><ns0:codeSitCategPers>RECOUV</ns0:codeSitCategPers><ns0:codeSitCategPersSilo>R</ns0:codeSitCategPersSilo><ns0:dateEffetCategPers>2011-03-01</ns0:dateEffetCategPers><ns0:libSitCategPers>Mise en recouvrement</ns0:libSitCategPers><ns0:libSitCategPersSilo>Mise en recouvrement</ns0:libSitCategPersSilo><ns0:dateSitCategPers>2011-01-01</ns0:dateSitCategPers></ns0:CategPersonnelAdherente><ns0:CategPersonnelAdherente><ns0:idCategPers>9055</ns0:idCategPers><ns0:codeCategPers>30</ns0:codeCategPers><ns0:libCategPers>Ensemble du personnel</ns0:libCategPers><ns0:codeSitCategPers>RECOUV</ns0:codeSitCategPers><ns0:codeSitCategPersSilo>R</ns0:codeSitCategPersSilo><ns0:dateEffetCategPers>2011-03-01</ns0:dateEffetCategPers><ns0:libSitCategPers>Mise en recouvrement</ns0:libSitCategPers><ns0:libSitCategPersSilo>Mise en recouvrement</ns0:libSitCategPersSilo><ns0:dateSitCategPers>2016-10-01</ns0:dateSitCategPers></ns0:CategPersonnelAdherente><ns0:CategPersonnelAdherente><ns0:idCategPers>9053</ns0:idCategPers><ns0:codeCategPers>99</ns0:codeCategPers><ns0:libCategPers>BENEFICIAIRES D'UNE CESSATION ANTICIPEE D'ACTIVITE</ns0:libCategPers><ns0:codeSitCategPers>STOPQT</ns0:codeSitCategPers><ns0:codeSitCategPersSilo>Q</ns0:codeSitCategPersSilo><ns0:dateEffetCategPers>2011-03-01</ns0:dateEffetCategPers><ns0:libSitCategPers>Arrêt de quittancement</ns0:libSitCategPers><ns0:libSitCategPersSilo>Arrêt de quittancement</ns0:libSitCategPersSilo><ns0:dateSitCategPers>2011-01-01</ns0:dateSitCategPers></ns0:CategPersonnelAdherente><ns0:CategPersonnelAdherente><ns0:idCategPers>9240</ns0:idCategPers><ns0:codeCategPers>99</ns0:codeCategPers><ns0:libCategPers>Invalides bénéficiaires d'une cessation anticipée</ns0:libCategPers><ns0:codeSitCategPers>STOPQT</ns0:codeSitCategPers><ns0:codeSitCategPersSilo>Q</ns0:codeSitCategPersSilo><ns0:dateEffetCategPers>2009-04-01</ns0:dateEffetCategPers><ns0:libSitCategPers>Arrêt de quittancement</ns0:libSitCategPers><ns0:libSitCategPersSilo>Arrêt de quittancement</ns0:libSitCategPersSilo><ns0:dateSitCategPers>2010-01-01</ns0:dateSitCategPers></ns0:CategPersonnelAdherente></ns0:ContratCollAdherente></ns0:ContratAdherente></ns0:Adhesion><ns0:Adhesion><ns0:idAdhesion>RG150585419S4035192</ns0:idAdhesion><ns0:dateEffetAdhesion>2011-09-01</ns0:dateEffetAdhesion><ns0:codeSitAdhesion>VALID</ns0:codeSitAdhesion><ns0:libSitAdhesion>Validé</ns0:libSitAdhesion><ns0:codeSitAdhesionSilo>V</ns0:codeSitAdhesionSilo><ns0:libSitAdhesionSilo>Valider</ns0:libSitAdhesionSilo><ns0:dateSitAdhesion>2011-09-01</ns0:dateSitAdhesion><ns0:IdentSiloAdherente><ns0:idSilo>S4035192</ns0:idSilo><ns0:codeAppli>A0499</ns0:codeAppli><ns0:libAppli>EGESPER</ns0:libAppli></ns0:IdentSiloAdherente><ns0:SignaletiqueAdherentePM><ns0:raisonSociale>SANOFI AVENTIS FRANCE</ns0:raisonSociale></ns0:SignaletiqueAdherentePM><ns0:ContratAdherente><ns0:IdentContratAdherente><ns0:IdentSiloContrat><ns0:idSilo>RG150585419S4035192</ns0:idSilo><ns0:libNomSilo>ERE PTV2/3</ns0:libNomSilo><ns0:codeAppli>A0252</ns0:codeAppli><ns0:libAppli>PTV</ns0:libAppli><ns0:codeSysInfo>ERE</ns0:codeSysInfo><ns0:libSysInfo>Epargne Retraite Entreprise</ns0:libSysInfo></ns0:IdentSiloContrat><ns0:IdentContratPere><ns0:IdentsPere><ns0:valeurId>RG150585419</ns0:valeurId><ns0:typeId>CONTRAT</ns0:typeId></ns0:IdentsPere></ns0:IdentContratPere></ns0:IdentContratAdherente><ns0:ContratCollAdherente><ns0:CategPersonnelAdherente><ns0:idCategPers>9145</ns0:idCategPers><ns0:codeCategPers>99</ns0:codeCategPers><ns0:libCategPers>BENEFICIAIRES D'UNE CESSATION ANTICIPEE D'ACTIVITE S2H</ns0:libCategPers><ns0:codeSitCategPers>RECOUV</ns0:codeSitCategPers><ns0:codeSitCategPersSilo>R</ns0:codeSitCategPersSilo><ns0:dateEffetCategPers>2011-09-01</ns0:dateEffetCategPers><ns0:libSitCategPers>Mise en recouvrement</ns0:libSitCategPers><ns0:libSitCategPersSilo>Mise en recouvrement</ns0:libSitCategPersSilo><ns0:dateSitCategPers>2011-07-01</ns0:dateSitCategPers></ns0:CategPersonnelAdherente><ns0:CategPersonnelAdherente><ns0:idCategPers>9146</ns0:idCategPers><ns0:codeCategPers>30</ns0:codeCategPers><ns0:libCategPers>Ensemble du personnel</ns0:libCategPers><ns0:codeSitCategPers>RECOUV</ns0:codeSitCategPers><ns0:codeSitCategPersSilo>R</ns0:codeSitCategPersSilo><ns0:dateEffetCategPers>2011-09-01</ns0:dateEffetCategPers><ns0:libSitCategPers>Mise en recouvrement</ns0:libSitCategPers><ns0:libSitCategPersSilo>Mise en recouvrement</ns0:libSitCategPersSilo><ns0:dateSitCategPers>2016-10-01</ns0:dateSitCategPers></ns0:CategPersonnelAdherente><ns0:CategPersonnelAdherente><ns0:idCategPers>9239</ns0:idCategPers><ns0:codeCategPers>99</ns0:codeCategPers><ns0:libCategPers>Invalides bénéficiaires d'une cessation anticipée</ns0:libCategPers><ns0:codeSitCategPers>STOPQT</ns0:codeSitCategPers><ns0:codeSitCategPersSilo>Q</ns0:codeSitCategPersSilo><ns0:dateEffetCategPers>2009-04-01</ns0:dateEffetCategPers><ns0:libSitCategPers>Arrêt de quittancement</ns0:libSitCategPers><ns0:libSitCategPersSilo>Arrêt de quittancement</ns0:libSitCategPersSilo><ns0:dateSitCategPers>2010-01-01</ns0:dateSitCategPers></ns0:CategPersonnelAdherente><ns0:CategPersonnelAdherente><ns0:idCategPers>9144</ns0:idCategPers><ns0:codeCategPers>99</ns0:codeCategPers><ns0:libCategPers>BENEFICIAIRES D'UNE CESSATION ANTICIPEE D'ACTIVITE</ns0:libCategPers><ns0:codeSitCategPers>STOPQT</ns0:codeSitCategPers><ns0:codeSitCategPersSilo>Q</ns0:codeSitCategPersSilo><ns0:dateEffetCategPers>2011-09-01</ns0:dateEffetCategPers><ns0:libSitCategPers>Arrêt de quittancement</ns0:libSitCategPers><ns0:libSitCategPersSilo>Arrêt de quittancement</ns0:libSitCategPersSilo><ns0:dateSitCategPers>2010-01-01</ns0:dateSitCategPers></ns0:CategPersonnelAdherente></ns0:ContratCollAdherente></ns0:ContratAdherente></ns0:Adhesion></ns0:ContratColl></ns0:Contrat></ns0:ConsulterContratGeneralesFunc></ns0:ConsulterContratGeneralesResponse></SOAP-ENV:Body></SOAP-ENV:Envelope>