<SOAP-ENV:Envelope xmlns:SOAP-ENV="http://schemas.xmlsoap.org/soap/envelope/"><SOAP-ENV:Header><ns:WSResponseMetaInfo xmlns:ns="http://www.fmk.com/ESB/Framework/ESBTechPivotSchema" xmlns:ns0="http://schemas.xmlsoap.org/soap/envelope/" xmlns:xs="http://www.w3.org/2001/XMLSchema" xmlns:xsi="http://www.w3.org/2001/XMLSchema-instance"><ns:FuncFault/><ns:BusinessHeader/></ns:WSResponseMetaInfo></SOAP-ENV:Header><SOAP-ENV:Body><ns0:ConsulterContratGeneralesResponse xmlns:ns0="http://www.alm.com/esb/service/GestContratTer_2/ConsulterContratGenerales_5"><ns0:ConsulterContratGeneralesFunc><ns0:Contrat><ns0:IdentContrat><ns0:IdentSiloContrat><ns0:idSilo>RG129441359</ns0:idSilo><ns0:libNomSilo>ERE PTV2/3</ns0:libNomSilo><ns0:codeAppli>A0252</ns0:codeAppli><ns0:libAppli>PTV</ns0:libAppli><ns0:codeSysInfo>ERE</ns0:codeSysInfo><ns0:libSysInfo>Epargne Retraite Entreprise</ns0:libSysInfo></ns0:IdentSiloContrat></ns0:IdentContrat><ns0:InfoContrat><ns0:dateEffet>2000-01-01</ns0:dateEffet><ns0:codeSitContrat>VALID</ns0:codeSitContrat><ns0:libSitContrat>Validé</ns0:libSitContrat><ns0:codeSitContratSilo>V</ns0:codeSitContratSilo><ns0:libSitContratSilo>Valider</ns0:libSitContratSilo><ns0:dateSitContrat>2000-01-01</ns0:dateSitContrat><ns0:codeFiscEpargne>ART83</ns0:codeFiscEpargne><ns0:libFiscEpargne>Article 83</ns0:libFiscEpargne><ns0:codeFiscEpargneSilo>C</ns0:codeFiscEpargneSilo><ns0:libFiscEpargneSilo>Article 83</ns0:libFiscEpargneSilo><ns0:codeOptFiscaliteAffil>A</ns0:codeOptFiscaliteAffil><ns0:libOptFiscaliteAffil>Fiscalité classique</ns0:libOptFiscaliteAffil><ns0:idPortefeuilleContrat>ARI</ns0:idPortefeuilleContrat><ns0:nomPortefeuilleContrat>ARIAL ASSURANCE</ns0:nomPortefeuilleContrat><ns0:dateMigrationCtr>2002-12-31</ns0:dateMigrationCtr></ns0:InfoContrat><ns0:Souscripteurs><ns0:IdentSiloSouscript><ns0:idSilo>S0123670</ns0:idSilo><ns0:codeAppli>A0499</ns0:codeAppli><ns0:libAppli>EGESPER</ns0:libAppli></ns0:IdentSiloSouscript><ns0:SignaletiqueSouscriptPM><ns0:raisonSociale>SAFRAN</ns0:raisonSociale></ns0:SignaletiqueSouscriptPM></ns0:Souscripteurs><ns0:OffreCommSouscrite><ns0:codeOffreComm>RG01001ARI</ns0:codeOffreComm><ns0:libOffreComm>Plan d'Epargne Retraite Entreprises</ns0:libOffreComm><ns0:codeTypeContrat>RG01</ns0:codeTypeContrat><ns0:numgenContrat>001</ns0:numgenContrat></ns0:OffreCommSouscrite><ns0:ActeurContrat><ns0:idAssureurContrat>ARI</ns0:idAssureurContrat><ns0:libAssureurContrat>ARIAL CNP ASSURANCES</ns0:libAssureurContrat><ns0:idDistribproduit>001</ns0:idDistribproduit><ns0:libDistribproduit>ARIAL CNP ASSURANCES</ns0:libDistribproduit></ns0:ActeurContrat><ns0:OptContratEpargne><ns0:codeGestCompte>PPVL</ns0:codeGestCompte><ns0:libGestCompte>Part Patronale / Versement Libre</ns0:libGestCompte><ns0:codeGestCompteSilo>4</ns0:codeGestCompteSilo><ns0:libGestCompteSilo>Part Patronale / Versement Libre</ns0:libGestCompteSilo><ns0:codeTypeFondGere>EURO</ns0:codeTypeFondGere><ns0:libTypeFondGere>Euro</ns0:libTypeFondGere><ns0:codeTypeFondGereSilo>FG</ns0:codeTypeFondGereSilo><ns0:libTypeFondGereSilo>Euro</ns0:libTypeFondGereSilo><ns0:indicAutorChoixPlacementDiff>false</ns0:indicAutorChoixPlacementDiff><ns0:indicRefusVersementFacultatif>false</ns0:indicRefusVersementFacultatif><ns0:indicTarifVersementPrimeAutorise>false</ns0:indicTarifVersementPrimeAutorise><ns0:indicRefusArbitrageInternet>false</ns0:indicRefusArbitrageInternet><ns0:indicSortieTotaleContrat>false</ns0:indicSortieTotaleContrat></ns0:OptContratEpargne><ns0:ContratColl><ns0:CategPersonnel><ns0:idCategPers>513</ns0:idCategPers><ns0:codeCategPers>99</ns0:codeCategPers><ns0:libCategPers>Ingénieurs et Cadres relevant de l'article 4 de la Convention Nationale AGIRC du 14 mars 1947</ns0:libCategPers><ns0:codeSitCategPers>RECOUV</ns0:codeSitCategPers><ns0:codeSitCategPersSilo>R</ns0:codeSitCategPersSilo><ns0:dateEffetCategPers>1999-10-01</ns0:dateEffetCategPers><ns0:libSitCategPers>Mise en recouvrement</ns0:libSitCategPers><ns0:libSitCategPersSilo>Mise en recouvrement</ns0:libSitCategPersSilo><ns0:dateSitCategPers>2000-01-01</ns0:dateSitCategPers></ns0:CategPersonnel><ns0:CategPersonnel><ns0:idCategPers>12176</ns0:idCategPers><ns0:codeCategPers>99</ns0:codeCategPers><ns0:libCategPers>Personnel relevant de la décision unilatérale de l'employeur du 20 mars 2017</ns0:libCategPers><ns0:codeSitCategPers>RECOUV</ns0:codeSitCategPers><ns0:codeSitCategPersSilo>R</ns0:codeSitCategPersSilo><ns0:dateEffetCategPers>2017-01-01</ns0:dateEffetCategPers><ns0:libSitCategPers>Mise en recouvrement</ns0:libSitCategPers><ns0:libSitCategPersSilo>Mise en recouvrement</ns0:libSitCategPersSilo><ns0:dateSitCategPers>2017-01-01</ns0:dateSitCategPers></ns0:CategPersonnel><ns0:Adhesion><ns0:idAdhesion>RG129441359S4505765</ns0:idAdhesion><ns0:dateEffetAdhesion>2018-01-01</ns0:dateEffetAdhesion><ns0:codeSitAdhesion>VALID</ns0:codeSitAdhesion><ns0:libSitAdhesion>Validé</ns0:libSitAdhesion><ns0:codeSitAdhesionSilo>V</ns0:codeSitAdhesionSilo><ns0:libSitAdhesionSilo>Valider</ns0:libSitAdhesionSilo><ns0:dateSitAdhesion>2018-01-01</ns0:dateSitAdhesion><ns0:IdentSiloAdherente><ns0:idSilo>S4505765</ns0:idSilo><ns0:codeAppli>A0499</ns0:codeAppli><ns0:libAppli>EGESPER</ns0:libAppli></ns0:IdentSiloAdherente><ns0:SignaletiqueAdherentePM><ns0:raisonSociale>SAFRAN FILTRATION SYSTEMS</ns0:raisonSociale></ns0:SignaletiqueAdherentePM><ns0:ContratAdherente><ns0:IdentContratAdherente><ns0:IdentSiloContrat><ns0:idSilo>RG129441359S4505765</ns0:idSilo><ns0:libNomSilo>ERE PTV2/3</ns0:libNomSilo><ns0:codeAppli>A0252</ns0:codeAppli><ns0:libAppli>PTV</ns0:libAppli><ns0:codeSysInfo>ERE</ns0:codeSysInfo><ns0:libSysInfo>Epargne Retraite Entreprise</ns0:libSysInfo></ns0:IdentSiloContrat><ns0:IdentContratPere><ns0:IdentsPere><ns0:valeurId>RG129441359</ns0:valeurId><ns0:typeId>CONTRAT</ns0:typeId></ns0:IdentsPere></ns0:IdentContratPere></ns0:IdentContratAdherente><ns0:ContratCollAdherente><ns0:CategPersonnelAdherente><ns0:idCategPers>12458</ns0:idCategPers><ns0:codeCategPers>99</ns0:codeCategPers><ns0:libCategPers>Ingénieurs et Cadres relevant de l'article 4 de la Convention Nationale AGIRC du 14 mars 1947</ns0:libCategPers><ns0:codeSitCategPers>RECOUV</ns0:codeSitCategPers><ns0:codeSitCategPersSilo>R</ns0:codeSitCategPersSilo><ns0:dateEffetCategPers>2018-01-01</ns0:dateEffetCategPers><ns0:libSitCategPers>Mise en recouvrement</ns0:libSitCategPers><ns0:libSitCategPersSilo>Mise en recouvrement</ns0:libSitCategPersSilo><ns0:dateSitCategPers>2018-01-01</ns0:dateSitCategPers></ns0:CategPersonnelAdherente><ns0:CategPersonnelAdherente><ns0:idCategPers>12457</ns0:idCategPers><ns0:codeCategPers>99</ns0:codeCategPers><ns0:libCategPers>Personnel relevant de la décision unilatérale de l'employeur du 20 mars 2017</ns0:libCategPers><ns0:codeSitCategPers>STOPQT</ns0:codeSitCategPers><ns0:codeSitCategPersSilo>Q</ns0:codeSitCategPersSilo><ns0:dateEffetCategPers>2018-01-01</ns0:dateEffetCategPers><ns0:libSitCategPers>Arrêt de quittancement</ns0:libSitCategPers><ns0:libSitCategPersSilo>Arrêt de quittancement</ns0:libSitCategPersSilo><ns0:dateSitCategPers>2018-01-01</ns0:dateSitCategPers></ns0:CategPersonnelAdherente></ns0:ContratCollAdherente></ns0:ContratAdherente></ns0:Adhesion><ns0:Adhesion><ns0:idAdhesion>RG129441359S4505762</ns0:idAdhesion><ns0:dateEffetAdhesion>2018-01-01</ns0:dateEffetAdhesion><ns0:codeSitAdhesion>VALID</ns0:codeSitAdhesion><ns0:libSitAdhesion>Validé</ns0:libSitAdhesion><ns0:codeSitAdhesionSilo>V</ns0:codeSitAdhesionSilo><ns0:libSitAdhesionSilo>Valider</ns0:libSitAdhesionSilo><ns0:dateSitAdhesion>2018-01-01</ns0:dateSitAdhesion><ns0:IdentSiloAdherente><ns0:idSilo>S4505762</ns0:idSilo><ns0:codeAppli>A0499</ns0:codeAppli><ns0:libAppli>EGESPER</ns0:libAppli></ns0:IdentSiloAdherente><ns0:SignaletiqueAdherentePM><ns0:raisonSociale>SAFRAN LANDING SYSTEMS SERVICES DINARD</ns0:raisonSociale></ns0:SignaletiqueAdherentePM><ns0:ContratAdherente><ns0:IdentContratAdherente><ns0:IdentSiloContrat><ns0:idSilo>RG129441359S4505762</ns0:idSilo><ns0:libNomSilo>ERE PTV2/3</ns0:libNomSilo><ns0:codeAppli>A0252</ns0:codeAppli><ns0:libAppli>PTV</ns0:libAppli><ns0:codeSysInfo>ERE</ns0:codeSysInfo><ns0:libSysInfo>Epargne Retraite Entreprise</ns0:libSysInfo></ns0:IdentSiloContrat><ns0:IdentContratPere><ns0:IdentsPere><ns0:valeurId>RG129441359</ns0:valeurId><ns0:typeId>CONTRAT</ns0:typeId></ns0:IdentsPere></ns0:IdentContratPere></ns0:IdentContratAdherente><ns0:ContratCollAdherente><ns0:CategPersonnelAdherente><ns0:idCategPers>12460</ns0:idCategPers><ns0:codeCategPers>99</ns0:codeCategPers><ns0:libCategPers>Ingénieurs et Cadres relevant de l'article 4 de la Convention Nationale AGIRC du 14 mars 1947</ns0:libCategPers><ns0:codeSitCategPers>RECOUV</ns0:codeSitCategPers><ns0:codeSitCategPersSilo>R</ns0:codeSitCategPersSilo><ns0:dateEffetCategPers>2018-01-01</ns0:dateEffetCategPers><ns0:libSitCategPers>Mise en recouvrement</ns0:libSitCategPers><ns0:libSitCategPersSilo>Mise en recouvrement</ns0:libSitCategPersSilo><ns0:dateSitCategPers>2018-01-01</ns0:dateSitCategPers></ns0:CategPersonnelAdherente><ns0:CategPersonnelAdherente><ns0:idCategPers>12459</ns0:idCategPers><ns0:codeCategPers>99</ns0:codeCategPers><ns0:libCategPers>Personnel relevant de la décision unilatérale de l'employeur du 20 mars 2017</ns0:libCategPers><ns0:codeSitCategPers>STOPQT</ns0:codeSitCategPers><ns0:codeSitCategPersSilo>Q</ns0:codeSitCategPersSilo><ns0:dateEffetCategPers>2018-01-01</ns0:dateEffetCategPers><ns0:libSitCategPers>Arrêt de quittancement</ns0:libSitCategPers><ns0:libSitCategPersSilo>Arrêt de quittancement</ns0:libSitCategPersSilo><ns0:dateSitCategPers>2018-01-01</ns0:dateSitCategPers></ns0:CategPersonnelAdherente></ns0:ContratCollAdherente></ns0:ContratAdherente></ns0:Adhesion><ns0:Adhesion><ns0:idAdhesion>RG129441359S4505766</ns0:idAdhesion><ns0:dateEffetAdhesion>2018-01-01</ns0:dateEffetAdhesion><ns0:codeSitAdhesion>VALID</ns0:codeSitAdhesion><ns0:libSitAdhesion>Validé</ns0:libSitAdhesion><ns0:codeSitAdhesionSilo>V</ns0:codeSitAdhesionSilo><ns0:libSitAdhesionSilo>Valider</ns0:libSitAdhesionSilo><ns0:dateSitAdhesion>2018-01-01</ns0:dateSitAdhesion><ns0:IdentSiloAdherente><ns0:idSilo>S4505766</ns0:idSilo><ns0:codeAppli>A0499</ns0:codeAppli><ns0:libAppli>EGESPER</ns0:libAppli></ns0:IdentSiloAdherente><ns0:SignaletiqueAdherentePM><ns0:raisonSociale>SOCIETE DE MOTORISATIONS AERONAUTIQUES</ns0:raisonSociale></ns0:SignaletiqueAdherentePM><ns0:ContratAdherente><ns0:IdentContratAdherente><ns0:IdentSiloContrat><ns0:idSilo>RG129441359S4505766</ns0:idSilo><ns0:libNomSilo>ERE PTV2/3</ns0:libNomSilo><ns0:codeAppli>A0252</ns0:codeAppli><ns0:libAppli>PTV</ns0:libAppli><ns0:codeSysInfo>ERE</ns0:codeSysInfo><ns0:libSysInfo>Epargne Retraite Entreprise</ns0:libSysInfo></ns0:IdentSiloContrat><ns0:IdentContratPere><ns0:IdentsPere><ns0:valeurId>RG129441359</ns0:valeurId><ns0:typeId>CONTRAT</ns0:typeId></ns0:IdentsPere></ns0:IdentContratPere></ns0:IdentContratAdherente><ns0:ContratCollAdherente><ns0:CategPersonnelAdherente><ns0:idCategPers>12461</ns0:idCategPers><ns0:codeCategPers>99</ns0:codeCategPers><ns0:libCategPers>Personnel relevant de la décision unilatérale de l'employeur du 20 mars 2017</ns0:libCategPers><ns0:codeSitCategPers>STOPQT</ns0:codeSitCategPers><ns0:codeSitCategPersSilo>Q</ns0:codeSitCategPersSilo><ns0:dateEffetCategPers>2018-01-01</ns0:dateEffetCategPers><ns0:libSitCategPers>Arrêt de quittancement</ns0:libSitCategPers><ns0:libSitCategPersSilo>Arrêt de quittancement</ns0:libSitCategPersSilo><ns0:dateSitCategPers>2018-01-01</ns0:dateSitCategPers></ns0:CategPersonnelAdherente><ns0:CategPersonnelAdherente><ns0:idCategPers>12462</ns0:idCategPers><ns0:codeCategPers>99</ns0:codeCategPers><ns0:libCategPers>Ingénieurs et Cadres relevant de l'article 4 de la Convention Nationale AGIRC du 14 mars 1947</ns0:libCategPers><ns0:codeSitCategPers>STOPQT</ns0:codeSitCategPers><ns0:codeSitCategPersSilo>Q</ns0:codeSitCategPersSilo><ns0:dateEffetCategPers>2018-01-01</ns0:dateEffetCategPers><ns0:libSitCategPers>Arrêt de quittancement</ns0:libSitCategPers><ns0:libSitCategPersSilo>Arrêt de quittancement</ns0:libSitCategPersSilo><ns0:dateSitCategPers>2018-01-01</ns0:dateSitCategPers></ns0:CategPersonnelAdherente></ns0:ContratCollAdherente></ns0:ContratAdherente></ns0:Adhesion><ns0:Adhesion><ns0:idAdhesion>RG129441359S4786474</ns0:idAdhesion><ns0:dateEffetAdhesion>2019-01-01</ns0:dateEffetAdhesion><ns0:codeSitAdhesion>VALID</ns0:codeSitAdhesion><ns0:libSitAdhesion>Validé</ns0:libSitAdhesion><ns0:codeSitAdhesionSilo>V</ns0:codeSitAdhesionSilo><ns0:libSitAdhesionSilo>Valider</ns0:libSitAdhesionSilo><ns0:dateSitAdhesion>2019-01-01</ns0:dateSitAdhesion><ns0:IdentSiloAdherente><ns0:idSilo>S4786474</ns0:idSilo><ns0:codeAppli>A0499</ns0:codeAppli><ns0:libAppli>EGESPER</ns0:libAppli></ns0:IdentSiloAdherente><ns0:SignaletiqueAdherentePM><ns0:raisonSociale>SAFRAN TEST CELLS FRANCE</ns0:raisonSociale></ns0:SignaletiqueAdherentePM><ns0:ContratAdherente><ns0:IdentContratAdherente><ns0:IdentSiloContrat><ns0:idSilo>RG129441359S4786474</ns0:idSilo><ns0:libNomSilo>ERE PTV2/3</ns0:libNomSilo><ns0:codeAppli>A0252</ns0:codeAppli><ns0:libAppli>PTV</ns0:libAppli><ns0:codeSysInfo>ERE</ns0:codeSysInfo><ns0:libSysInfo>Epargne Retraite Entreprise</ns0:libSysInfo></ns0:IdentSiloContrat><ns0:IdentContratPere><ns0:IdentsPere><ns0:valeurId>RG129441359</ns0:valeurId><ns0:typeId>CONTRAT</ns0:typeId></ns0:IdentsPere></ns0:IdentContratPere></ns0:IdentContratAdherente><ns0:ContratCollAdherente><ns0:CategPersonnelAdherente><ns0:idCategPers>14351</ns0:idCategPers><ns0:codeCategPers>99</ns0:codeCategPers><ns0:libCategPers>Ingénieurs et Cadres relevant de l'article 4 de la Convention Nationale AGIRC du 14 mars 1947</ns0:libCategPers><ns0:codeSitCategPers>RECOUV</ns0:codeSitCategPers><ns0:codeSitCategPersSilo>R</ns0:codeSitCategPersSilo><ns0:dateEffetCategPers>2019-01-01</ns0:dateEffetCategPers><ns0:libSitCategPers>Mise en recouvrement</ns0:libSitCategPers><ns0:libSitCategPersSilo>Mise en recouvrement</ns0:libSitCategPersSilo><ns0:dateSitCategPers>2019-01-01</ns0:dateSitCategPers></ns0:CategPersonnelAdherente><ns0:CategPersonnelAdherente><ns0:idCategPers>14350</ns0:idCategPers><ns0:codeCategPers>99</ns0:codeCategPers><ns0:libCategPers>Personnel relevant de la décision unilatérale de l'employeur du 20 mars 2017</ns0:libCategPers><ns0:codeSitCategPers>RECOUV</ns0:codeSitCategPers><ns0:codeSitCategPersSilo>R</ns0:codeSitCategPersSilo><ns0:dateEffetCategPers>2019-01-01</ns0:dateEffetCategPers><ns0:libSitCategPers>Mise en recouvrement</ns0:libSitCategPers><ns0:libSitCategPersSilo>Mise en recouvrement</ns0:libSitCategPersSilo><ns0:dateSitCategPers>2019-01-01</ns0:dateSitCategPers></ns0:CategPersonnelAdherente></ns0:ContratCollAdherente></ns0:ContratAdherente></ns0:Adhesion><ns0:Adhesion><ns0:idAdhesion>RG129441359S4505763</ns0:idAdhesion><ns0:dateEffetAdhesion>2018-01-01</ns0:dateEffetAdhesion><ns0:codeSitAdhesion>VALID</ns0:codeSitAdhesion><ns0:libSitAdhesion>Validé</ns0:libSitAdhesion><ns0:codeSitAdhesionSilo>V</ns0:codeSitAdhesionSilo><ns0:libSitAdhesionSilo>Valider</ns0:libSitAdhesionSilo><ns0:dateSitAdhesion>2018-01-01</ns0:dateSitAdhesion><ns0:IdentSiloAdherente><ns0:idSilo>S4505763</ns0:idSilo><ns0:codeAppli>A0499</ns0:codeAppli><ns0:libAppli>EGESPER</ns0:libAppli></ns0:IdentSiloAdherente><ns0:SignaletiqueAdherentePM><ns0:raisonSociale>AIRFOILS ADVANCED SOLUTIONS</ns0:raisonSociale></ns0:SignaletiqueAdherentePM><ns0:ContratAdherente><ns0:IdentContratAdherente><ns0:IdentSiloContrat><ns0:idSilo>RG129441359S4505763</ns0:idSilo><ns0:libNomSilo>ERE PTV2/3</ns0:libNomSilo><ns0:codeAppli>A0252</ns0:codeAppli><ns0:libAppli>PTV</ns0:libAppli><ns0:codeSysInfo>ERE</ns0:codeSysInfo><ns0:libSysInfo>Epargne Retraite Entreprise</ns0:libSysInfo></ns0:IdentSiloContrat><ns0:IdentContratPere><ns0:IdentsPere><ns0:valeurId>RG129441359</ns0:valeurId><ns0:typeId>CONTRAT</ns0:typeId></ns0:IdentsPere></ns0:IdentContratPere></ns0:IdentContratAdherente><ns0:ContratCollAdherente><ns0:CategPersonnelAdherente><ns0:idCategPers>12454</ns0:idCategPers><ns0:codeCategPers>99</ns0:codeCategPers><ns0:libCategPers>Ingénieurs et Cadres relevant de l'article 4 de la Convention Nationale AGIRC du 14 mars 1947</ns0:libCategPers><ns0:codeSitCategPers>RECOUV</ns0:codeSitCategPers><ns0:codeSitCategPersSilo>R</ns0:codeSitCategPersSilo><ns0:dateEffetCategPers>2018-01-01</ns0:dateEffetCategPers><ns0:libSitCategPers>Mise en recouvrement</ns0:libSitCategPers><ns0:libSitCategPersSilo>Mise en recouvrement</ns0:libSitCategPersSilo><ns0:dateSitCategPers>2018-01-01</ns0:dateSitCategPers></ns0:CategPersonnelAdherente><ns0:CategPersonnelAdherente><ns0:idCategPers>12453</ns0:idCategPers><ns0:codeCategPers>99</ns0:codeCategPers><ns0:libCategPers>Personnel relevant de la décision unilatérale de l'employeur du 20 mars 2017</ns0:libCategPers><ns0:codeSitCategPers>STOPQT</ns0:codeSitCategPers><ns0:codeSitCategPersSilo>Q</ns0:codeSitCategPersSilo><ns0:dateEffetCategPers>2018-01-01</ns0:dateEffetCategPers><ns0:libSitCategPers>Arrêt de quittancement</ns0:libSitCategPers><ns0:libSitCategPersSilo>Arrêt de quittancement</ns0:libSitCategPersSilo><ns0:dateSitCategPers>2018-01-01</ns0:dateSitCategPers></ns0:CategPersonnelAdherente></ns0:ContratCollAdherente></ns0:ContratAdherente></ns0:Adhesion><ns0:Adhesion><ns0:idAdhesion>RG129441359S4505760</ns0:idAdhesion><ns0:dateEffetAdhesion>2018-01-01</ns0:dateEffetAdhesion><ns0:codeSitAdhesion>VALID</ns0:codeSitAdhesion><ns0:libSitAdhesion>Validé</ns0:libSitAdhesion><ns0:codeSitAdhesionSilo>V</ns0:codeSitAdhesionSilo><ns0:libSitAdhesionSilo>Valider</ns0:libSitAdhesionSilo><ns0:dateSitAdhesion>2018-01-01</ns0:dateSitAdhesion><ns0:IdentSiloAdherente><ns0:idSilo>S4505760</ns0:idSilo><ns0:codeAppli>A0499</ns0:codeAppli><ns0:libAppli>EGESPER</ns0:libAppli></ns0:IdentSiloAdherente><ns0:SignaletiqueAdherentePM><ns0:raisonSociale>INTERNATIONAL SERVICES ELECTRO INFO</ns0:raisonSociale></ns0:SignaletiqueAdherentePM><ns0:ContratAdherente><ns0:IdentContratAdherente><ns0:IdentSiloContrat><ns0:idSilo>RG129441359S4505760</ns0:idSilo><ns0:libNomSilo>ERE PTV2/3</ns0:libNomSilo><ns0:codeAppli>A0252</ns0:codeAppli><ns0:libAppli>PTV</ns0:libAppli><ns0:codeSysInfo>ERE</ns0:codeSysInfo><ns0:libSysInfo>Epargne Retraite Entreprise</ns0:libSysInfo></ns0:IdentSiloContrat><ns0:IdentContratPere><ns0:IdentsPere><ns0:valeurId>RG129441359</ns0:valeurId><ns0:typeId>CONTRAT</ns0:typeId></ns0:IdentsPere></ns0:IdentContratPere></ns0:IdentContratAdherente><ns0:ContratCollAdherente><ns0:CategPersonnelAdherente><ns0:idCategPers>12456</ns0:idCategPers><ns0:codeCategPers>99</ns0:codeCategPers><ns0:libCategPers>Ingénieurs et Cadres relevant de l'article 4 de la Convention Nationale AGIRC du 14 mars 1947</ns0:libCategPers><ns0:codeSitCategPers>RECOUV</ns0:codeSitCategPers><ns0:codeSitCategPersSilo>R</ns0:codeSitCategPersSilo><ns0:dateEffetCategPers>2018-01-01</ns0:dateEffetCategPers><ns0:libSitCategPers>Mise en recouvrement</ns0:libSitCategPers><ns0:libSitCategPersSilo>Mise en recouvrement</ns0:libSitCategPersSilo><ns0:dateSitCategPers>2018-01-01</ns0:dateSitCategPers></ns0:CategPersonnelAdherente><ns0:CategPersonnelAdherente><ns0:idCategPers>12455</ns0:idCategPers><ns0:codeCategPers>99</ns0:codeCategPers><ns0:libCategPers>Personnel relevant de la décision unilatérale de l'employeur du 20 mars 2017</ns0:libCategPers><ns0:codeSitCategPers>STOPQT</ns0:codeSitCategPers><ns0:codeSitCategPersSilo>Q</ns0:codeSitCategPersSilo><ns0:dateEffetCategPers>2018-01-01</ns0:dateEffetCategPers><ns0:libSitCategPers>Arrêt de quittancement</ns0:libSitCategPers><ns0:libSitCategPersSilo>Arrêt de quittancement</ns0:libSitCategPersSilo><ns0:dateSitCategPers>2018-01-01</ns0:dateSitCategPers></ns0:CategPersonnelAdherente></ns0:ContratCollAdherente></ns0:ContratAdherente></ns0:Adhesion><ns0:Adhesion><ns0:idAdhesion>RG129441359S0112910</ns0:idAdhesion><ns0:dateEffetAdhesion>2007-07-01</ns0:dateEffetAdhesion><ns0:codeSitAdhesion>VALID</ns0:codeSitAdhesion><ns0:libSitAdhesion>Validé</ns0:libSitAdhesion><ns0:codeSitAdhesionSilo>V</ns0:codeSitAdhesionSilo><ns0:libSitAdhesionSilo>Valider</ns0:libSitAdhesionSilo><ns0:dateSitAdhesion>2007-07-01</ns0:dateSitAdhesion><ns0:IdentSiloAdherente><ns0:idSilo>S0112910</ns0:idSilo><ns0:codeAppli>A0499</ns0:codeAppli><ns0:libAppli>EGESPER</ns0:libAppli></ns0:IdentSiloAdherente><ns0:SignaletiqueAdherentePM><ns0:raisonSociale>SNECMA SERVICES</ns0:raisonSociale></ns0:SignaletiqueAdherentePM><ns0:ContratAdherente><ns0:IdentContratAdherente><ns0:IdentSiloContrat><ns0:idSilo>RG129441359S0112910</ns0:idSilo><ns0:libNomSilo>ERE PTV2/3</ns0:libNomSilo><ns0:codeAppli>A0252</ns0:codeAppli><ns0:libAppli>PTV</ns0:libAppli><ns0:codeSysInfo>ERE</ns0:codeSysInfo><ns0:libSysInfo>Epargne Retraite Entreprise</ns0:libSysInfo></ns0:IdentSiloContrat><ns0:IdentContratPere><ns0:IdentsPere><ns0:valeurId>RG129441359</ns0:valeurId><ns0:typeId>CONTRAT</ns0:typeId></ns0:IdentsPere></ns0:IdentContratPere></ns0:IdentContratAdherente><ns0:ContratCollAdherente><ns0:CategPersonnelAdherente><ns0:idCategPers>5524</ns0:idCategPers><ns0:codeCategPers>99</ns0:codeCategPers><ns0:libCategPers>Ingénieurs et Cadres relevant de l'article 4 de la Convention Nationale AGIRC du 14 mars 1947</ns0:libCategPers><ns0:codeSitCategPers>STOPQT</ns0:codeSitCategPers><ns0:codeSitCategPersSilo>Q</ns0:codeSitCategPersSilo><ns0:dateEffetCategPers>2007-07-01</ns0:dateEffetCategPers><ns0:libSitCategPers>Arrêt de quittancement</ns0:libSitCategPers><ns0:libSitCategPersSilo>Arrêt de quittancement</ns0:libSitCategPersSilo><ns0:dateSitCategPers>2009-04-01</ns0:dateSitCategPers></ns0:CategPersonnelAdherente><ns0:CategPersonnelAdherente><ns0:idCategPers>12226</ns0:idCategPers><ns0:codeCategPers>99</ns0:codeCategPers><ns0:libCategPers>Personnel relevant de la décision unilatérale de l'employeur du 20 mars 2017</ns0:libCategPers><ns0:codeSitCategPers>STOPQT</ns0:codeSitCategPers><ns0:codeSitCategPersSilo>Q</ns0:codeSitCategPersSilo><ns0:dateEffetCategPers>2017-01-01</ns0:dateEffetCategPers><ns0:libSitCategPers>Arrêt de quittancement</ns0:libSitCategPers><ns0:libSitCategPersSilo>Arrêt de quittancement</ns0:libSitCategPersSilo><ns0:dateSitCategPers>2017-01-01</ns0:dateSitCategPers></ns0:CategPersonnelAdherente></ns0:ContratCollAdherente></ns0:ContratAdherente></ns0:Adhesion><ns0:Adhesion><ns0:idAdhesion>RG129441359S0136469</ns0:idAdhesion><ns0:dateEffetAdhesion>2007-07-01</ns0:dateEffetAdhesion><ns0:codeSitAdhesion>VALID</ns0:codeSitAdhesion><ns0:libSitAdhesion>Validé</ns0:libSitAdhesion><ns0:codeSitAdhesionSilo>V</ns0:codeSitAdhesionSilo><ns0:libSitAdhesionSilo>Valider</ns0:libSitAdhesionSilo><ns0:dateSitAdhesion>2007-07-01</ns0:dateSitAdhesion><ns0:IdentSiloAdherente><ns0:idSilo>S0136469</ns0:idSilo><ns0:codeAppli>A0499</ns0:codeAppli><ns0:libAppli>EGESPER</ns0:libAppli></ns0:IdentSiloAdherente><ns0:SignaletiqueAdherentePM><ns0:raisonSociale>SAFRAN HELICOPTERS ENGINES</ns0:raisonSociale></ns0:SignaletiqueAdherentePM><ns0:ContratAdherente><ns0:IdentContratAdherente><ns0:IdentSiloContrat><ns0:idSilo>RG129441359S0136469</ns0:idSilo><ns0:libNomSilo>ERE PTV2/3</ns0:libNomSilo><ns0:codeAppli>A0252</ns0:codeAppli><ns0:libAppli>PTV</ns0:libAppli><ns0:codeSysInfo>ERE</ns0:codeSysInfo><ns0:libSysInfo>Epargne Retraite Entreprise</ns0:libSysInfo></ns0:IdentSiloContrat><ns0:IdentContratPere><ns0:IdentsPere><ns0:valeurId>RG129441359</ns0:valeurId><ns0:typeId>CONTRAT</ns0:typeId></ns0:IdentsPere></ns0:IdentContratPere></ns0:IdentContratAdherente><ns0:ContratCollAdherente><ns0:CategPersonnelAdherente><ns0:idCategPers>5520</ns0:idCategPers><ns0:codeCategPers>99</ns0:codeCategPers><ns0:libCategPers>Ingénieurs et Cadres relevant de l'article 4 de la Convention Nationale AGIRC du 14 mars 1947</ns0:libCategPers><ns0:codeSitCategPers>RECOUV</ns0:codeSitCategPers><ns0:codeSitCategPersSilo>R</ns0:codeSitCategPersSilo><ns0:dateEffetCategPers>2007-07-01</ns0:dateEffetCategPers><ns0:libSitCategPers>Mise en recouvrement</ns0:libSitCategPers><ns0:libSitCategPersSilo>Mise en recouvrement</ns0:libSitCategPersSilo><ns0:dateSitCategPers>2007-07-01</ns0:dateSitCategPers></ns0:CategPersonnelAdherente><ns0:CategPersonnelAdherente><ns0:idCategPers>12213</ns0:idCategPers><ns0:codeCategPers>99</ns0:codeCategPers><ns0:libCategPers>Personnel relevant de la décision unilatérale de l'employeur du 20 mars 2017</ns0:libCategPers><ns0:codeSitCategPers>RECOUV</ns0:codeSitCategPers><ns0:codeSitCategPersSilo>R</ns0:codeSitCategPersSilo><ns0:dateEffetCategPers>2017-01-01</ns0:dateEffetCategPers><ns0:libSitCategPers>Mise en recouvrement</ns0:libSitCategPers><ns0:libSitCategPersSilo>Mise en recouvrement</ns0:libSitCategPersSilo><ns0:dateSitCategPers>2017-01-01</ns0:dateSitCategPers></ns0:CategPersonnelAdherente></ns0:ContratCollAdherente></ns0:ContratAdherente></ns0:Adhesion><ns0:Adhesion><ns0:idAdhesion>RG129441359S0113257</ns0:idAdhesion><ns0:dateEffetAdhesion>2007-07-01</ns0:dateEffetAdhesion><ns0:codeSitAdhesion>VALID</ns0:codeSitAdhesion><ns0:libSitAdhesion>Validé</ns0:libSitAdhesion><ns0:codeSitAdhesionSilo>V</ns0:codeSitAdhesionSilo><ns0:libSitAdhesionSilo>Valider</ns0:libSitAdhesionSilo><ns0:dateSitAdhesion>2007-07-01</ns0:dateSitAdhesion><ns0:IdentSiloAdherente><ns0:idSilo>S0113257</ns0:idSilo><ns0:codeAppli>A0499</ns0:codeAppli><ns0:libAppli>EGESPER</ns0:libAppli></ns0:IdentSiloAdherente><ns0:SignaletiqueAdherentePM><ns0:raisonSociale>SAFRAN MARTIN-BAKER</ns0:raisonSociale></ns0:SignaletiqueAdherentePM><ns0:ContratAdherente><ns0:IdentContratAdherente><ns0:IdentSiloContrat><ns0:idSilo>RG129441359S0113257</ns0:idSilo><ns0:libNomSilo>ERE PTV2/3</ns0:libNomSilo><ns0:codeAppli>A0252</ns0:codeAppli><ns0:libAppli>PTV</ns0:libAppli><ns0:codeSysInfo>ERE</ns0:codeSysInfo><ns0:libSysInfo>Epargne Retraite Entreprise</ns0:libSysInfo></ns0:IdentSiloContrat><ns0:IdentContratPere><ns0:IdentsPere><ns0:valeurId>RG129441359</ns0:valeurId><ns0:typeId>CONTRAT</ns0:typeId></ns0:IdentsPere></ns0:IdentContratPere></ns0:IdentContratAdherente><ns0:ContratCollAdherente><ns0:CategPersonnelAdherente><ns0:idCategPers>5526</ns0:idCategPers><ns0:codeCategPers>99</ns0:codeCategPers><ns0:libCategPers>Ingénieurs et Cadres relevant de l'article 4 de la Convention Nationale AGIRC du 14 mars 1947</ns0:libCategPers><ns0:codeSitCategPers>RECOUV</ns0:codeSitCategPers><ns0:codeSitCategPersSilo>R</ns0:codeSitCategPersSilo><ns0:dateEffetCategPers>2007-07-01</ns0:dateEffetCategPers><ns0:libSitCategPers>Mise en recouvrement</ns0:libSitCategPers><ns0:libSitCategPersSilo>Mise en recouvrement</ns0:libSitCategPersSilo><ns0:dateSitCategPers>2007-07-01</ns0:dateSitCategPers></ns0:CategPersonnelAdherente><ns0:CategPersonnelAdherente><ns0:idCategPers>12217</ns0:idCategPers><ns0:codeCategPers>99</ns0:codeCategPers><ns0:libCategPers>Personnel relevant de la décision unilatérale de l'employeur du 20 mars 2017</ns0:libCategPers><ns0:codeSitCategPers>STOPQT</ns0:codeSitCategPers><ns0:codeSitCategPersSilo>Q</ns0:codeSitCategPersSilo><ns0:dateEffetCategPers>2017-01-01</ns0:dateEffetCategPers><ns0:libSitCategPers>Arrêt de quittancement</ns0:libSitCategPers><ns0:libSitCategPersSilo>Arrêt de quittancement</ns0:libSitCategPersSilo><ns0:dateSitCategPers>2017-01-01</ns0:dateSitCategPers></ns0:CategPersonnelAdherente></ns0:ContratCollAdherente></ns0:ContratAdherente></ns0:Adhesion><ns0:Adhesion><ns0:idAdhesion>RG129441359S0136468</ns0:idAdhesion><ns0:dateEffetAdhesion>2007-07-01</ns0:dateEffetAdhesion><ns0:codeSitAdhesion>VALID</ns0:codeSitAdhesion><ns0:libSitAdhesion>Validé</ns0:libSitAdhesion><ns0:codeSitAdhesionSilo>V</ns0:codeSitAdhesionSilo><ns0:libSitAdhesionSilo>Valider</ns0:libSitAdhesionSilo><ns0:dateSitAdhesion>2007-07-01</ns0:dateSitAdhesion><ns0:IdentSiloAdherente><ns0:idSilo>S0136468</ns0:idSilo><ns0:codeAppli>A0499</ns0:codeAppli><ns0:libAppli>EGESPER</ns0:libAppli></ns0:IdentSiloAdherente><ns0:SignaletiqueAdherentePM><ns0:raisonSociale>MESSIER SERVICES</ns0:raisonSociale></ns0:SignaletiqueAdherentePM><ns0:ContratAdherente><ns0:IdentContratAdherente><ns0:IdentSiloContrat><ns0:idSilo>RG129441359S0136468</ns0:idSilo><ns0:libNomSilo>ERE PTV2/3</ns0:libNomSilo><ns0:codeAppli>A0252</ns0:codeAppli><ns0:libAppli>PTV</ns0:libAppli><ns0:codeSysInfo>ERE</ns0:codeSysInfo><ns0:libSysInfo>Epargne Retraite Entreprise</ns0:libSysInfo></ns0:IdentSiloContrat><ns0:IdentContratPere><ns0:IdentsPere><ns0:valeurId>RG129441359</ns0:valeurId><ns0:typeId>CONTRAT</ns0:typeId></ns0:IdentsPere></ns0:IdentContratPere></ns0:IdentContratAdherente><ns0:ContratCollAdherente><ns0:CategPersonnelAdherente><ns0:idCategPers>5528</ns0:idCategPers><ns0:codeCategPers>99</ns0:codeCategPers><ns0:libCategPers>Ingénieurs et Cadres relevant de l'article 4 de la Convention Nationale AGIRC du 14 mars 1947</ns0:libCategPers><ns0:codeSitCategPers>STOPQT</ns0:codeSitCategPers><ns0:codeSitCategPersSilo>Q</ns0:codeSitCategPersSilo><ns0:dateEffetCategPers>2007-07-01</ns0:dateEffetCategPers><ns0:libSitCategPers>Arrêt de quittancement</ns0:libSitCategPers><ns0:libSitCategPersSilo>Arrêt de quittancement</ns0:libSitCategPersSilo><ns0:dateSitCategPers>2011-07-01</ns0:dateSitCategPers></ns0:CategPersonnelAdherente><ns0:CategPersonnelAdherente><ns0:idCategPers>12204</ns0:idCategPers><ns0:codeCategPers>99</ns0:codeCategPers><ns0:libCategPers>Personnel relevant de la décision unilatérale de l'employeur du 20 mars 2017</ns0:libCategPers><ns0:codeSitCategPers>STOPQT</ns0:codeSitCategPers><ns0:codeSitCategPersSilo>Q</ns0:codeSitCategPersSilo><ns0:dateEffetCategPers>2017-01-01</ns0:dateEffetCategPers><ns0:libSitCategPers>Arrêt de quittancement</ns0:libSitCategPers><ns0:libSitCategPersSilo>Arrêt de quittancement</ns0:libSitCategPersSilo><ns0:dateSitCategPers>2017-01-01</ns0:dateSitCategPers></ns0:CategPersonnelAdherente></ns0:ContratCollAdherente></ns0:ContratAdherente></ns0:Adhesion><ns0:Adhesion><ns0:idAdhesion>RG129441359S3581900</ns0:idAdhesion><ns0:dateEffetAdhesion>2007-07-01</ns0:dateEffetAdhesion><ns0:codeSitAdhesion>VALID</ns0:codeSitAdhesion><ns0:libSitAdhesion>Validé</ns0:libSitAdhesion><ns0:codeSitAdhesionSilo>V</ns0:codeSitAdhesionSilo><ns0:libSitAdhesionSilo>Valider</ns0:libSitAdhesionSilo><ns0:dateSitAdhesion>2007-07-01</ns0:dateSitAdhesion><ns0:IdentSiloAdherente><ns0:idSilo>S3581900</ns0:idSilo><ns0:codeAppli>A0499</ns0:codeAppli><ns0:libAppli>EGESPER</ns0:libAppli></ns0:IdentSiloAdherente><ns0:SignaletiqueAdherentePM><ns0:raisonSociale>SAFRAN POWER UNITS</ns0:raisonSociale></ns0:SignaletiqueAdherentePM><ns0:ContratAdherente><ns0:IdentContratAdherente><ns0:IdentSiloContrat><ns0:idSilo>RG129441359S3581900</ns0:idSilo><ns0:libNomSilo>ERE PTV2/3</ns0:libNomSilo><ns0:codeAppli>A0252</ns0:codeAppli><ns0:libAppli>PTV</ns0:libAppli><ns0:codeSysInfo>ERE</ns0:codeSysInfo><ns0:libSysInfo>Epargne Retraite Entreprise</ns0:libSysInfo></ns0:IdentSiloContrat><ns0:IdentContratPere><ns0:IdentsPere><ns0:valeurId>RG129441359</ns0:valeurId><ns0:typeId>CONTRAT</ns0:typeId></ns0:IdentsPere></ns0:IdentContratPere></ns0:IdentContratAdherente><ns0:ContratCollAdherente><ns0:CategPersonnelAdherente><ns0:idCategPers>5530</ns0:idCategPers><ns0:codeCategPers>99</ns0:codeCategPers><ns0:libCategPers>Ingénieurs et Cadres relevant de l'article 4 de la Convention Nationale AGIRC du 14 mars 1947</ns0:libCategPers><ns0:codeSitCategPers>RECOUV</ns0:codeSitCategPers><ns0:codeSitCategPersSilo>R</ns0:codeSitCategPersSilo><ns0:dateEffetCategPers>2007-07-01</ns0:dateEffetCategPers><ns0:libSitCategPers>Mise en recouvrement</ns0:libSitCategPers><ns0:libSitCategPersSilo>Mise en recouvrement</ns0:libSitCategPersSilo><ns0:dateSitCategPers>2018-01-01</ns0:dateSitCategPers></ns0:CategPersonnelAdherente><ns0:CategPersonnelAdherente><ns0:idCategPers>12222</ns0:idCategPers><ns0:codeCategPers>99</ns0:codeCategPers><ns0:libCategPers>Personnel relevant de la décision unilatérale de l'employeur du 20 mars 2017</ns0:libCategPers><ns0:codeSitCategPers>RECOUV</ns0:codeSitCategPers><ns0:codeSitCategPersSilo>R</ns0:codeSitCategPersSilo><ns0:dateEffetCategPers>2017-01-01</ns0:dateEffetCategPers><ns0:libSitCategPers>Mise en recouvrement</ns0:libSitCategPers><ns0:libSitCategPersSilo>Mise en recouvrement</ns0:libSitCategPersSilo><ns0:dateSitCategPers>2017-01-01</ns0:dateSitCategPers></ns0:CategPersonnelAdherente></ns0:ContratCollAdherente></ns0:ContratAdherente></ns0:Adhesion><ns0:Adhesion><ns0:idAdhesion>RG129441359S3745693</ns0:idAdhesion><ns0:dateEffetAdhesion>2007-07-01</ns0:dateEffetAdhesion><ns0:codeSitAdhesion>VALID</ns0:codeSitAdhesion><ns0:libSitAdhesion>Validé</ns0:libSitAdhesion><ns0:codeSitAdhesionSilo>V</ns0:codeSitAdhesionSilo><ns0:libSitAdhesionSilo>Valider</ns0:libSitAdhesionSilo><ns0:dateSitAdhesion>2007-07-01</ns0:dateSitAdhesion><ns0:IdentSiloAdherente><ns0:idSilo>S3745693</ns0:idSilo><ns0:codeAppli>A0499</ns0:codeAppli><ns0:libAppli>EGESPER</ns0:libAppli></ns0:IdentSiloAdherente><ns0:SignaletiqueAdherentePM><ns0:raisonSociale>SAFRAN INFORMATIQUE</ns0:raisonSociale></ns0:SignaletiqueAdherentePM><ns0:ContratAdherente><ns0:IdentContratAdherente><ns0:IdentSiloContrat><ns0:idSilo>RG129441359S3745693</ns0:idSilo><ns0:libNomSilo>ERE PTV2/3</ns0:libNomSilo><ns0:codeAppli>A0252</ns0:codeAppli><ns0:libAppli>PTV</ns0:libAppli><ns0:codeSysInfo>ERE</ns0:codeSysInfo><ns0:libSysInfo>Epargne Retraite Entreprise</ns0:libSysInfo></ns0:IdentSiloContrat><ns0:IdentContratPere><ns0:IdentsPere><ns0:valeurId>RG129441359</ns0:valeurId><ns0:typeId>CONTRAT</ns0:typeId></ns0:IdentsPere></ns0:IdentContratPere></ns0:IdentContratAdherente><ns0:ContratCollAdherente><ns0:CategPersonnelAdherente><ns0:idCategPers>5532</ns0:idCategPers><ns0:codeCategPers>99</ns0:codeCategPers><ns0:libCategPers>Ingénieurs et Cadres relevant de l'article 4 de la Convention Nationale AGIRC du 14 mars 1947</ns0:libCategPers><ns0:codeSitCategPers>STOPQT</ns0:codeSitCategPers><ns0:codeSitCategPersSilo>Q</ns0:codeSitCategPersSilo><ns0:dateEffetCategPers>2007-07-01</ns0:dateEffetCategPers><ns0:libSitCategPers>Arrêt de quittancement</ns0:libSitCategPers><ns0:libSitCategPersSilo>Arrêt de quittancement</ns0:libSitCategPersSilo><ns0:dateSitCategPers>2011-01-01</ns0:dateSitCategPers></ns0:CategPersonnelAdherente><ns0:CategPersonnelAdherente><ns0:idCategPers>12215</ns0:idCategPers><ns0:codeCategPers>99</ns0:codeCategPers><ns0:libCategPers>Personnel relevant de la décision unilatérale de l'employeur du 20 mars 2017</ns0:libCategPers><ns0:codeSitCategPers>STOPQT</ns0:codeSitCategPers><ns0:codeSitCategPersSilo>Q</ns0:codeSitCategPersSilo><ns0:dateEffetCategPers>2017-01-01</ns0:dateEffetCategPers><ns0:libSitCategPers>Arrêt de quittancement</ns0:libSitCategPers><ns0:libSitCategPersSilo>Arrêt de quittancement</ns0:libSitCategPersSilo><ns0:dateSitCategPers>2017-01-01</ns0:dateSitCategPers></ns0:CategPersonnelAdherente></ns0:ContratCollAdherente></ns0:ContratAdherente></ns0:Adhesion><ns0:Adhesion><ns0:idAdhesion>RG129441359S0135834</ns0:idAdhesion><ns0:dateEffetAdhesion>2007-07-01</ns0:dateEffetAdhesion><ns0:codeSitAdhesion>VALID</ns0:codeSitAdhesion><ns0:libSitAdhesion>Validé</ns0:libSitAdhesion><ns0:codeSitAdhesionSilo>V</ns0:codeSitAdhesionSilo><ns0:libSitAdhesionSilo>Valider</ns0:libSitAdhesionSilo><ns0:dateSitAdhesion>2007-07-01</ns0:dateSitAdhesion><ns0:IdentSiloAdherente><ns0:idSilo>S0135834</ns0:idSilo><ns0:codeAppli>A0499</ns0:codeAppli><ns0:libAppli>EGESPER</ns0:libAppli></ns0:IdentSiloAdherente><ns0:SignaletiqueAdherentePM><ns0:raisonSociale>SAFRAN CERAMICS</ns0:raisonSociale></ns0:SignaletiqueAdherentePM><ns0:ContratAdherente><ns0:IdentContratAdherente><ns0:IdentSiloContrat><ns0:idSilo>RG129441359S0135834</ns0:idSilo><ns0:libNomSilo>ERE PTV2/3</ns0:libNomSilo><ns0:codeAppli>A0252</ns0:codeAppli><ns0:libAppli>PTV</ns0:libAppli><ns0:codeSysInfo>ERE</ns0:codeSysInfo><ns0:libSysInfo>Epargne Retraite Entreprise</ns0:libSysInfo></ns0:IdentSiloContrat><ns0:IdentContratPere><ns0:IdentsPere><ns0:valeurId>RG129441359</ns0:valeurId><ns0:typeId>CONTRAT</ns0:typeId></ns0:IdentsPere></ns0:IdentContratPere></ns0:IdentContratAdherente><ns0:ContratCollAdherente><ns0:CategPersonnelAdherente><ns0:idCategPers>5527</ns0:idCategPers><ns0:codeCategPers>99</ns0:codeCategPers><ns0:libCategPers>Ingénieurs et Cadres relevant de l'article 4 de la Convention Nationale AGIRC du 14 mars 1947</ns0:libCategPers><ns0:codeSitCategPers>RECOUV</ns0:codeSitCategPers><ns0:codeSitCategPersSilo>R</ns0:codeSitCategPersSilo><ns0:dateEffetCategPers>2007-07-01</ns0:dateEffetCategPers><ns0:libSitCategPers>Mise en recouvrement</ns0:libSitCategPers><ns0:libSitCategPersSilo>Mise en recouvrement</ns0:libSitCategPersSilo><ns0:dateSitCategPers>2007-07-01</ns0:dateSitCategPers></ns0:CategPersonnelAdherente><ns0:CategPersonnelAdherente><ns0:idCategPers>12209</ns0:idCategPers><ns0:codeCategPers>99</ns0:codeCategPers><ns0:libCategPers>Personnel relevant de la décision unilatérale de l'employeur du 20 mars 2017</ns0:libCategPers><ns0:codeSitCategPers>RECOUV</ns0:codeSitCategPers><ns0:codeSitCategPersSilo>R</ns0:codeSitCategPersSilo><ns0:dateEffetCategPers>2017-01-01</ns0:dateEffetCategPers><ns0:libSitCategPers>Mise en recouvrement</ns0:libSitCategPers><ns0:libSitCategPersSilo>Mise en recouvrement</ns0:libSitCategPersSilo><ns0:dateSitCategPers>2019-01-01</ns0:dateSitCategPers></ns0:CategPersonnelAdherente></ns0:ContratCollAdherente></ns0:ContratAdherente></ns0:Adhesion><ns0:Adhesion><ns0:idAdhesion>RG129441359S2252276</ns0:idAdhesion><ns0:dateEffetAdhesion>2007-07-01</ns0:dateEffetAdhesion><ns0:codeSitAdhesion>VALID</ns0:codeSitAdhesion><ns0:libSitAdhesion>Validé</ns0:libSitAdhesion><ns0:codeSitAdhesionSilo>V</ns0:codeSitAdhesionSilo><ns0:libSitAdhesionSilo>Valider</ns0:libSitAdhesionSilo><ns0:dateSitAdhesion>2007-07-01</ns0:dateSitAdhesion><ns0:IdentSiloAdherente><ns0:idSilo>S2252276</ns0:idSilo><ns0:codeAppli>A0499</ns0:codeAppli><ns0:libAppli>EGESPER</ns0:libAppli></ns0:IdentSiloAdherente><ns0:SignaletiqueAdherentePM><ns0:raisonSociale>SAFRAN CONSULTING</ns0:raisonSociale></ns0:SignaletiqueAdherentePM><ns0:ContratAdherente><ns0:IdentContratAdherente><ns0:IdentSiloContrat><ns0:idSilo>RG129441359S2252276</ns0:idSilo><ns0:libNomSilo>ERE PTV2/3</ns0:libNomSilo><ns0:codeAppli>A0252</ns0:codeAppli><ns0:libAppli>PTV</ns0:libAppli><ns0:codeSysInfo>ERE</ns0:codeSysInfo><ns0:libSysInfo>Epargne Retraite Entreprise</ns0:libSysInfo></ns0:IdentSiloContrat><ns0:IdentContratPere><ns0:IdentsPere><ns0:valeurId>RG129441359</ns0:valeurId><ns0:typeId>CONTRAT</ns0:typeId></ns0:IdentsPere></ns0:IdentContratPere></ns0:IdentContratAdherente><ns0:ContratCollAdherente><ns0:CategPersonnelAdherente><ns0:idCategPers>5529</ns0:idCategPers><ns0:codeCategPers>99</ns0:codeCategPers><ns0:libCategPers>Ingénieurs et Cadres relevant de l'article 4 de la Convention Nationale AGIRC du 14 mars 1947</ns0:libCategPers><ns0:codeSitCategPers>STOPQT</ns0:codeSitCategPers><ns0:codeSitCategPersSilo>Q</ns0:codeSitCategPersSilo><ns0:dateEffetCategPers>2007-07-01</ns0:dateEffetCategPers><ns0:libSitCategPers>Arrêt de quittancement</ns0:libSitCategPers><ns0:libSitCategPersSilo>Arrêt de quittancement</ns0:libSitCategPersSilo><ns0:dateSitCategPers>2016-10-01</ns0:dateSitCategPers></ns0:CategPersonnelAdherente><ns0:CategPersonnelAdherente><ns0:idCategPers>12210</ns0:idCategPers><ns0:codeCategPers>99</ns0:codeCategPers><ns0:libCategPers>Personnel relevant de la décision unilatérale de l'employeur du 20 mars 2017</ns0:libCategPers><ns0:codeSitCategPers>STOPQT</ns0:codeSitCategPers><ns0:codeSitCategPersSilo>Q</ns0:codeSitCategPersSilo><ns0:dateEffetCategPers>2017-01-01</ns0:dateEffetCategPers><ns0:libSitCategPers>Arrêt de quittancement</ns0:libSitCategPers><ns0:libSitCategPersSilo>Arrêt de quittancement</ns0:libSitCategPersSilo><ns0:dateSitCategPers>2017-01-01</ns0:dateSitCategPers></ns0:CategPersonnelAdherente></ns0:ContratCollAdherente></ns0:ContratAdherente></ns0:Adhesion><ns0:Adhesion><ns0:idAdhesion>RG129441359S3742549</ns0:idAdhesion><ns0:dateEffetAdhesion>2007-07-01</ns0:dateEffetAdhesion><ns0:codeSitAdhesion>VALID</ns0:codeSitAdhesion><ns0:libSitAdhesion>Validé</ns0:libSitAdhesion><ns0:codeSitAdhesionSilo>V</ns0:codeSitAdhesionSilo><ns0:libSitAdhesionSilo>Valider</ns0:libSitAdhesionSilo><ns0:dateSitAdhesion>2007-07-01</ns0:dateSitAdhesion><ns0:IdentSiloAdherente><ns0:idSilo>S3742549</ns0:idSilo><ns0:codeAppli>A0499</ns0:codeAppli><ns0:libAppli>EGESPER</ns0:libAppli></ns0:IdentSiloAdherente><ns0:SignaletiqueAdherentePM><ns0:raisonSociale>SAFRAN SYSTEM AEROSTRUCTURES</ns0:raisonSociale></ns0:SignaletiqueAdherentePM><ns0:ContratAdherente><ns0:IdentContratAdherente><ns0:IdentSiloContrat><ns0:idSilo>RG129441359S3742549</ns0:idSilo><ns0:libNomSilo>ERE PTV2/3</ns0:libNomSilo><ns0:codeAppli>A0252</ns0:codeAppli><ns0:libAppli>PTV</ns0:libAppli><ns0:codeSysInfo>ERE</ns0:codeSysInfo><ns0:libSysInfo>Epargne Retraite Entreprise</ns0:libSysInfo></ns0:IdentSiloContrat><ns0:IdentContratPere><ns0:IdentsPere><ns0:valeurId>RG129441359</ns0:valeurId><ns0:typeId>CONTRAT</ns0:typeId></ns0:IdentsPere></ns0:IdentContratPere></ns0:IdentContratAdherente><ns0:ContratCollAdherente><ns0:CategPersonnelAdherente><ns0:idCategPers>5531</ns0:idCategPers><ns0:codeCategPers>99</ns0:codeCategPers><ns0:libCategPers>Ingénieurs et Cadres relevant de l'article 4 de la Convention Nationale AGIRC du 14 mars 1947</ns0:libCategPers><ns0:codeSitCategPers>RECOUV</ns0:codeSitCategPers><ns0:codeSitCategPersSilo>R</ns0:codeSitCategPersSilo><ns0:dateEffetCategPers>2007-07-01</ns0:dateEffetCategPers><ns0:libSitCategPers>Mise en recouvrement</ns0:libSitCategPers><ns0:libSitCategPersSilo>Mise en recouvrement</ns0:libSitCategPersSilo><ns0:dateSitCategPers>2007-07-01</ns0:dateSitCategPers></ns0:CategPersonnelAdherente><ns0:CategPersonnelAdherente><ns0:idCategPers>12225</ns0:idCategPers><ns0:codeCategPers>99</ns0:codeCategPers><ns0:libCategPers>Personnel relevant de la décision unilatérale de l'employeur du 20 mars 2017</ns0:libCategPers><ns0:codeSitCategPers>STOPQT</ns0:codeSitCategPers><ns0:codeSitCategPersSilo>Q</ns0:codeSitCategPersSilo><ns0:dateEffetCategPers>2017-01-01</ns0:dateEffetCategPers><ns0:libSitCategPers>Arrêt de quittancement</ns0:libSitCategPers><ns0:libSitCategPersSilo>Arrêt de quittancement</ns0:libSitCategPersSilo><ns0:dateSitCategPers>2017-01-01</ns0:dateSitCategPers></ns0:CategPersonnelAdherente></ns0:ContratCollAdherente></ns0:ContratAdherente></ns0:Adhesion><ns0:Adhesion><ns0:idAdhesion>RG129441359S4466413</ns0:idAdhesion><ns0:dateEffetAdhesion>2016-07-01</ns0:dateEffetAdhesion><ns0:codeSitAdhesion>VALID</ns0:codeSitAdhesion><ns0:libSitAdhesion>Validé</ns0:libSitAdhesion><ns0:codeSitAdhesionSilo>V</ns0:codeSitAdhesionSilo><ns0:libSitAdhesionSilo>Valider</ns0:libSitAdhesionSilo><ns0:dateSitAdhesion>2016-07-01</ns0:dateSitAdhesion><ns0:IdentSiloAdherente><ns0:idSilo>S4466413</ns0:idSilo><ns0:codeAppli>A0499</ns0:codeAppli><ns0:libAppli>EGESPER</ns0:libAppli></ns0:IdentSiloAdherente><ns0:SignaletiqueAdherentePM><ns0:raisonSociale>AIRBUS SAFRAN LAUNCHERS HOLDING</ns0:raisonSociale></ns0:SignaletiqueAdherentePM><ns0:ContratAdherente><ns0:IdentContratAdherente><ns0:IdentSiloContrat><ns0:idSilo>RG129441359S4466413</ns0:idSilo><ns0:libNomSilo>ERE PTV2/3</ns0:libNomSilo><ns0:codeAppli>A0252</ns0:codeAppli><ns0:libAppli>PTV</ns0:libAppli><ns0:codeSysInfo>ERE</ns0:codeSysInfo><ns0:libSysInfo>Epargne Retraite Entreprise</ns0:libSysInfo></ns0:IdentSiloContrat><ns0:IdentContratPere><ns0:IdentsPere><ns0:valeurId>RG129441359</ns0:valeurId><ns0:typeId>CONTRAT</ns0:typeId></ns0:IdentsPere></ns0:IdentContratPere></ns0:IdentContratAdherente><ns0:ContratCollAdherente><ns0:CategPersonnelAdherente><ns0:idCategPers>12202</ns0:idCategPers><ns0:codeCategPers>99</ns0:codeCategPers><ns0:libCategPers>Personnel relevant de la décision unilatérale de l'employeur du 20 mars 2017</ns0:libCategPers><ns0:codeSitCategPers>STOPQT</ns0:codeSitCategPers><ns0:codeSitCategPersSilo>Q</ns0:codeSitCategPersSilo><ns0:dateEffetCategPers>2017-01-01</ns0:dateEffetCategPers><ns0:libSitCategPers>Arrêt de quittancement</ns0:libSitCategPers><ns0:libSitCategPersSilo>Arrêt de quittancement</ns0:libSitCategPersSilo><ns0:dateSitCategPers>2017-10-01</ns0:dateSitCategPers></ns0:CategPersonnelAdherente><ns0:CategPersonnelAdherente><ns0:idCategPers>12150</ns0:idCategPers><ns0:codeCategPers>99</ns0:codeCategPers><ns0:libCategPers>Ingénieurs et Cadres relevant de l'article 4 de la Convention Nationale AGIRC du 14 mars 1947</ns0:libCategPers><ns0:codeSitCategPers>STOPQT</ns0:codeSitCategPers><ns0:codeSitCategPersSilo>Q</ns0:codeSitCategPersSilo><ns0:dateEffetCategPers>2016-07-01</ns0:dateEffetCategPers><ns0:libSitCategPers>Arrêt de quittancement</ns0:libSitCategPers><ns0:libSitCategPersSilo>Arrêt de quittancement</ns0:libSitCategPersSilo><ns0:dateSitCategPers>2017-10-01</ns0:dateSitCategPers></ns0:CategPersonnelAdherente></ns0:ContratCollAdherente></ns0:ContratAdherente></ns0:Adhesion><ns0:Adhesion><ns0:idAdhesion>RG129441359S4315280</ns0:idAdhesion><ns0:dateEffetAdhesion>2013-01-01</ns0:dateEffetAdhesion><ns0:codeSitAdhesion>VALID</ns0:codeSitAdhesion><ns0:libSitAdhesion>Validé</ns0:libSitAdhesion><ns0:codeSitAdhesionSilo>V</ns0:codeSitAdhesionSilo><ns0:libSitAdhesionSilo>Valider</ns0:libSitAdhesionSilo><ns0:dateSitAdhesion>2013-01-01</ns0:dateSitAdhesion><ns0:IdentSiloAdherente><ns0:idSilo>S4315280</ns0:idSilo><ns0:codeAppli>A0499</ns0:codeAppli><ns0:libAppli>EGESPER</ns0:libAppli></ns0:IdentSiloAdherente><ns0:SignaletiqueAdherentePM><ns0:raisonSociale>SAFRAN VENTILATION SYSTEMS</ns0:raisonSociale></ns0:SignaletiqueAdherentePM><ns0:ContratAdherente><ns0:IdentContratAdherente><ns0:IdentSiloContrat><ns0:idSilo>RG129441359S4315280</ns0:idSilo><ns0:libNomSilo>ERE PTV2/3</ns0:libNomSilo><ns0:codeAppli>A0252</ns0:codeAppli><ns0:libAppli>PTV</ns0:libAppli><ns0:codeSysInfo>ERE</ns0:codeSysInfo><ns0:libSysInfo>Epargne Retraite Entreprise</ns0:libSysInfo></ns0:IdentSiloContrat><ns0:IdentContratPere><ns0:IdentsPere><ns0:valeurId>RG129441359</ns0:valeurId><ns0:typeId>CONTRAT</ns0:typeId></ns0:IdentsPere></ns0:IdentContratPere></ns0:IdentContratAdherente><ns0:ContratCollAdherente><ns0:CategPersonnelAdherente><ns0:idCategPers>10474</ns0:idCategPers><ns0:codeCategPers>99</ns0:codeCategPers><ns0:libCategPers>Ingénieurs et Cadres relevant de l'article 4 de la Convention Nationale AGIRC du 14 mars 1947</ns0:libCategPers><ns0:codeSitCategPers>RECOUV</ns0:codeSitCategPers><ns0:codeSitCategPersSilo>R</ns0:codeSitCategPersSilo><ns0:dateEffetCategPers>2013-01-01</ns0:dateEffetCategPers><ns0:libSitCategPers>Mise en recouvrement</ns0:libSitCategPers><ns0:libSitCategPersSilo>Mise en recouvrement</ns0:libSitCategPersSilo><ns0:dateSitCategPers>2013-01-01</ns0:dateSitCategPers></ns0:CategPersonnelAdherente><ns0:CategPersonnelAdherente><ns0:idCategPers>12227</ns0:idCategPers><ns0:codeCategPers>99</ns0:codeCategPers><ns0:libCategPers>Personnel relevant de la décision unilatérale de l'employeur du 20 mars 2017</ns0:libCategPers><ns0:codeSitCategPers>RECOUV</ns0:codeSitCategPers><ns0:codeSitCategPersSilo>R</ns0:codeSitCategPersSilo><ns0:dateEffetCategPers>2017-01-01</ns0:dateEffetCategPers><ns0:libSitCategPers>Mise en recouvrement</ns0:libSitCategPers><ns0:libSitCategPersSilo>Mise en recouvrement</ns0:libSitCategPersSilo><ns0:dateSitCategPers>2017-01-01</ns0:dateSitCategPers></ns0:CategPersonnelAdherente></ns0:ContratCollAdherente></ns0:ContratAdherente></ns0:Adhesion><ns0:Adhesion><ns0:idAdhesion>RG129441359S4466410</ns0:idAdhesion><ns0:dateEffetAdhesion>2016-07-01</ns0:dateEffetAdhesion><ns0:codeSitAdhesion>VALID</ns0:codeSitAdhesion><ns0:libSitAdhesion>Validé</ns0:libSitAdhesion><ns0:codeSitAdhesionSilo>V</ns0:codeSitAdhesionSilo><ns0:libSitAdhesionSilo>Valider</ns0:libSitAdhesionSilo><ns0:dateSitAdhesion>2016-07-01</ns0:dateSitAdhesion><ns0:IdentSiloAdherente><ns0:idSilo>S4466410</ns0:idSilo><ns0:codeAppli>A0499</ns0:codeAppli><ns0:libAppli>EGESPER</ns0:libAppli></ns0:IdentSiloAdherente><ns0:SignaletiqueAdherentePM><ns0:raisonSociale>ARIANEGROUP SAS</ns0:raisonSociale></ns0:SignaletiqueAdherentePM><ns0:ContratAdherente><ns0:IdentContratAdherente><ns0:IdentSiloContrat><ns0:idSilo>RG129441359S4466410</ns0:idSilo><ns0:libNomSilo>ERE PTV2/3</ns0:libNomSilo><ns0:codeAppli>A0252</ns0:codeAppli><ns0:libAppli>PTV</ns0:libAppli><ns0:codeSysInfo>ERE</ns0:codeSysInfo><ns0:libSysInfo>Epargne Retraite Entreprise</ns0:libSysInfo></ns0:IdentSiloContrat><ns0:IdentContratPere><ns0:IdentsPere><ns0:valeurId>RG129441359</ns0:valeurId><ns0:typeId>CONTRAT</ns0:typeId></ns0:IdentsPere></ns0:IdentContratPere></ns0:IdentContratAdherente><ns0:ContratCollAdherente><ns0:CategPersonnelAdherente><ns0:idCategPers>12203</ns0:idCategPers><ns0:codeCategPers>99</ns0:codeCategPers><ns0:libCategPers>Personnel relevant de la décision unilatérale de l'employeur du 20 mars 2017</ns0:libCategPers><ns0:codeSitCategPers>STOPQT</ns0:codeSitCategPers><ns0:codeSitCategPersSilo>Q</ns0:codeSitCategPersSilo><ns0:dateEffetCategPers>2017-01-01</ns0:dateEffetCategPers><ns0:libSitCategPers>Arrêt de quittancement</ns0:libSitCategPers><ns0:libSitCategPersSilo>Arrêt de quittancement</ns0:libSitCategPersSilo><ns0:dateSitCategPers>2018-01-01</ns0:dateSitCategPers></ns0:CategPersonnelAdherente><ns0:CategPersonnelAdherente><ns0:idCategPers>12151</ns0:idCategPers><ns0:codeCategPers>99</ns0:codeCategPers><ns0:libCategPers>Ingénieurs et Cadres relevant de l'article 4 de la Convention Nationale AGIRC du 14 mars 1947</ns0:libCategPers><ns0:codeSitCategPers>STOPQT</ns0:codeSitCategPers><ns0:codeSitCategPersSilo>Q</ns0:codeSitCategPersSilo><ns0:dateEffetCategPers>2016-07-01</ns0:dateEffetCategPers><ns0:libSitCategPers>Arrêt de quittancement</ns0:libSitCategPers><ns0:libSitCategPersSilo>Arrêt de quittancement</ns0:libSitCategPersSilo><ns0:dateSitCategPers>2018-01-01</ns0:dateSitCategPers></ns0:CategPersonnelAdherente></ns0:ContratCollAdherente></ns0:ContratAdherente></ns0:Adhesion><ns0:Adhesion><ns0:idAdhesion>RG129441359S4335123</ns0:idAdhesion><ns0:dateEffetAdhesion>2014-01-01</ns0:dateEffetAdhesion><ns0:codeSitAdhesion>VALID</ns0:codeSitAdhesion><ns0:libSitAdhesion>Validé</ns0:libSitAdhesion><ns0:codeSitAdhesionSilo>V</ns0:codeSitAdhesionSilo><ns0:libSitAdhesionSilo>Valider</ns0:libSitAdhesionSilo><ns0:dateSitAdhesion>2014-01-01</ns0:dateSitAdhesion><ns0:IdentSiloAdherente><ns0:idSilo>S4335123</ns0:idSilo><ns0:codeAppli>A0499</ns0:codeAppli><ns0:libAppli>EGESPER</ns0:libAppli></ns0:IdentSiloAdherente><ns0:SignaletiqueAdherentePM><ns0:raisonSociale>SAFRAN ELECTRICAL &amp; POWER</ns0:raisonSociale></ns0:SignaletiqueAdherentePM><ns0:ContratAdherente><ns0:IdentContratAdherente><ns0:IdentSiloContrat><ns0:idSilo>RG129441359S4335123</ns0:idSilo><ns0:libNomSilo>ERE PTV2/3</ns0:libNomSilo><ns0:codeAppli>A0252</ns0:codeAppli><ns0:libAppli>PTV</ns0:libAppli><ns0:codeSysInfo>ERE</ns0:codeSysInfo><ns0:libSysInfo>Epargne Retraite Entreprise</ns0:libSysInfo></ns0:IdentSiloContrat><ns0:IdentContratPere><ns0:IdentsPere><ns0:valeurId>RG129441359</ns0:valeurId><ns0:typeId>CONTRAT</ns0:typeId></ns0:IdentsPere></ns0:IdentContratPere></ns0:IdentContratAdherente><ns0:ContratCollAdherente><ns0:CategPersonnelAdherente><ns0:idCategPers>10724</ns0:idCategPers><ns0:codeCategPers>99</ns0:codeCategPers><ns0:libCategPers>Ingénieurs et Cadres relevant de l'article 4 de la Convention Nationale AGIRC du 14 mars 1947</ns0:libCategPers><ns0:codeSitCategPers>RECOUV</ns0:codeSitCategPers><ns0:codeSitCategPersSilo>R</ns0:codeSitCategPersSilo><ns0:dateEffetCategPers>2014-01-01</ns0:dateEffetCategPers><ns0:libSitCategPers>Mise en recouvrement</ns0:libSitCategPers><ns0:libSitCategPersSilo>Mise en recouvrement</ns0:libSitCategPersSilo><ns0:dateSitCategPers>2014-01-01</ns0:dateSitCategPers></ns0:CategPersonnelAdherente><ns0:CategPersonnelAdherente><ns0:idCategPers>12211</ns0:idCategPers><ns0:codeCategPers>99</ns0:codeCategPers><ns0:libCategPers>Personnel relevant de la décision unilatérale de l'employeur du 20 mars 2017</ns0:libCategPers><ns0:codeSitCategPers>RECOUV</ns0:codeSitCategPers><ns0:codeSitCategPersSilo>R</ns0:codeSitCategPersSilo><ns0:dateEffetCategPers>2017-01-01</ns0:dateEffetCategPers><ns0:libSitCategPers>Mise en recouvrement</ns0:libSitCategPers><ns0:libSitCategPersSilo>Mise en recouvrement</ns0:libSitCategPersSilo><ns0:dateSitCategPers>2017-01-01</ns0:dateSitCategPers></ns0:CategPersonnelAdherente></ns0:ContratCollAdherente></ns0:ContratAdherente></ns0:Adhesion><ns0:Adhesion><ns0:idAdhesion>RG129441359S3958381</ns0:idAdhesion><ns0:dateEffetAdhesion>2009-01-01</ns0:dateEffetAdhesion><ns0:codeSitAdhesion>VALID</ns0:codeSitAdhesion><ns0:libSitAdhesion>Validé</ns0:libSitAdhesion><ns0:codeSitAdhesionSilo>V</ns0:codeSitAdhesionSilo><ns0:libSitAdhesionSilo>Valider</ns0:libSitAdhesionSilo><ns0:dateSitAdhesion>2010-02-17</ns0:dateSitAdhesion><ns0:IdentSiloAdherente><ns0:idSilo>S3958381</ns0:idSilo><ns0:codeAppli>A0499</ns0:codeAppli><ns0:libAppli>EGESPER</ns0:libAppli></ns0:IdentSiloAdherente><ns0:SignaletiqueAdherentePM><ns0:raisonSociale>SAFRAN ELECTRONICS &amp; DEFENSE</ns0:raisonSociale></ns0:SignaletiqueAdherentePM><ns0:ContratAdherente><ns0:IdentContratAdherente><ns0:IdentSiloContrat><ns0:idSilo>RG129441359S3958381</ns0:idSilo><ns0:libNomSilo>ERE PTV2/3</ns0:libNomSilo><ns0:codeAppli>A0252</ns0:codeAppli><ns0:libAppli>PTV</ns0:libAppli><ns0:codeSysInfo>ERE</ns0:codeSysInfo><ns0:libSysInfo>Epargne Retraite Entreprise</ns0:libSysInfo></ns0:IdentSiloContrat><ns0:IdentContratPere><ns0:IdentsPere><ns0:valeurId>RG129441359</ns0:valeurId><ns0:typeId>CONTRAT</ns0:typeId></ns0:IdentsPere></ns0:IdentContratPere></ns0:IdentContratAdherente><ns0:ContratCollAdherente><ns0:CategPersonnelAdherente><ns0:idCategPers>7793</ns0:idCategPers><ns0:codeCategPers>99</ns0:codeCategPers><ns0:libCategPers>Ingénieurs et Cadres relevant de l'article 4 de la Convention Nationale AGIRC du 14 mars 1947</ns0:libCategPers><ns0:codeSitCategPers>RECOUV</ns0:codeSitCategPers><ns0:codeSitCategPersSilo>R</ns0:codeSitCategPersSilo><ns0:dateEffetCategPers>2009-01-01</ns0:dateEffetCategPers><ns0:libSitCategPers>Mise en recouvrement</ns0:libSitCategPers><ns0:libSitCategPersSilo>Mise en recouvrement</ns0:libSitCategPersSilo><ns0:dateSitCategPers>2009-01-01</ns0:dateSitCategPers></ns0:CategPersonnelAdherente><ns0:CategPersonnelAdherente><ns0:idCategPers>12212</ns0:idCategPers><ns0:codeCategPers>99</ns0:codeCategPers><ns0:libCategPers>Personnel relevant de la décision unilatérale de l'employeur du 20 mars 2017</ns0:libCategPers><ns0:codeSitCategPers>RECOUV</ns0:codeSitCategPers><ns0:codeSitCategPersSilo>R</ns0:codeSitCategPersSilo><ns0:dateEffetCategPers>2017-01-01</ns0:dateEffetCategPers><ns0:libSitCategPers>Mise en recouvrement</ns0:libSitCategPers><ns0:libSitCategPersSilo>Mise en recouvrement</ns0:libSitCategPersSilo><ns0:dateSitCategPers>2017-01-01</ns0:dateSitCategPers></ns0:CategPersonnelAdherente></ns0:ContratCollAdherente></ns0:ContratAdherente></ns0:Adhesion><ns0:Adhesion><ns0:idAdhesion>RG129441359S4035930</ns0:idAdhesion><ns0:dateEffetAdhesion>2009-01-01</ns0:dateEffetAdhesion><ns0:codeSitAdhesion>VALID</ns0:codeSitAdhesion><ns0:libSitAdhesion>Validé</ns0:libSitAdhesion><ns0:codeSitAdhesionSilo>V</ns0:codeSitAdhesionSilo><ns0:libSitAdhesionSilo>Valider</ns0:libSitAdhesionSilo><ns0:dateSitAdhesion>2010-02-17</ns0:dateSitAdhesion><ns0:IdentSiloAdherente><ns0:idSilo>S4035930</ns0:idSilo><ns0:codeAppli>A0499</ns0:codeAppli><ns0:libAppli>EGESPER</ns0:libAppli></ns0:IdentSiloAdherente><ns0:SignaletiqueAdherentePM><ns0:raisonSociale>IDEMIA IDENTITY &amp; SECURITY FRANCE</ns0:raisonSociale></ns0:SignaletiqueAdherentePM><ns0:ContratAdherente><ns0:IdentContratAdherente><ns0:IdentSiloContrat><ns0:idSilo>RG129441359S4035930</ns0:idSilo><ns0:libNomSilo>ERE PTV2/3</ns0:libNomSilo><ns0:codeAppli>A0252</ns0:codeAppli><ns0:libAppli>PTV</ns0:libAppli><ns0:codeSysInfo>ERE</ns0:codeSysInfo><ns0:libSysInfo>Epargne Retraite Entreprise</ns0:libSysInfo></ns0:IdentSiloContrat><ns0:IdentContratPere><ns0:IdentsPere><ns0:valeurId>RG129441359</ns0:valeurId><ns0:typeId>CONTRAT</ns0:typeId></ns0:IdentsPere></ns0:IdentContratPere></ns0:IdentContratAdherente><ns0:ContratCollAdherente><ns0:CategPersonnelAdherente><ns0:idCategPers>7818</ns0:idCategPers><ns0:codeCategPers>99</ns0:codeCategPers><ns0:libCategPers>Ingénieurs et Cadres relevant de l'article 4 de la Convention Nationale AGIRC du 14 mars 1947</ns0:libCategPers><ns0:codeSitCategPers>RECOUV</ns0:codeSitCategPers><ns0:codeSitCategPersSilo>R</ns0:codeSitCategPersSilo><ns0:dateEffetCategPers>2009-01-01</ns0:dateEffetCategPers><ns0:libSitCategPers>Mise en recouvrement</ns0:libSitCategPers><ns0:libSitCategPersSilo>Mise en recouvrement</ns0:libSitCategPersSilo><ns0:dateSitCategPers>2009-01-01</ns0:dateSitCategPers></ns0:CategPersonnelAdherente><ns0:CategPersonnelAdherente><ns0:idCategPers>12214</ns0:idCategPers><ns0:codeCategPers>99</ns0:codeCategPers><ns0:libCategPers>Personnel relevant de la décision unilatérale de l'employeur du 20 mars 2017</ns0:libCategPers><ns0:codeSitCategPers>RECOUV</ns0:codeSitCategPers><ns0:codeSitCategPersSilo>R</ns0:codeSitCategPersSilo><ns0:dateEffetCategPers>2017-01-01</ns0:dateEffetCategPers><ns0:libSitCategPers>Mise en recouvrement</ns0:libSitCategPers><ns0:libSitCategPersSilo>Mise en recouvrement</ns0:libSitCategPersSilo><ns0:dateSitCategPers>2017-01-01</ns0:dateSitCategPers></ns0:CategPersonnelAdherente></ns0:ContratCollAdherente></ns0:ContratAdherente></ns0:Adhesion><ns0:Adhesion><ns0:idAdhesion>RG129441359S4363665</ns0:idAdhesion><ns0:dateEffetAdhesion>2014-01-01</ns0:dateEffetAdhesion><ns0:codeSitAdhesion>VALID</ns0:codeSitAdhesion><ns0:libSitAdhesion>Validé</ns0:libSitAdhesion><ns0:codeSitAdhesionSilo>V</ns0:codeSitAdhesionSilo><ns0:libSitAdhesionSilo>Valider</ns0:libSitAdhesionSilo><ns0:dateSitAdhesion>2014-01-01</ns0:dateSitAdhesion><ns0:IdentSiloAdherente><ns0:idSilo>S4363665</ns0:idSilo><ns0:codeAppli>A0499</ns0:codeAppli><ns0:libAppli>EGESPER</ns0:libAppli></ns0:IdentSiloAdherente><ns0:SignaletiqueAdherentePM><ns0:raisonSociale>SAFRAN AERO COMPOSITE</ns0:raisonSociale></ns0:SignaletiqueAdherentePM><ns0:ContratAdherente><ns0:IdentContratAdherente><ns0:IdentSiloContrat><ns0:idSilo>RG129441359S4363665</ns0:idSilo><ns0:libNomSilo>ERE PTV2/3</ns0:libNomSilo><ns0:codeAppli>A0252</ns0:codeAppli><ns0:libAppli>PTV</ns0:libAppli><ns0:codeSysInfo>ERE</ns0:codeSysInfo><ns0:libSysInfo>Epargne Retraite Entreprise</ns0:libSysInfo></ns0:IdentSiloContrat><ns0:IdentContratPere><ns0:IdentsPere><ns0:valeurId>RG129441359</ns0:valeurId><ns0:typeId>CONTRAT</ns0:typeId></ns0:IdentsPere></ns0:IdentContratPere></ns0:IdentContratAdherente><ns0:ContratCollAdherente><ns0:CategPersonnelAdherente><ns0:idCategPers>10908</ns0:idCategPers><ns0:codeCategPers>99</ns0:codeCategPers><ns0:libCategPers>Ingénieurs et Cadres relevant de l'article 4 de la Convention Nationale AGIRC du 14 mars 1947</ns0:libCategPers><ns0:codeSitCategPers>RECOUV</ns0:codeSitCategPers><ns0:codeSitCategPersSilo>R</ns0:codeSitCategPersSilo><ns0:dateEffetCategPers>2014-01-01</ns0:dateEffetCategPers><ns0:libSitCategPers>Mise en recouvrement</ns0:libSitCategPers><ns0:libSitCategPersSilo>Mise en recouvrement</ns0:libSitCategPersSilo><ns0:dateSitCategPers>2014-01-01</ns0:dateSitCategPers></ns0:CategPersonnelAdherente><ns0:CategPersonnelAdherente><ns0:idCategPers>12207</ns0:idCategPers><ns0:codeCategPers>99</ns0:codeCategPers><ns0:libCategPers>Personnel relevant de la décision unilatérale de l'employeur du 20 mars 2017</ns0:libCategPers><ns0:codeSitCategPers>STOPQT</ns0:codeSitCategPers><ns0:codeSitCategPersSilo>Q</ns0:codeSitCategPersSilo><ns0:dateEffetCategPers>2017-01-01</ns0:dateEffetCategPers><ns0:libSitCategPers>Arrêt de quittancement</ns0:libSitCategPers><ns0:libSitCategPersSilo>Arrêt de quittancement</ns0:libSitCategPersSilo><ns0:dateSitCategPers>2017-01-01</ns0:dateSitCategPers></ns0:CategPersonnelAdherente></ns0:ContratCollAdherente></ns0:ContratAdherente></ns0:Adhesion><ns0:Adhesion><ns0:idAdhesion>RG129441359S0136467</ns0:idAdhesion><ns0:dateEffetAdhesion>2007-07-01</ns0:dateEffetAdhesion><ns0:codeSitAdhesion>VALID</ns0:codeSitAdhesion><ns0:libSitAdhesion>Validé</ns0:libSitAdhesion><ns0:codeSitAdhesionSilo>V</ns0:codeSitAdhesionSilo><ns0:libSitAdhesionSilo>Valider</ns0:libSitAdhesionSilo><ns0:dateSitAdhesion>2007-07-01</ns0:dateSitAdhesion><ns0:IdentSiloAdherente><ns0:idSilo>S0136467</ns0:idSilo><ns0:codeAppli>A0499</ns0:codeAppli><ns0:libAppli>EGESPER</ns0:libAppli></ns0:IdentSiloAdherente><ns0:SignaletiqueAdherentePM><ns0:raisonSociale>SAFRAN NACELLES EUROPE SERVICES</ns0:raisonSociale></ns0:SignaletiqueAdherentePM><ns0:ContratAdherente><ns0:IdentContratAdherente><ns0:IdentSiloContrat><ns0:idSilo>RG129441359S0136467</ns0:idSilo><ns0:libNomSilo>ERE PTV2/3</ns0:libNomSilo><ns0:codeAppli>A0252</ns0:codeAppli><ns0:libAppli>PTV</ns0:libAppli><ns0:codeSysInfo>ERE</ns0:codeSysInfo><ns0:libSysInfo>Epargne Retraite Entreprise</ns0:libSysInfo></ns0:IdentSiloContrat><ns0:IdentContratPere><ns0:IdentsPere><ns0:valeurId>RG129441359</ns0:valeurId><ns0:typeId>CONTRAT</ns0:typeId></ns0:IdentsPere></ns0:IdentContratPere></ns0:IdentContratAdherente><ns0:ContratCollAdherente><ns0:CategPersonnelAdherente><ns0:idCategPers>5536</ns0:idCategPers><ns0:codeCategPers>99</ns0:codeCategPers><ns0:libCategPers>Ingénieurs et Cadres relevant de l'article 4 de la Convention Nationale AGIRC du 14 mars 1947</ns0:libCategPers><ns0:codeSitCategPers>RECOUV</ns0:codeSitCategPers><ns0:codeSitCategPersSilo>R</ns0:codeSitCategPersSilo><ns0:dateEffetCategPers>2007-07-01</ns0:dateEffetCategPers><ns0:libSitCategPers>Mise en recouvrement</ns0:libSitCategPers><ns0:libSitCategPersSilo>Mise en recouvrement</ns0:libSitCategPersSilo><ns0:dateSitCategPers>2019-07-01</ns0:dateSitCategPers></ns0:CategPersonnelAdherente><ns0:CategPersonnelAdherente><ns0:idCategPers>12218</ns0:idCategPers><ns0:codeCategPers>99</ns0:codeCategPers><ns0:libCategPers>Personnel relevant de la décision unilatérale de l'employeur du 20 mars 2017</ns0:libCategPers><ns0:codeSitCategPers>STOPQT</ns0:codeSitCategPers><ns0:codeSitCategPersSilo>Q</ns0:codeSitCategPersSilo><ns0:dateEffetCategPers>2017-01-01</ns0:dateEffetCategPers><ns0:libSitCategPers>Arrêt de quittancement</ns0:libSitCategPers><ns0:libSitCategPersSilo>Arrêt de quittancement</ns0:libSitCategPersSilo><ns0:dateSitCategPers>2017-01-01</ns0:dateSitCategPers></ns0:CategPersonnelAdherente></ns0:ContratCollAdherente></ns0:ContratAdherente></ns0:Adhesion><ns0:Adhesion><ns0:idAdhesion>RG129441359S0113006</ns0:idAdhesion><ns0:dateEffetAdhesion>2007-07-01</ns0:dateEffetAdhesion><ns0:codeSitAdhesion>VALID</ns0:codeSitAdhesion><ns0:libSitAdhesion>Validé</ns0:libSitAdhesion><ns0:codeSitAdhesionSilo>V</ns0:codeSitAdhesionSilo><ns0:libSitAdhesionSilo>Valider</ns0:libSitAdhesionSilo><ns0:dateSitAdhesion>2007-07-01</ns0:dateSitAdhesion><ns0:IdentSiloAdherente><ns0:idSilo>S0113006</ns0:idSilo><ns0:codeAppli>A0499</ns0:codeAppli><ns0:libAppli>EGESPER</ns0:libAppli></ns0:IdentSiloAdherente><ns0:SignaletiqueAdherentePM><ns0:raisonSociale>SAFRAN NACELLES</ns0:raisonSociale></ns0:SignaletiqueAdherentePM><ns0:ContratAdherente><ns0:IdentContratAdherente><ns0:IdentSiloContrat><ns0:idSilo>RG129441359S0113006</ns0:idSilo><ns0:libNomSilo>ERE PTV2/3</ns0:libNomSilo><ns0:codeAppli>A0252</ns0:codeAppli><ns0:libAppli>PTV</ns0:libAppli><ns0:codeSysInfo>ERE</ns0:codeSysInfo><ns0:libSysInfo>Epargne Retraite Entreprise</ns0:libSysInfo></ns0:IdentSiloContrat><ns0:IdentContratPere><ns0:IdentsPere><ns0:valeurId>RG129441359</ns0:valeurId><ns0:typeId>CONTRAT</ns0:typeId></ns0:IdentsPere></ns0:IdentContratPere></ns0:IdentContratAdherente><ns0:ContratCollAdherente><ns0:CategPersonnelAdherente><ns0:idCategPers>5525</ns0:idCategPers><ns0:codeCategPers>99</ns0:codeCategPers><ns0:libCategPers>Ingénieurs et Cadres relevant de l'article 4 de la Convention Nationale AGIRC du 14 mars 1947</ns0:libCategPers><ns0:codeSitCategPers>RECOUV</ns0:codeSitCategPers><ns0:codeSitCategPersSilo>R</ns0:codeSitCategPersSilo><ns0:dateEffetCategPers>2007-07-01</ns0:dateEffetCategPers><ns0:libSitCategPers>Mise en recouvrement</ns0:libSitCategPers><ns0:libSitCategPersSilo>Mise en recouvrement</ns0:libSitCategPersSilo><ns0:dateSitCategPers>2007-07-01</ns0:dateSitCategPers></ns0:CategPersonnelAdherente><ns0:CategPersonnelAdherente><ns0:idCategPers>12219</ns0:idCategPers><ns0:codeCategPers>99</ns0:codeCategPers><ns0:libCategPers>Personnel relevant de la décision unilatérale de l'employeur du 20 mars 2017</ns0:libCategPers><ns0:codeSitCategPers>RECOUV</ns0:codeSitCategPers><ns0:codeSitCategPersSilo>R</ns0:codeSitCategPersSilo><ns0:dateEffetCategPers>2017-01-01</ns0:dateEffetCategPers><ns0:libSitCategPers>Mise en recouvrement</ns0:libSitCategPers><ns0:libSitCategPersSilo>Mise en recouvrement</ns0:libSitCategPersSilo><ns0:dateSitCategPers>2017-01-01</ns0:dateSitCategPers></ns0:CategPersonnelAdherente></ns0:ContratCollAdherente></ns0:ContratAdherente></ns0:Adhesion><ns0:Adhesion><ns0:idAdhesion>RG129441359S0112907</ns0:idAdhesion><ns0:dateEffetAdhesion>2007-07-01</ns0:dateEffetAdhesion><ns0:codeSitAdhesion>VALID</ns0:codeSitAdhesion><ns0:libSitAdhesion>Validé</ns0:libSitAdhesion><ns0:codeSitAdhesionSilo>V</ns0:codeSitAdhesionSilo><ns0:libSitAdhesionSilo>Valider</ns0:libSitAdhesionSilo><ns0:dateSitAdhesion>2007-07-01</ns0:dateSitAdhesion><ns0:IdentSiloAdherente><ns0:idSilo>S0112907</ns0:idSilo><ns0:codeAppli>A0499</ns0:codeAppli><ns0:libAppli>EGESPER</ns0:libAppli></ns0:IdentSiloAdherente><ns0:SignaletiqueAdherentePM><ns0:raisonSociale>SAFRAN TRANSMISSION SYSTEMS</ns0:raisonSociale></ns0:SignaletiqueAdherentePM><ns0:ContratAdherente><ns0:IdentContratAdherente><ns0:IdentSiloContrat><ns0:idSilo>RG129441359S0112907</ns0:idSilo><ns0:libNomSilo>ERE PTV2/3</ns0:libNomSilo><ns0:codeAppli>A0252</ns0:codeAppli><ns0:libAppli>PTV</ns0:libAppli><ns0:codeSysInfo>ERE</ns0:codeSysInfo><ns0:libSysInfo>Epargne Retraite Entreprise</ns0:libSysInfo></ns0:IdentSiloContrat><ns0:IdentContratPere><ns0:IdentsPere><ns0:valeurId>RG129441359</ns0:valeurId><ns0:typeId>CONTRAT</ns0:typeId></ns0:IdentsPere></ns0:IdentContratPere></ns0:IdentContratAdherente><ns0:ContratCollAdherente><ns0:CategPersonnelAdherente><ns0:idCategPers>5521</ns0:idCategPers><ns0:codeCategPers>99</ns0:codeCategPers><ns0:libCategPers>Ingénieurs et Cadres relevant de l'article 4 de la Convention Nationale AGIRC du 14 mars 1947</ns0:libCategPers><ns0:codeSitCategPers>RECOUV</ns0:codeSitCategPers><ns0:codeSitCategPersSilo>R</ns0:codeSitCategPersSilo><ns0:dateEffetCategPers>2007-07-01</ns0:dateEffetCategPers><ns0:libSitCategPers>Mise en recouvrement</ns0:libSitCategPers><ns0:libSitCategPersSilo>Mise en recouvrement</ns0:libSitCategPersSilo><ns0:dateSitCategPers>2007-07-01</ns0:dateSitCategPers></ns0:CategPersonnelAdherente><ns0:CategPersonnelAdherente><ns0:idCategPers>12223</ns0:idCategPers><ns0:codeCategPers>99</ns0:codeCategPers><ns0:libCategPers>Personnel relevant de la décision unilatérale de l'employeur du 20 mars 2017</ns0:libCategPers><ns0:codeSitCategPers>RECOUV</ns0:codeSitCategPers><ns0:codeSitCategPersSilo>R</ns0:codeSitCategPersSilo><ns0:dateEffetCategPers>2017-01-01</ns0:dateEffetCategPers><ns0:libSitCategPers>Mise en recouvrement</ns0:libSitCategPers><ns0:libSitCategPersSilo>Mise en recouvrement</ns0:libSitCategPersSilo><ns0:dateSitCategPers>2017-01-01</ns0:dateSitCategPers></ns0:CategPersonnelAdherente></ns0:ContratCollAdherente></ns0:ContratAdherente></ns0:Adhesion><ns0:Adhesion><ns0:idAdhesion>RG129441359S0112909</ns0:idAdhesion><ns0:dateEffetAdhesion>2007-07-01</ns0:dateEffetAdhesion><ns0:codeSitAdhesion>VALID</ns0:codeSitAdhesion><ns0:libSitAdhesion>Validé</ns0:libSitAdhesion><ns0:codeSitAdhesionSilo>V</ns0:codeSitAdhesionSilo><ns0:libSitAdhesionSilo>Valider</ns0:libSitAdhesionSilo><ns0:dateSitAdhesion>2007-07-01</ns0:dateSitAdhesion><ns0:IdentSiloAdherente><ns0:idSilo>S0112909</ns0:idSilo><ns0:codeAppli>A0499</ns0:codeAppli><ns0:libAppli>EGESPER</ns0:libAppli></ns0:IdentSiloAdherente><ns0:SignaletiqueAdherentePM><ns0:raisonSociale>MESSIER-DOWTY SA</ns0:raisonSociale></ns0:SignaletiqueAdherentePM><ns0:ContratAdherente><ns0:IdentContratAdherente><ns0:IdentSiloContrat><ns0:idSilo>RG129441359S0112909</ns0:idSilo><ns0:libNomSilo>ERE PTV2/3</ns0:libNomSilo><ns0:codeAppli>A0252</ns0:codeAppli><ns0:libAppli>PTV</ns0:libAppli><ns0:codeSysInfo>ERE</ns0:codeSysInfo><ns0:libSysInfo>Epargne Retraite Entreprise</ns0:libSysInfo></ns0:IdentSiloContrat><ns0:IdentContratPere><ns0:IdentsPere><ns0:valeurId>RG129441359</ns0:valeurId><ns0:typeId>CONTRAT</ns0:typeId></ns0:IdentsPere></ns0:IdentContratPere></ns0:IdentContratAdherente><ns0:ContratCollAdherente><ns0:CategPersonnelAdherente><ns0:idCategPers>5523</ns0:idCategPers><ns0:codeCategPers>99</ns0:codeCategPers><ns0:libCategPers>Ingénieurs et Cadres relevant de l'article 4 de la Convention Nationale AGIRC du 14 mars 1947</ns0:libCategPers><ns0:codeSitCategPers>STOPQT</ns0:codeSitCategPers><ns0:codeSitCategPersSilo>Q</ns0:codeSitCategPersSilo><ns0:dateEffetCategPers>2007-07-01</ns0:dateEffetCategPers><ns0:libSitCategPers>Arrêt de quittancement</ns0:libSitCategPers><ns0:libSitCategPersSilo>Arrêt de quittancement</ns0:libSitCategPersSilo><ns0:dateSitCategPers>2011-07-01</ns0:dateSitCategPers></ns0:CategPersonnelAdherente><ns0:CategPersonnelAdherente><ns0:idCategPers>12205</ns0:idCategPers><ns0:codeCategPers>99</ns0:codeCategPers><ns0:libCategPers>Personnel relevant de la décision unilatérale de l'employeur du 20 mars 2017</ns0:libCategPers><ns0:codeSitCategPers>STOPQT</ns0:codeSitCategPers><ns0:codeSitCategPersSilo>Q</ns0:codeSitCategPersSilo><ns0:dateEffetCategPers>2017-01-01</ns0:dateEffetCategPers><ns0:libSitCategPers>Arrêt de quittancement</ns0:libSitCategPers><ns0:libSitCategPersSilo>Arrêt de quittancement</ns0:libSitCategPersSilo><ns0:dateSitCategPers>2017-01-01</ns0:dateSitCategPers></ns0:CategPersonnelAdherente></ns0:ContratCollAdherente></ns0:ContratAdherente></ns0:Adhesion><ns0:Adhesion><ns0:idAdhesion>RG129441359S2210922</ns0:idAdhesion><ns0:dateEffetAdhesion>2007-07-01</ns0:dateEffetAdhesion><ns0:codeSitAdhesion>VALID</ns0:codeSitAdhesion><ns0:libSitAdhesion>Validé</ns0:libSitAdhesion><ns0:codeSitAdhesionSilo>V</ns0:codeSitAdhesionSilo><ns0:libSitAdhesionSilo>Valider</ns0:libSitAdhesionSilo><ns0:dateSitAdhesion>2007-07-01</ns0:dateSitAdhesion><ns0:IdentSiloAdherente><ns0:idSilo>S2210922</ns0:idSilo><ns0:codeAppli>A0499</ns0:codeAppli><ns0:libAppli>EGESPER</ns0:libAppli></ns0:IdentSiloAdherente><ns0:SignaletiqueAdherentePM><ns0:raisonSociale>SAFRAN NACELLES TOULOUSE</ns0:raisonSociale></ns0:SignaletiqueAdherentePM><ns0:ContratAdherente><ns0:IdentContratAdherente><ns0:IdentSiloContrat><ns0:idSilo>RG129441359S2210922</ns0:idSilo><ns0:libNomSilo>ERE PTV2/3</ns0:libNomSilo><ns0:codeAppli>A0252</ns0:codeAppli><ns0:libAppli>PTV</ns0:libAppli><ns0:codeSysInfo>ERE</ns0:codeSysInfo><ns0:libSysInfo>Epargne Retraite Entreprise</ns0:libSysInfo></ns0:IdentSiloContrat><ns0:IdentContratPere><ns0:IdentsPere><ns0:valeurId>RG129441359</ns0:valeurId><ns0:typeId>CONTRAT</ns0:typeId></ns0:IdentsPere></ns0:IdentContratPere></ns0:IdentContratAdherente><ns0:ContratCollAdherente><ns0:CategPersonnelAdherente><ns0:idCategPers>12221</ns0:idCategPers><ns0:codeCategPers>99</ns0:codeCategPers><ns0:libCategPers>Personnel relevant de la décision unilatérale de l'employeur du 20 mars 2017</ns0:libCategPers><ns0:codeSitCategPers>RECOUV</ns0:codeSitCategPers><ns0:codeSitCategPersSilo>R</ns0:codeSitCategPersSilo><ns0:dateEffetCategPers>2017-01-01</ns0:dateEffetCategPers><ns0:libSitCategPers>Mise en recouvrement</ns0:libSitCategPers><ns0:libSitCategPersSilo>Mise en recouvrement</ns0:libSitCategPersSilo><ns0:dateSitCategPers>2017-01-01</ns0:dateSitCategPers></ns0:CategPersonnelAdherente><ns0:CategPersonnelAdherente><ns0:idCategPers>5538</ns0:idCategPers><ns0:codeCategPers>99</ns0:codeCategPers><ns0:libCategPers>Ingénieurs et Cadres relevant de l'article 4 de la Convention Nationale AGIRC du 14 mars 1947</ns0:libCategPers><ns0:codeSitCategPers>STOPQT</ns0:codeSitCategPers><ns0:codeSitCategPersSilo>Q</ns0:codeSitCategPersSilo><ns0:dateEffetCategPers>2007-07-01</ns0:dateEffetCategPers><ns0:libSitCategPers>Arrêt de quittancement</ns0:libSitCategPers><ns0:libSitCategPersSilo>Arrêt de quittancement</ns0:libSitCategPersSilo><ns0:dateSitCategPers>2018-01-01</ns0:dateSitCategPers></ns0:CategPersonnelAdherente></ns0:ContratCollAdherente></ns0:ContratAdherente></ns0:Adhesion><ns0:Adhesion><ns0:idAdhesion>RG129441359S4271500</ns0:idAdhesion><ns0:dateEffetAdhesion>2013-01-01</ns0:dateEffetAdhesion><ns0:codeSitAdhesion>VALID</ns0:codeSitAdhesion><ns0:libSitAdhesion>Validé</ns0:libSitAdhesion><ns0:codeSitAdhesionSilo>V</ns0:codeSitAdhesionSilo><ns0:libSitAdhesionSilo>Valider</ns0:libSitAdhesionSilo><ns0:dateSitAdhesion>2013-01-01</ns0:dateSitAdhesion><ns0:IdentSiloAdherente><ns0:idSilo>S4271500</ns0:idSilo><ns0:codeAppli>A0499</ns0:codeAppli><ns0:libAppli>EGESPER</ns0:libAppli></ns0:IdentSiloAdherente><ns0:SignaletiqueAdherentePM><ns0:raisonSociale>SAFRAN REOSC</ns0:raisonSociale></ns0:SignaletiqueAdherentePM><ns0:ContratAdherente><ns0:IdentContratAdherente><ns0:IdentSiloContrat><ns0:idSilo>RG129441359S4271500</ns0:idSilo><ns0:libNomSilo>ERE PTV2/3</ns0:libNomSilo><ns0:codeAppli>A0252</ns0:codeAppli><ns0:libAppli>PTV</ns0:libAppli><ns0:codeSysInfo>ERE</ns0:codeSysInfo><ns0:libSysInfo>Epargne Retraite Entreprise</ns0:libSysInfo></ns0:IdentSiloContrat><ns0:IdentContratPere><ns0:IdentsPere><ns0:valeurId>RG129441359</ns0:valeurId><ns0:typeId>CONTRAT</ns0:typeId></ns0:IdentsPere></ns0:IdentContratPere></ns0:IdentContratAdherente><ns0:ContratCollAdherente><ns0:CategPersonnelAdherente><ns0:idCategPers>10124</ns0:idCategPers><ns0:codeCategPers>99</ns0:codeCategPers><ns0:libCategPers>Ingénieurs et Cadres relevant de l'article 4 de la Convention Nationale AGIRC du 14 mars 1947</ns0:libCategPers><ns0:codeSitCategPers>RECOUV</ns0:codeSitCategPers><ns0:codeSitCategPersSilo>R</ns0:codeSitCategPersSilo><ns0:dateEffetCategPers>2013-01-01</ns0:dateEffetCategPers><ns0:libSitCategPers>Mise en recouvrement</ns0:libSitCategPers><ns0:libSitCategPersSilo>Mise en recouvrement</ns0:libSitCategPersSilo><ns0:dateSitCategPers>2013-01-01</ns0:dateSitCategPers></ns0:CategPersonnelAdherente><ns0:CategPersonnelAdherente><ns0:idCategPers>12206</ns0:idCategPers><ns0:codeCategPers>99</ns0:codeCategPers><ns0:libCategPers>Personnel relevant de la décision unilatérale de l'employeur du 20 mars 2017</ns0:libCategPers><ns0:codeSitCategPers>STOPQT</ns0:codeSitCategPers><ns0:codeSitCategPersSilo>Q</ns0:codeSitCategPersSilo><ns0:dateEffetCategPers>2017-01-01</ns0:dateEffetCategPers><ns0:libSitCategPers>Arrêt de quittancement</ns0:libSitCategPers><ns0:libSitCategPersSilo>Arrêt de quittancement</ns0:libSitCategPersSilo><ns0:dateSitCategPers>2017-01-01</ns0:dateSitCategPers></ns0:CategPersonnelAdherente></ns0:ContratCollAdherente></ns0:ContratAdherente></ns0:Adhesion><ns0:Adhesion><ns0:idAdhesion>RG129441359S4183129</ns0:idAdhesion><ns0:dateEffetAdhesion>2011-01-01</ns0:dateEffetAdhesion><ns0:codeSitAdhesion>VALID</ns0:codeSitAdhesion><ns0:libSitAdhesion>Validé</ns0:libSitAdhesion><ns0:codeSitAdhesionSilo>V</ns0:codeSitAdhesionSilo><ns0:libSitAdhesionSilo>Valider</ns0:libSitAdhesionSilo><ns0:dateSitAdhesion>2011-01-01</ns0:dateSitAdhesion><ns0:IdentSiloAdherente><ns0:idSilo>S4183129</ns0:idSilo><ns0:codeAppli>A0499</ns0:codeAppli><ns0:libAppli>EGESPER</ns0:libAppli></ns0:IdentSiloAdherente><ns0:SignaletiqueAdherentePM><ns0:raisonSociale>SAGEM INDUSTRIES</ns0:raisonSociale></ns0:SignaletiqueAdherentePM><ns0:ContratAdherente><ns0:IdentContratAdherente><ns0:IdentSiloContrat><ns0:idSilo>RG129441359S4183129</ns0:idSilo><ns0:libNomSilo>ERE PTV2/3</ns0:libNomSilo><ns0:codeAppli>A0252</ns0:codeAppli><ns0:libAppli>PTV</ns0:libAppli><ns0:codeSysInfo>ERE</ns0:codeSysInfo><ns0:libSysInfo>Epargne Retraite Entreprise</ns0:libSysInfo></ns0:IdentSiloContrat><ns0:IdentContratPere><ns0:IdentsPere><ns0:valeurId>RG129441359</ns0:valeurId><ns0:typeId>CONTRAT</ns0:typeId></ns0:IdentsPere></ns0:IdentContratPere></ns0:IdentContratAdherente><ns0:ContratCollAdherente><ns0:CategPersonnelAdherente><ns0:idCategPers>8725</ns0:idCategPers><ns0:codeCategPers>99</ns0:codeCategPers><ns0:libCategPers>Ingénieurs et Cadres relevant de l'article 4 de la Convention Nationale AGIRC du 14 mars 1947</ns0:libCategPers><ns0:codeSitCategPers>STOPQT</ns0:codeSitCategPers><ns0:codeSitCategPersSilo>Q</ns0:codeSitCategPersSilo><ns0:dateEffetCategPers>2011-01-01</ns0:dateEffetCategPers><ns0:libSitCategPers>Arrêt de quittancement</ns0:libSitCategPers><ns0:libSitCategPersSilo>Arrêt de quittancement</ns0:libSitCategPersSilo><ns0:dateSitCategPers>2012-01-01</ns0:dateSitCategPers></ns0:CategPersonnelAdherente><ns0:CategPersonnelAdherente><ns0:idCategPers>12224</ns0:idCategPers><ns0:codeCategPers>99</ns0:codeCategPers><ns0:libCategPers>Personnel relevant de la décision unilatérale de l'employeur du 20 mars 2017</ns0:libCategPers><ns0:codeSitCategPers>STOPQT</ns0:codeSitCategPers><ns0:codeSitCategPersSilo>Q</ns0:codeSitCategPersSilo><ns0:dateEffetCategPers>2017-01-01</ns0:dateEffetCategPers><ns0:libSitCategPers>Arrêt de quittancement</ns0:libSitCategPers><ns0:libSitCategPersSilo>Arrêt de quittancement</ns0:libSitCategPersSilo><ns0:dateSitCategPers>2017-01-01</ns0:dateSitCategPers></ns0:CategPersonnelAdherente></ns0:ContratCollAdherente></ns0:ContratAdherente></ns0:Adhesion><ns0:Adhesion><ns0:idAdhesion>RG129441359S0112571</ns0:idAdhesion><ns0:dateEffetAdhesion>2007-07-01</ns0:dateEffetAdhesion><ns0:codeSitAdhesion>VALID</ns0:codeSitAdhesion><ns0:libSitAdhesion>Validé</ns0:libSitAdhesion><ns0:codeSitAdhesionSilo>V</ns0:codeSitAdhesionSilo><ns0:libSitAdhesionSilo>Valider</ns0:libSitAdhesionSilo><ns0:dateSitAdhesion>2007-07-01</ns0:dateSitAdhesion><ns0:IdentSiloAdherente><ns0:idSilo>S0112571</ns0:idSilo><ns0:codeAppli>A0499</ns0:codeAppli><ns0:libAppli>EGESPER</ns0:libAppli></ns0:IdentSiloAdherente><ns0:SignaletiqueAdherentePM><ns0:raisonSociale>SAFRAN AIRCRAFT ENGINES</ns0:raisonSociale></ns0:SignaletiqueAdherentePM><ns0:ContratAdherente><ns0:IdentContratAdherente><ns0:IdentSiloContrat><ns0:idSilo>RG129441359S0112571</ns0:idSilo><ns0:libNomSilo>ERE PTV2/3</ns0:libNomSilo><ns0:codeAppli>A0252</ns0:codeAppli><ns0:libAppli>PTV</ns0:libAppli><ns0:codeSysInfo>ERE</ns0:codeSysInfo><ns0:libSysInfo>Epargne Retraite Entreprise</ns0:libSysInfo></ns0:IdentSiloContrat><ns0:IdentContratPere><ns0:IdentsPere><ns0:valeurId>RG129441359</ns0:valeurId><ns0:typeId>CONTRAT</ns0:typeId></ns0:IdentsPere></ns0:IdentContratPere></ns0:IdentContratAdherente><ns0:ContratCollAdherente><ns0:CategPersonnelAdherente><ns0:idCategPers>5519</ns0:idCategPers><ns0:codeCategPers>99</ns0:codeCategPers><ns0:libCategPers>Ingénieurs et Cadres relevant de l'article 4 de la Convention Nationale AGIRC du 14 mars 1947</ns0:libCategPers><ns0:codeSitCategPers>RECOUV</ns0:codeSitCategPers><ns0:codeSitCategPersSilo>R</ns0:codeSitCategPersSilo><ns0:dateEffetCategPers>2007-07-01</ns0:dateEffetCategPers><ns0:libSitCategPers>Mise en recouvrement</ns0:libSitCategPers><ns0:libSitCategPersSilo>Mise en recouvrement</ns0:libSitCategPersSilo><ns0:dateSitCategPers>2007-07-01</ns0:dateSitCategPers></ns0:CategPersonnelAdherente><ns0:CategPersonnelAdherente><ns0:idCategPers>12208</ns0:idCategPers><ns0:codeCategPers>99</ns0:codeCategPers><ns0:libCategPers>Personnel relevant de la décision unilatérale de l'employeur du 20 mars 2017</ns0:libCategPers><ns0:codeSitCategPers>RECOUV</ns0:codeSitCategPers><ns0:codeSitCategPersSilo>R</ns0:codeSitCategPersSilo><ns0:dateEffetCategPers>2017-01-01</ns0:dateEffetCategPers><ns0:libSitCategPers>Mise en recouvrement</ns0:libSitCategPers><ns0:libSitCategPersSilo>Mise en recouvrement</ns0:libSitCategPersSilo><ns0:dateSitCategPers>2017-01-01</ns0:dateSitCategPers></ns0:CategPersonnelAdherente></ns0:ContratCollAdherente></ns0:ContratAdherente></ns0:Adhesion><ns0:Adhesion><ns0:idAdhesion>RG129441359S2189847</ns0:idAdhesion><ns0:dateEffetAdhesion>2007-07-01</ns0:dateEffetAdhesion><ns0:codeSitAdhesion>VALID</ns0:codeSitAdhesion><ns0:libSitAdhesion>Validé</ns0:libSitAdhesion><ns0:codeSitAdhesionSilo>V</ns0:codeSitAdhesionSilo><ns0:libSitAdhesionSilo>Valider</ns0:libSitAdhesionSilo><ns0:dateSitAdhesion>2007-07-01</ns0:dateSitAdhesion><ns0:IdentSiloAdherente><ns0:idSilo>S2189847</ns0:idSilo><ns0:codeAppli>A0499</ns0:codeAppli><ns0:libAppli>EGESPER</ns0:libAppli></ns0:IdentSiloAdherente><ns0:SignaletiqueAdherentePM><ns0:raisonSociale>SAFRAN NACELLES PLAISIR</ns0:raisonSociale></ns0:SignaletiqueAdherentePM><ns0:ContratAdherente><ns0:IdentContratAdherente><ns0:IdentSiloContrat><ns0:idSilo>RG129441359S2189847</ns0:idSilo><ns0:libNomSilo>ERE PTV2/3</ns0:libNomSilo><ns0:codeAppli>A0252</ns0:codeAppli><ns0:libAppli>PTV</ns0:libAppli><ns0:codeSysInfo>ERE</ns0:codeSysInfo><ns0:libSysInfo>Epargne Retraite Entreprise</ns0:libSysInfo></ns0:IdentSiloContrat><ns0:IdentContratPere><ns0:IdentsPere><ns0:valeurId>RG129441359</ns0:valeurId><ns0:typeId>CONTRAT</ns0:typeId></ns0:IdentsPere></ns0:IdentContratPere></ns0:IdentContratAdherente><ns0:ContratCollAdherente><ns0:CategPersonnelAdherente><ns0:idCategPers>12220</ns0:idCategPers><ns0:codeCategPers>99</ns0:codeCategPers><ns0:libCategPers>Personnel relevant de la décision unilatérale de l'employeur du 20 mars 2017</ns0:libCategPers><ns0:codeSitCategPers>RECOUV</ns0:codeSitCategPers><ns0:codeSitCategPersSilo>R</ns0:codeSitCategPersSilo><ns0:dateEffetCategPers>2017-01-01</ns0:dateEffetCategPers><ns0:libSitCategPers>Mise en recouvrement</ns0:libSitCategPers><ns0:libSitCategPersSilo>Mise en recouvrement</ns0:libSitCategPersSilo><ns0:dateSitCategPers>2017-01-01</ns0:dateSitCategPers></ns0:CategPersonnelAdherente><ns0:CategPersonnelAdherente><ns0:idCategPers>5537</ns0:idCategPers><ns0:codeCategPers>99</ns0:codeCategPers><ns0:libCategPers>Ingénieurs et Cadres relevant de l'article 4 de la Convention Nationale AGIRC du 14 mars 1947</ns0:libCategPers><ns0:codeSitCategPers>STOPQT</ns0:codeSitCategPers><ns0:codeSitCategPersSilo>Q</ns0:codeSitCategPersSilo><ns0:dateEffetCategPers>2007-07-01</ns0:dateEffetCategPers><ns0:libSitCategPers>Arrêt de quittancement</ns0:libSitCategPers><ns0:libSitCategPersSilo>Arrêt de quittancement</ns0:libSitCategPersSilo><ns0:dateSitCategPers>2018-01-01</ns0:dateSitCategPers></ns0:CategPersonnelAdherente></ns0:ContratCollAdherente></ns0:ContratAdherente></ns0:Adhesion><ns0:Adhesion><ns0:idAdhesion>RG129441359S0112908</ns0:idAdhesion><ns0:dateEffetAdhesion>2007-07-01</ns0:dateEffetAdhesion><ns0:codeSitAdhesion>VALID</ns0:codeSitAdhesion><ns0:libSitAdhesion>Validé</ns0:libSitAdhesion><ns0:codeSitAdhesionSilo>V</ns0:codeSitAdhesionSilo><ns0:libSitAdhesionSilo>Valider</ns0:libSitAdhesionSilo><ns0:dateSitAdhesion>2007-07-01</ns0:dateSitAdhesion><ns0:IdentSiloAdherente><ns0:idSilo>S0112908</ns0:idSilo><ns0:codeAppli>A0499</ns0:codeAppli><ns0:libAppli>EGESPER</ns0:libAppli></ns0:IdentSiloAdherente><ns0:SignaletiqueAdherentePM><ns0:raisonSociale>SAFRAN LANDING SYSTEMS</ns0:raisonSociale></ns0:SignaletiqueAdherentePM><ns0:ContratAdherente><ns0:IdentContratAdherente><ns0:IdentSiloContrat><ns0:idSilo>RG129441359S0112908</ns0:idSilo><ns0:libNomSilo>ERE PTV2/3</ns0:libNomSilo><ns0:codeAppli>A0252</ns0:codeAppli><ns0:libAppli>PTV</ns0:libAppli><ns0:codeSysInfo>ERE</ns0:codeSysInfo><ns0:libSysInfo>Epargne Retraite Entreprise</ns0:libSysInfo></ns0:IdentSiloContrat><ns0:IdentContratPere><ns0:IdentsPere><ns0:valeurId>RG129441359</ns0:valeurId><ns0:typeId>CONTRAT</ns0:typeId></ns0:IdentsPere></ns0:IdentContratPere></ns0:IdentContratAdherente><ns0:ContratCollAdherente><ns0:CategPersonnelAdherente><ns0:idCategPers>5522</ns0:idCategPers><ns0:codeCategPers>99</ns0:codeCategPers><ns0:libCategPers>Ingénieurs et Cadres relevant de l'article 4 de la Convention Nationale AGIRC du 14 mars 1947</ns0:libCategPers><ns0:codeSitCategPers>RECOUV</ns0:codeSitCategPers><ns0:codeSitCategPersSilo>R</ns0:codeSitCategPersSilo><ns0:dateEffetCategPers>2007-07-01</ns0:dateEffetCategPers><ns0:libSitCategPers>Mise en recouvrement</ns0:libSitCategPers><ns0:libSitCategPersSilo>Mise en recouvrement</ns0:libSitCategPersSilo><ns0:dateSitCategPers>2007-07-01</ns0:dateSitCategPers></ns0:CategPersonnelAdherente><ns0:CategPersonnelAdherente><ns0:idCategPers>12216</ns0:idCategPers><ns0:codeCategPers>99</ns0:codeCategPers><ns0:libCategPers>Personnel relevant de la décision unilatérale de l'employeur du 20 mars 2017</ns0:libCategPers><ns0:codeSitCategPers>RECOUV</ns0:codeSitCategPers><ns0:codeSitCategPersSilo>R</ns0:codeSitCategPersSilo><ns0:dateEffetCategPers>2017-01-01</ns0:dateEffetCategPers><ns0:libSitCategPers>Mise en recouvrement</ns0:libSitCategPers><ns0:libSitCategPersSilo>Mise en recouvrement</ns0:libSitCategPersSilo><ns0:dateSitCategPers>2017-01-01</ns0:dateSitCategPers></ns0:CategPersonnelAdherente></ns0:ContratCollAdherente></ns0:ContratAdherente></ns0:Adhesion></ns0:ContratColl></ns0:Contrat></ns0:ConsulterContratGeneralesFunc></ns0:ConsulterContratGeneralesResponse></SOAP-ENV:Body></SOAP-ENV:Envelope>