<SOAP-ENV:Envelope xmlns:SOAP-ENV="http://schemas.xmlsoap.org/soap/envelope/">
    <SOAP-ENV:Header>
        <ns:WSResponseMetaInfo xmlns:ns="http://www.fmk.com/ESB/Framework/ESBTechPivotSchema"
                               xmlns:ns0="http://schemas.xmlsoap.org/soap/envelope/"
                               xmlns:xs="http://www.w3.org/2001/XMLSchema"
                               xmlns:xsi="http://www.w3.org/2001/XMLSchema-instance">
            <ns:FuncFault/>
            <ns:BusinessHeader/>
        </ns:WSResponseMetaInfo>
    </SOAP-ENV:Header>
    <SOAP-ENV:Body>
        <ns0:ConsulterContratGeneralesResponse
                xmlns:ns0="http://www.alm.com/esb/service/GestContratTer_2/ConsulterContratGenerales_5">
            <ns0:ConsulterContratGeneralesFunc>
                <ns0:Contrat>
                    <ns0:IdentContrat>
                        <ns0:IdentSiloContrat>
                            <ns0:idSilo>RG151504882</ns0:idSilo>
                            <ns0:libNomSilo>ERE PTV2/3</ns0:libNomSilo>
                            <ns0:codeAppli>A0252</ns0:codeAppli>
                            <ns0:libAppli>PTV</ns0:libAppli>
                            <ns0:codeSysInfo>ERE</ns0:codeSysInfo>
                            <ns0:libSysInfo>Epargne Retraite Entreprise</ns0:libSysInfo>
                        </ns0:IdentSiloContrat>
                    </ns0:IdentContrat>
                    <ns0:InfoContrat>
                        <ns0:dateEffet>2013-10-01</ns0:dateEffet>
                        <ns0:codeSitContrat>VALID</ns0:codeSitContrat>
                        <ns0:libSitContrat>Validé</ns0:libSitContrat>
                        <ns0:codeSitContratSilo>V</ns0:codeSitContratSilo>
                        <ns0:libSitContratSilo>Valider</ns0:libSitContratSilo>
                        <ns0:dateSitContrat>2013-10-01</ns0:dateSitContrat>
                        <ns0:codeFiscEpargne>ART83</ns0:codeFiscEpargne>
                        <ns0:libFiscEpargne>Article 83</ns0:libFiscEpargne>
                        <ns0:codeFiscEpargneSilo>C</ns0:codeFiscEpargneSilo>
                        <ns0:libFiscEpargneSilo>Article 83</ns0:libFiscEpargneSilo>
                        <ns0:codeOptFiscaliteAffil>A</ns0:codeOptFiscaliteAffil>
                        <ns0:libOptFiscaliteAffil>Fiscalité classique</ns0:libOptFiscaliteAffil>
                        <ns0:idPortefeuilleContrat>ARI</ns0:idPortefeuilleContrat>
                        <ns0:nomPortefeuilleContrat>ARIAL ASSURANCE</ns0:nomPortefeuilleContrat>
                    </ns0:InfoContrat>
                    <ns0:Souscripteurs>
                        <ns0:IdentSiloSouscript>
                            <ns0:idSilo>S2007827</ns0:idSilo>
                            <ns0:codeAppli>A0499</ns0:codeAppli>
                            <ns0:libAppli>EGESPER</ns0:libAppli>
                        </ns0:IdentSiloSouscript>
                        <ns0:SignaletiqueSouscriptPM>
                            <ns0:raisonSociale>AUCHAN HYPERMARCHE</ns0:raisonSociale>
                        </ns0:SignaletiqueSouscriptPM>
                    </ns0:Souscripteurs>
                    <ns0:OffreCommSouscrite>
                        <ns0:codeOffreComm>RG01001ARI</ns0:codeOffreComm>
                        <ns0:libOffreComm>Plan d'Epargne Retraite Entreprises</ns0:libOffreComm>
                        <ns0:codeTypeContrat>RG01</ns0:codeTypeContrat>
                        <ns0:numgenContrat>001</ns0:numgenContrat>
                    </ns0:OffreCommSouscrite>
                    <ns0:ActeurContrat>
                        <ns0:idAssureurContrat>ARI</ns0:idAssureurContrat>
                        <ns0:libAssureurContrat>ARIAL CNP ASSURANCES</ns0:libAssureurContrat>
                        <ns0:idDistribproduit>001</ns0:idDistribproduit>
                        <ns0:libDistribproduit>ARIAL CNP ASSURANCES</ns0:libDistribproduit>
                    </ns0:ActeurContrat>
                    <ns0:OptContratEpargne>
                        <ns0:codeGestCompte>PPPS</ns0:codeGestCompte>
                        <ns0:libGestCompte>Part Patronale/Salariale</ns0:libGestCompte>
                        <ns0:codeGestCompteSilo>2</ns0:codeGestCompteSilo>
                        <ns0:libGestCompteSilo>Part Patronale / Part Salariale</ns0:libGestCompteSilo>
                        <ns0:codeTypeFondGere>EURO</ns0:codeTypeFondGere>
                        <ns0:libTypeFondGere>Euro</ns0:libTypeFondGere>
                        <ns0:codeTypeFondGereSilo>FG</ns0:codeTypeFondGereSilo>
                        <ns0:libTypeFondGereSilo>Euro</ns0:libTypeFondGereSilo>
                        <ns0:indicTarifVersementPrimeAutorise>false</ns0:indicTarifVersementPrimeAutorise>
                        <ns0:indicRefusArbitrageInternet>false</ns0:indicRefusArbitrageInternet>
                        <ns0:indicSortieTotaleContrat>false</ns0:indicSortieTotaleContrat>
                    </ns0:OptContratEpargne>
                    <ns0:ContratColl>
                        <ns0:CategPersonnel>
                            <ns0:idCategPers>10368</ns0:idCategPers>
                            <ns0:codeCategPers>99</ns0:codeCategPers>
                            <ns0:libCategPers>Tam au sens de la définition des niveaux, emplois et catégories au sein de
                                la CC "Commerce de Détail et de Gros à Prédominance Alimentaire", ainsi que les salariés
                                cotisant à l'AGIRC
                            </ns0:libCategPers>
                            <ns0:codeSitCategPers>RECOUV</ns0:codeSitCategPers>
                            <ns0:codeSitCategPersSilo>R</ns0:codeSitCategPersSilo>
                            <ns0:dateEffetCategPers>2013-10-01</ns0:dateEffetCategPers>
                            <ns0:libSitCategPers>Mise en recouvrement</ns0:libSitCategPers>
                            <ns0:libSitCategPersSilo>Mise en recouvrement</ns0:libSitCategPersSilo>
                            <ns0:dateSitCategPers>2013-10-01</ns0:dateSitCategPers>
                        </ns0:CategPersonnel>
                        <ns0:Adhesion>
                            <ns0:idAdhesion>RG151504882S5037357</ns0:idAdhesion>
                            <ns0:dateEffetAdhesion>2018-04-01</ns0:dateEffetAdhesion>
                            <ns0:codeSitAdhesion>VALID</ns0:codeSitAdhesion>
                            <ns0:libSitAdhesion>Validé</ns0:libSitAdhesion>
                            <ns0:codeSitAdhesionSilo>V</ns0:codeSitAdhesionSilo>
                            <ns0:libSitAdhesionSilo>Valider</ns0:libSitAdhesionSilo>
                            <ns0:dateSitAdhesion>2018-04-01</ns0:dateSitAdhesion>
                            <ns0:IdentSiloAdherente>
                                <ns0:idSilo>S5037357</ns0:idSilo>
                                <ns0:codeAppli>A0499</ns0:codeAppli>
                                <ns0:libAppli>EGESPER</ns0:libAppli>
                            </ns0:IdentSiloAdherente>
                            <ns0:SignaletiqueAdherentePM>
                                <ns0:raisonSociale>AUCHAN RETAIL LOGISTIQUE</ns0:raisonSociale>
                            </ns0:SignaletiqueAdherentePM>
                            <ns0:ContratAdherente>
                                <ns0:IdentContratAdherente>
                                    <ns0:IdentSiloContrat>
                                        <ns0:idSilo>RG151504882S5037357</ns0:idSilo>
                                        <ns0:libNomSilo>ERE PTV2/3</ns0:libNomSilo>
                                        <ns0:codeAppli>A0252</ns0:codeAppli>
                                        <ns0:libAppli>PTV</ns0:libAppli>
                                        <ns0:codeSysInfo>ERE</ns0:codeSysInfo>
                                        <ns0:libSysInfo>Epargne Retraite Entreprise</ns0:libSysInfo>
                                    </ns0:IdentSiloContrat>
                                    <ns0:IdentContratPere>
                                        <ns0:IdentsPere>
                                            <ns0:valeurId>RG151504882</ns0:valeurId>
                                            <ns0:typeId>CONTRAT</ns0:typeId>
                                        </ns0:IdentsPere>
                                    </ns0:IdentContratPere>
                                </ns0:IdentContratAdherente>
                                <ns0:ContratCollAdherente>
                                    <ns0:CategPersonnelAdherente>
                                        <ns0:idCategPers>14548</ns0:idCategPers>
                                        <ns0:codeCategPers>99</ns0:codeCategPers>
                                        <ns0:libCategPers>Tam au sens de la définition des niveaux, emplois et
                                            catégories au sein de la CC "Commerce de Détail et de Gros à Prédominance
                                            Alimentaire", ainsi que les salariés cotisant à l'AGIRC
                                        </ns0:libCategPers>
                                        <ns0:codeSitCategPers>RECOUV</ns0:codeSitCategPers>
                                        <ns0:codeSitCategPersSilo>R</ns0:codeSitCategPersSilo>
                                        <ns0:dateEffetCategPers>2018-04-01</ns0:dateEffetCategPers>
                                        <ns0:libSitCategPers>Mise en recouvrement</ns0:libSitCategPers>
                                        <ns0:libSitCategPersSilo>Mise en recouvrement</ns0:libSitCategPersSilo>
                                        <ns0:dateSitCategPers>2018-04-01</ns0:dateSitCategPers>
                                    </ns0:CategPersonnelAdherente>
                                </ns0:ContratCollAdherente>
                            </ns0:ContratAdherente>
                        </ns0:Adhesion>
                        <ns0:Adhesion>
                            <ns0:idAdhesion>RG151504882S4305326</ns0:idAdhesion>
                            <ns0:dateEffetAdhesion>2013-10-01</ns0:dateEffetAdhesion>
                            <ns0:codeSitAdhesion>VALID</ns0:codeSitAdhesion>
                            <ns0:libSitAdhesion>Validé</ns0:libSitAdhesion>
                            <ns0:codeSitAdhesionSilo>V</ns0:codeSitAdhesionSilo>
                            <ns0:libSitAdhesionSilo>Valider</ns0:libSitAdhesionSilo>
                            <ns0:dateSitAdhesion>2013-10-01</ns0:dateSitAdhesion>
                            <ns0:IdentSiloAdherente>
                                <ns0:idSilo>S4305326</ns0:idSilo>
                                <ns0:codeAppli>A0499</ns0:codeAppli>
                                <ns0:libAppli>EGESPER</ns0:libAppli>
                            </ns0:IdentSiloAdherente>
                            <ns0:SignaletiqueAdherentePM>
                                <ns0:raisonSociale>CEETRUS FRANCE</ns0:raisonSociale>
                            </ns0:SignaletiqueAdherentePM>
                            <ns0:ContratAdherente>
                                <ns0:IdentContratAdherente>
                                    <ns0:IdentSiloContrat>
                                        <ns0:idSilo>RG151504882S4305326</ns0:idSilo>
                                        <ns0:libNomSilo>ERE PTV2/3</ns0:libNomSilo>
                                        <ns0:codeAppli>A0252</ns0:codeAppli>
                                        <ns0:libAppli>PTV</ns0:libAppli>
                                        <ns0:codeSysInfo>ERE</ns0:codeSysInfo>
                                        <ns0:libSysInfo>Epargne Retraite Entreprise</ns0:libSysInfo>
                                    </ns0:IdentSiloContrat>
                                    <ns0:IdentContratPere>
                                        <ns0:IdentsPere>
                                            <ns0:valeurId>RG151504882</ns0:valeurId>
                                            <ns0:typeId>CONTRAT</ns0:typeId>
                                        </ns0:IdentsPere>
                                    </ns0:IdentContratPere>
                                </ns0:IdentContratAdherente>
                                <ns0:ContratCollAdherente>
                                    <ns0:CategPersonnelAdherente>
                                        <ns0:idCategPers>10373</ns0:idCategPers>
                                        <ns0:codeCategPers>99</ns0:codeCategPers>
                                        <ns0:libCategPers>Tam au sens de la définition des niveaux, emplois et
                                            catégories au sein de la CC "Commerce de Détail et de Gros à Prédominance
                                            Alimentaire", ainsi que les salariés cotisant à l'AGIRC
                                        </ns0:libCategPers>
                                        <ns0:codeSitCategPers>RECOUV</ns0:codeSitCategPers>
                                        <ns0:codeSitCategPersSilo>R</ns0:codeSitCategPersSilo>
                                        <ns0:dateEffetCategPers>2013-10-01</ns0:dateEffetCategPers>
                                        <ns0:libSitCategPers>Mise en recouvrement</ns0:libSitCategPers>
                                        <ns0:libSitCategPersSilo>Mise en recouvrement</ns0:libSitCategPersSilo>
                                        <ns0:dateSitCategPers>2013-10-01</ns0:dateSitCategPers>
                                    </ns0:CategPersonnelAdherente>
                                </ns0:ContratCollAdherente>
                            </ns0:ContratAdherente>
                        </ns0:Adhesion>
                        <ns0:Adhesion>
                            <ns0:idAdhesion>RG151504882S4305328</ns0:idAdhesion>
                            <ns0:dateEffetAdhesion>2013-10-01</ns0:dateEffetAdhesion>
                            <ns0:codeSitAdhesion>VALID</ns0:codeSitAdhesion>
                            <ns0:libSitAdhesion>Validé</ns0:libSitAdhesion>
                            <ns0:codeSitAdhesionSilo>V</ns0:codeSitAdhesionSilo>
                            <ns0:libSitAdhesionSilo>Valider</ns0:libSitAdhesionSilo>
                            <ns0:dateSitAdhesion>2013-10-01</ns0:dateSitAdhesion>
                            <ns0:IdentSiloAdherente>
                                <ns0:idSilo>S4305328</ns0:idSilo>
                                <ns0:codeAppli>A0499</ns0:codeAppli>
                                <ns0:libAppli>EGESPER</ns0:libAppli>
                            </ns0:IdentSiloAdherente>
                            <ns0:SignaletiqueAdherentePM>
                                <ns0:raisonSociale>GIE AUCHAN INTERNATIONAL TECHNOLOGY</ns0:raisonSociale>
                            </ns0:SignaletiqueAdherentePM>
                            <ns0:ContratAdherente>
                                <ns0:IdentContratAdherente>
                                    <ns0:IdentSiloContrat>
                                        <ns0:idSilo>RG151504882S4305328</ns0:idSilo>
                                        <ns0:libNomSilo>ERE PTV2/3</ns0:libNomSilo>
                                        <ns0:codeAppli>A0252</ns0:codeAppli>
                                        <ns0:libAppli>PTV</ns0:libAppli>
                                        <ns0:codeSysInfo>ERE</ns0:codeSysInfo>
                                        <ns0:libSysInfo>Epargne Retraite Entreprise</ns0:libSysInfo>
                                    </ns0:IdentSiloContrat>
                                    <ns0:IdentContratPere>
                                        <ns0:IdentsPere>
                                            <ns0:valeurId>RG151504882</ns0:valeurId>
                                            <ns0:typeId>CONTRAT</ns0:typeId>
                                        </ns0:IdentsPere>
                                    </ns0:IdentContratPere>
                                </ns0:IdentContratAdherente>
                                <ns0:ContratCollAdherente>
                                    <ns0:CategPersonnelAdherente>
                                        <ns0:idCategPers>10374</ns0:idCategPers>
                                        <ns0:codeCategPers>99</ns0:codeCategPers>
                                        <ns0:libCategPers>Tam au sens de la définition des niveaux, emplois et
                                            catégories au sein de la CC "Commerce de Détail et de Gros à Prédominance
                                            Alimentaire", ainsi que les salariés cotisant à l'AGIRC
                                        </ns0:libCategPers>
                                        <ns0:codeSitCategPers>RECOUV</ns0:codeSitCategPers>
                                        <ns0:codeSitCategPersSilo>R</ns0:codeSitCategPersSilo>
                                        <ns0:dateEffetCategPers>2013-10-01</ns0:dateEffetCategPers>
                                        <ns0:libSitCategPers>Mise en recouvrement</ns0:libSitCategPers>
                                        <ns0:libSitCategPersSilo>Mise en recouvrement</ns0:libSitCategPersSilo>
                                        <ns0:dateSitCategPers>2013-10-01</ns0:dateSitCategPers>
                                    </ns0:CategPersonnelAdherente>
                                </ns0:ContratCollAdherente>
                            </ns0:ContratAdherente>
                        </ns0:Adhesion>
                        <ns0:Adhesion>
                            <ns0:idAdhesion>RG151504882S4305557</ns0:idAdhesion>
                            <ns0:dateEffetAdhesion>2013-10-01</ns0:dateEffetAdhesion>
                            <ns0:codeSitAdhesion>VALID</ns0:codeSitAdhesion>
                            <ns0:libSitAdhesion>Validé</ns0:libSitAdhesion>
                            <ns0:codeSitAdhesionSilo>V</ns0:codeSitAdhesionSilo>
                            <ns0:libSitAdhesionSilo>Valider</ns0:libSitAdhesionSilo>
                            <ns0:dateSitAdhesion>2013-10-01</ns0:dateSitAdhesion>
                            <ns0:IdentSiloAdherente>
                                <ns0:idSilo>S4305557</ns0:idSilo>
                                <ns0:codeAppli>A0499</ns0:codeAppli>
                                <ns0:libAppli>EGESPER</ns0:libAppli>
                            </ns0:IdentSiloAdherente>
                            <ns0:SignaletiqueAdherentePM>
                                <ns0:raisonSociale>AUCHAN CARBURANT SAS</ns0:raisonSociale>
                            </ns0:SignaletiqueAdherentePM>
                            <ns0:ContratAdherente>
                                <ns0:IdentContratAdherente>
                                    <ns0:IdentSiloContrat>
                                        <ns0:idSilo>RG151504882S4305557</ns0:idSilo>
                                        <ns0:libNomSilo>ERE PTV2/3</ns0:libNomSilo>
                                        <ns0:codeAppli>A0252</ns0:codeAppli>
                                        <ns0:libAppli>PTV</ns0:libAppli>
                                        <ns0:codeSysInfo>ERE</ns0:codeSysInfo>
                                        <ns0:libSysInfo>Epargne Retraite Entreprise</ns0:libSysInfo>
                                    </ns0:IdentSiloContrat>
                                    <ns0:IdentContratPere>
                                        <ns0:IdentsPere>
                                            <ns0:valeurId>RG151504882</ns0:valeurId>
                                            <ns0:typeId>CONTRAT</ns0:typeId>
                                        </ns0:IdentsPere>
                                    </ns0:IdentContratPere>
                                </ns0:IdentContratAdherente>
                                <ns0:ContratCollAdherente>
                                    <ns0:CategPersonnelAdherente>
                                        <ns0:idCategPers>10375</ns0:idCategPers>
                                        <ns0:codeCategPers>99</ns0:codeCategPers>
                                        <ns0:libCategPers>Tam au sens de la définition des niveaux, emplois et
                                            catégories au sein de la CC "Commerce de Détail et de Gros à Prédominance
                                            Alimentaire", ainsi que les salariés cotisant à l'AGIRC
                                        </ns0:libCategPers>
                                        <ns0:codeSitCategPers>RECOUV</ns0:codeSitCategPers>
                                        <ns0:codeSitCategPersSilo>R</ns0:codeSitCategPersSilo>
                                        <ns0:dateEffetCategPers>2013-10-01</ns0:dateEffetCategPers>
                                        <ns0:libSitCategPers>Mise en recouvrement</ns0:libSitCategPers>
                                        <ns0:libSitCategPersSilo>Mise en recouvrement</ns0:libSitCategPersSilo>
                                        <ns0:dateSitCategPers>2013-10-01</ns0:dateSitCategPers>
                                    </ns0:CategPersonnelAdherente>
                                </ns0:ContratCollAdherente>
                            </ns0:ContratAdherente>
                        </ns0:Adhesion>
                        <ns0:Adhesion>
                            <ns0:idAdhesion>RG151504882S4305561</ns0:idAdhesion>
                            <ns0:dateEffetAdhesion>2013-10-01</ns0:dateEffetAdhesion>
                            <ns0:codeSitAdhesion>VALID</ns0:codeSitAdhesion>
                            <ns0:libSitAdhesion>Validé</ns0:libSitAdhesion>
                            <ns0:codeSitAdhesionSilo>V</ns0:codeSitAdhesionSilo>
                            <ns0:libSitAdhesionSilo>Valider</ns0:libSitAdhesionSilo>
                            <ns0:dateSitAdhesion>2013-10-01</ns0:dateSitAdhesion>
                            <ns0:IdentSiloAdherente>
                                <ns0:idSilo>S4305561</ns0:idSilo>
                                <ns0:codeAppli>A0499</ns0:codeAppli>
                                <ns0:libAppli>EGESPER</ns0:libAppli>
                            </ns0:IdentSiloAdherente>
                            <ns0:SignaletiqueAdherentePM>
                                <ns0:raisonSociale>CITANIA SAS</ns0:raisonSociale>
                            </ns0:SignaletiqueAdherentePM>
                            <ns0:ContratAdherente>
                                <ns0:IdentContratAdherente>
                                    <ns0:IdentSiloContrat>
                                        <ns0:idSilo>RG151504882S4305561</ns0:idSilo>
                                        <ns0:libNomSilo>ERE PTV2/3</ns0:libNomSilo>
                                        <ns0:codeAppli>A0252</ns0:codeAppli>
                                        <ns0:libAppli>PTV</ns0:libAppli>
                                        <ns0:codeSysInfo>ERE</ns0:codeSysInfo>
                                        <ns0:libSysInfo>Epargne Retraite Entreprise</ns0:libSysInfo>
                                    </ns0:IdentSiloContrat>
                                    <ns0:IdentContratPere>
                                        <ns0:IdentsPere>
                                            <ns0:valeurId>RG151504882</ns0:valeurId>
                                            <ns0:typeId>CONTRAT</ns0:typeId>
                                        </ns0:IdentsPere>
                                    </ns0:IdentContratPere>
                                </ns0:IdentContratAdherente>
                                <ns0:ContratCollAdherente>
                                    <ns0:CategPersonnelAdherente>
                                        <ns0:idCategPers>10376</ns0:idCategPers>
                                        <ns0:codeCategPers>99</ns0:codeCategPers>
                                        <ns0:libCategPers>Tam au sens de la définition des niveaux, emplois et
                                            catégories au sein de la CC "Commerce de Détail et de Gros à Prédominance
                                            Alimentaire", ainsi que les salariés cotisant à l'AGIRC
                                        </ns0:libCategPers>
                                        <ns0:codeSitCategPers>RECOUV</ns0:codeSitCategPers>
                                        <ns0:codeSitCategPersSilo>R</ns0:codeSitCategPersSilo>
                                        <ns0:dateEffetCategPers>2013-10-01</ns0:dateEffetCategPers>
                                        <ns0:libSitCategPers>Mise en recouvrement</ns0:libSitCategPers>
                                        <ns0:libSitCategPersSilo>Mise en recouvrement</ns0:libSitCategPersSilo>
                                        <ns0:dateSitCategPers>2013-10-01</ns0:dateSitCategPers>
                                    </ns0:CategPersonnelAdherente>
                                </ns0:ContratCollAdherente>
                            </ns0:ContratAdherente>
                        </ns0:Adhesion>
                        <ns0:Adhesion>
                            <ns0:idAdhesion>RG151504882S4305564</ns0:idAdhesion>
                            <ns0:dateEffetAdhesion>2013-10-01</ns0:dateEffetAdhesion>
                            <ns0:codeSitAdhesion>VALID</ns0:codeSitAdhesion>
                            <ns0:libSitAdhesion>Validé</ns0:libSitAdhesion>
                            <ns0:codeSitAdhesionSilo>V</ns0:codeSitAdhesionSilo>
                            <ns0:libSitAdhesionSilo>Valider</ns0:libSitAdhesionSilo>
                            <ns0:dateSitAdhesion>2013-10-01</ns0:dateSitAdhesion>
                            <ns0:IdentSiloAdherente>
                                <ns0:idSilo>S4305564</ns0:idSilo>
                                <ns0:codeAppli>A0499</ns0:codeAppli>
                                <ns0:libAppli>EGESPER</ns0:libAppli>
                            </ns0:IdentSiloAdherente>
                            <ns0:SignaletiqueAdherentePM>
                                <ns0:raisonSociale>SODEC SAS</ns0:raisonSociale>
                            </ns0:SignaletiqueAdherentePM>
                            <ns0:ContratAdherente>
                                <ns0:IdentContratAdherente>
                                    <ns0:IdentSiloContrat>
                                        <ns0:idSilo>RG151504882S4305564</ns0:idSilo>
                                        <ns0:libNomSilo>ERE PTV2/3</ns0:libNomSilo>
                                        <ns0:codeAppli>A0252</ns0:codeAppli>
                                        <ns0:libAppli>PTV</ns0:libAppli>
                                        <ns0:codeSysInfo>ERE</ns0:codeSysInfo>
                                        <ns0:libSysInfo>Epargne Retraite Entreprise</ns0:libSysInfo>
                                    </ns0:IdentSiloContrat>
                                    <ns0:IdentContratPere>
                                        <ns0:IdentsPere>
                                            <ns0:valeurId>RG151504882</ns0:valeurId>
                                            <ns0:typeId>CONTRAT</ns0:typeId>
                                        </ns0:IdentsPere>
                                    </ns0:IdentContratPere>
                                </ns0:IdentContratAdherente>
                                <ns0:ContratCollAdherente>
                                    <ns0:CategPersonnelAdherente>
                                        <ns0:idCategPers>10377</ns0:idCategPers>
                                        <ns0:codeCategPers>99</ns0:codeCategPers>
                                        <ns0:libCategPers>Tam au sens de la définition des niveaux, emplois et
                                            catégories au sein de la CC "Commerce de Détail et de Gros à Prédominance
                                            Alimentaire", ainsi que les salariés cotisant à l'AGIRC
                                        </ns0:libCategPers>
                                        <ns0:codeSitCategPers>RECOUV</ns0:codeSitCategPers>
                                        <ns0:codeSitCategPersSilo>R</ns0:codeSitCategPersSilo>
                                        <ns0:dateEffetCategPers>2013-10-01</ns0:dateEffetCategPers>
                                        <ns0:libSitCategPers>Mise en recouvrement</ns0:libSitCategPers>
                                        <ns0:libSitCategPersSilo>Mise en recouvrement</ns0:libSitCategPersSilo>
                                        <ns0:dateSitCategPers>2013-10-01</ns0:dateSitCategPers>
                                    </ns0:CategPersonnelAdherente>
                                </ns0:ContratCollAdherente>
                            </ns0:ContratAdherente>
                        </ns0:Adhesion>
                        <ns0:Adhesion>
                            <ns0:idAdhesion>RG151504882S2199544</ns0:idAdhesion>
                            <ns0:dateEffetAdhesion>2013-10-01</ns0:dateEffetAdhesion>
                            <ns0:codeSitAdhesion>VALID</ns0:codeSitAdhesion>
                            <ns0:libSitAdhesion>Validé</ns0:libSitAdhesion>
                            <ns0:codeSitAdhesionSilo>V</ns0:codeSitAdhesionSilo>
                            <ns0:libSitAdhesionSilo>Valider</ns0:libSitAdhesionSilo>
                            <ns0:dateSitAdhesion>2013-10-01</ns0:dateSitAdhesion>
                            <ns0:IdentSiloAdherente>
                                <ns0:idSilo>S2199544</ns0:idSilo>
                                <ns0:codeAppli>A0499</ns0:codeAppli>
                                <ns0:libAppli>EGESPER</ns0:libAppli>
                            </ns0:IdentSiloAdherente>
                            <ns0:SignaletiqueAdherentePM>
                                <ns0:raisonSociale>CEETRUS</ns0:raisonSociale>
                            </ns0:SignaletiqueAdherentePM>
                            <ns0:ContratAdherente>
                                <ns0:IdentContratAdherente>
                                    <ns0:IdentSiloContrat>
                                        <ns0:idSilo>RG151504882S2199544</ns0:idSilo>
                                        <ns0:libNomSilo>ERE PTV2/3</ns0:libNomSilo>
                                        <ns0:codeAppli>A0252</ns0:codeAppli>
                                        <ns0:libAppli>PTV</ns0:libAppli>
                                        <ns0:codeSysInfo>ERE</ns0:codeSysInfo>
                                        <ns0:libSysInfo>Epargne Retraite Entreprise</ns0:libSysInfo>
                                    </ns0:IdentSiloContrat>
                                    <ns0:IdentContratPere>
                                        <ns0:IdentsPere>
                                            <ns0:valeurId>RG151504882</ns0:valeurId>
                                            <ns0:typeId>CONTRAT</ns0:typeId>
                                        </ns0:IdentsPere>
                                    </ns0:IdentContratPere>
                                </ns0:IdentContratAdherente>
                                <ns0:ContratCollAdherente>
                                    <ns0:CategPersonnelAdherente>
                                        <ns0:idCategPers>10452</ns0:idCategPers>
                                        <ns0:codeCategPers>99</ns0:codeCategPers>
                                        <ns0:libCategPers>Tam au sens de la définition des niveaux, emplois et
                                            catégories au sein de la CC "Commerce de Détail et de Gros à Prédominance
                                            Alimentaire", ainsi que les salariés cotisant à l'AGIRC
                                        </ns0:libCategPers>
                                        <ns0:codeSitCategPers>RECOUV</ns0:codeSitCategPers>
                                        <ns0:codeSitCategPersSilo>R</ns0:codeSitCategPersSilo>
                                        <ns0:dateEffetCategPers>2013-10-01</ns0:dateEffetCategPers>
                                        <ns0:libSitCategPers>Mise en recouvrement</ns0:libSitCategPers>
                                        <ns0:libSitCategPersSilo>Mise en recouvrement</ns0:libSitCategPersSilo>
                                        <ns0:dateSitCategPers>2013-10-01</ns0:dateSitCategPers>
                                    </ns0:CategPersonnelAdherente>
                                </ns0:ContratCollAdherente>
                            </ns0:ContratAdherente>
                        </ns0:Adhesion>
                        <ns0:Adhesion>
                            <ns0:idAdhesion>RG151504882S2199524</ns0:idAdhesion>
                            <ns0:dateEffetAdhesion>2013-10-01</ns0:dateEffetAdhesion>
                            <ns0:codeSitAdhesion>VALID</ns0:codeSitAdhesion>
                            <ns0:libSitAdhesion>Validé</ns0:libSitAdhesion>
                            <ns0:codeSitAdhesionSilo>V</ns0:codeSitAdhesionSilo>
                            <ns0:libSitAdhesionSilo>Valider</ns0:libSitAdhesionSilo>
                            <ns0:dateSitAdhesion>2013-10-01</ns0:dateSitAdhesion>
                            <ns0:IdentSiloAdherente>
                                <ns0:idSilo>S2199524</ns0:idSilo>
                                <ns0:codeAppli>A0499</ns0:codeAppli>
                                <ns0:libAppli>EGESPER</ns0:libAppli>
                            </ns0:IdentSiloAdherente>
                            <ns0:SignaletiqueAdherentePM>
                                <ns0:raisonSociale>AUCHAN HOLDING</ns0:raisonSociale>
                            </ns0:SignaletiqueAdherentePM>
                            <ns0:ContratAdherente>
                                <ns0:IdentContratAdherente>
                                    <ns0:IdentSiloContrat>
                                        <ns0:idSilo>RG151504882S2199524</ns0:idSilo>
                                        <ns0:libNomSilo>ERE PTV2/3</ns0:libNomSilo>
                                        <ns0:codeAppli>A0252</ns0:codeAppli>
                                        <ns0:libAppli>PTV</ns0:libAppli>
                                        <ns0:codeSysInfo>ERE</ns0:codeSysInfo>
                                        <ns0:libSysInfo>Epargne Retraite Entreprise</ns0:libSysInfo>
                                    </ns0:IdentSiloContrat>
                                    <ns0:IdentContratPere>
                                        <ns0:IdentsPere>
                                            <ns0:valeurId>RG151504882</ns0:valeurId>
                                            <ns0:typeId>CONTRAT</ns0:typeId>
                                        </ns0:IdentsPere>
                                    </ns0:IdentContratPere>
                                </ns0:IdentContratAdherente>
                                <ns0:ContratCollAdherente>
                                    <ns0:CategPersonnelAdherente>
                                        <ns0:idCategPers>10453</ns0:idCategPers>
                                        <ns0:codeCategPers>99</ns0:codeCategPers>
                                        <ns0:libCategPers>Tam au sens de la définition des niveaux, emplois et
                                            catégories au sein de la CC "Commerce de Détail et de Gros à Prédominance
                                            Alimentaire", ainsi que les salariés cotisant à l'AGIRC
                                        </ns0:libCategPers>
                                        <ns0:codeSitCategPers>STOPQT</ns0:codeSitCategPers>
                                        <ns0:codeSitCategPersSilo>Q</ns0:codeSitCategPersSilo>
                                        <ns0:dateEffetCategPers>2013-10-01</ns0:dateEffetCategPers>
                                        <ns0:libSitCategPers>Arrêt de quittancement</ns0:libSitCategPers>
                                        <ns0:libSitCategPersSilo>Arrêt de quittancement</ns0:libSitCategPersSilo>
                                        <ns0:dateSitCategPers>2019-01-01</ns0:dateSitCategPers>
                                    </ns0:CategPersonnelAdherente>
                                </ns0:ContratCollAdherente>
                            </ns0:ContratAdherente>
                        </ns0:Adhesion>
                        <ns0:Adhesion>
                            <ns0:idAdhesion>RG151504882S4305320</ns0:idAdhesion>
                            <ns0:dateEffetAdhesion>2013-10-01</ns0:dateEffetAdhesion>
                            <ns0:codeSitAdhesion>VALID</ns0:codeSitAdhesion>
                            <ns0:libSitAdhesion>Validé</ns0:libSitAdhesion>
                            <ns0:codeSitAdhesionSilo>V</ns0:codeSitAdhesionSilo>
                            <ns0:libSitAdhesionSilo>Valider</ns0:libSitAdhesionSilo>
                            <ns0:dateSitAdhesion>2013-10-01</ns0:dateSitAdhesion>
                            <ns0:IdentSiloAdherente>
                                <ns0:idSilo>S4305320</ns0:idSilo>
                                <ns0:codeAppli>A0499</ns0:codeAppli>
                                <ns0:libAppli>EGESPER</ns0:libAppli>
                            </ns0:IdentSiloAdherente>
                            <ns0:SignaletiqueAdherentePM>
                                <ns0:raisonSociale>AUCHAN RETAIL INTERNATIONAL</ns0:raisonSociale>
                            </ns0:SignaletiqueAdherentePM>
                            <ns0:ContratAdherente>
                                <ns0:IdentContratAdherente>
                                    <ns0:IdentSiloContrat>
                                        <ns0:idSilo>RG151504882S4305320</ns0:idSilo>
                                        <ns0:libNomSilo>ERE PTV2/3</ns0:libNomSilo>
                                        <ns0:codeAppli>A0252</ns0:codeAppli>
                                        <ns0:libAppli>PTV</ns0:libAppli>
                                        <ns0:codeSysInfo>ERE</ns0:codeSysInfo>
                                        <ns0:libSysInfo>Epargne Retraite Entreprise</ns0:libSysInfo>
                                    </ns0:IdentSiloContrat>
                                    <ns0:IdentContratPere>
                                        <ns0:IdentsPere>
                                            <ns0:valeurId>RG151504882</ns0:valeurId>
                                            <ns0:typeId>CONTRAT</ns0:typeId>
                                        </ns0:IdentsPere>
                                    </ns0:IdentContratPere>
                                </ns0:IdentContratAdherente>
                                <ns0:ContratCollAdherente>
                                    <ns0:CategPersonnelAdherente>
                                        <ns0:idCategPers>10454</ns0:idCategPers>
                                        <ns0:codeCategPers>99</ns0:codeCategPers>
                                        <ns0:libCategPers>Tam au sens de la définition des niveaux, emplois et
                                            catégories au sein de la CC "Commerce de Détail et de Gros à Prédominance
                                            Alimentaire", ainsi que les salariés cotisant à l'AGIRC
                                        </ns0:libCategPers>
                                        <ns0:codeSitCategPers>RECOUV</ns0:codeSitCategPers>
                                        <ns0:codeSitCategPersSilo>R</ns0:codeSitCategPersSilo>
                                        <ns0:dateEffetCategPers>2013-10-01</ns0:dateEffetCategPers>
                                        <ns0:libSitCategPers>Mise en recouvrement</ns0:libSitCategPers>
                                        <ns0:libSitCategPersSilo>Mise en recouvrement</ns0:libSitCategPersSilo>
                                        <ns0:dateSitCategPers>2013-10-01</ns0:dateSitCategPers>
                                    </ns0:CategPersonnelAdherente>
                                </ns0:ContratCollAdherente>
                            </ns0:ContratAdherente>
                        </ns0:Adhesion>
                        <ns0:Adhesion>
                            <ns0:idAdhesion>RG151504882S4305336</ns0:idAdhesion>
                            <ns0:dateEffetAdhesion>2013-10-01</ns0:dateEffetAdhesion>
                            <ns0:codeSitAdhesion>VALID</ns0:codeSitAdhesion>
                            <ns0:libSitAdhesion>Validé</ns0:libSitAdhesion>
                            <ns0:codeSitAdhesionSilo>V</ns0:codeSitAdhesionSilo>
                            <ns0:libSitAdhesionSilo>Valider</ns0:libSitAdhesionSilo>
                            <ns0:dateSitAdhesion>2013-10-01</ns0:dateSitAdhesion>
                            <ns0:IdentSiloAdherente>
                                <ns0:idSilo>S4305336</ns0:idSilo>
                                <ns0:codeAppli>A0499</ns0:codeAppli>
                                <ns0:libAppli>EGESPER</ns0:libAppli>
                            </ns0:IdentSiloAdherente>
                            <ns0:SignaletiqueAdherentePM>
                                <ns0:raisonSociale>SNC ORGA INTRA-GROUPE DES ACHATS</ns0:raisonSociale>
                            </ns0:SignaletiqueAdherentePM>
                            <ns0:ContratAdherente>
                                <ns0:IdentContratAdherente>
                                    <ns0:IdentSiloContrat>
                                        <ns0:idSilo>RG151504882S4305336</ns0:idSilo>
                                        <ns0:libNomSilo>ERE PTV2/3</ns0:libNomSilo>
                                        <ns0:codeAppli>A0252</ns0:codeAppli>
                                        <ns0:libAppli>PTV</ns0:libAppli>
                                        <ns0:codeSysInfo>ERE</ns0:codeSysInfo>
                                        <ns0:libSysInfo>Epargne Retraite Entreprise</ns0:libSysInfo>
                                    </ns0:IdentSiloContrat>
                                    <ns0:IdentContratPere>
                                        <ns0:IdentsPere>
                                            <ns0:valeurId>RG151504882</ns0:valeurId>
                                            <ns0:typeId>CONTRAT</ns0:typeId>
                                        </ns0:IdentsPere>
                                    </ns0:IdentContratPere>
                                </ns0:IdentContratAdherente>
                                <ns0:ContratCollAdherente>
                                    <ns0:CategPersonnelAdherente>
                                        <ns0:idCategPers>10455</ns0:idCategPers>
                                        <ns0:codeCategPers>99</ns0:codeCategPers>
                                        <ns0:libCategPers>Tam au sens de la définition des niveaux, emplois et
                                            catégories au sein de la CC "Commerce de Détail et de Gros à Prédominance
                                            Alimentaire", ainsi que les salariés cotisant à l'AGIRC
                                        </ns0:libCategPers>
                                        <ns0:codeSitCategPers>RECOUV</ns0:codeSitCategPers>
                                        <ns0:codeSitCategPersSilo>R</ns0:codeSitCategPersSilo>
                                        <ns0:dateEffetCategPers>2013-10-01</ns0:dateEffetCategPers>
                                        <ns0:libSitCategPers>Mise en recouvrement</ns0:libSitCategPers>
                                        <ns0:libSitCategPersSilo>Mise en recouvrement</ns0:libSitCategPersSilo>
                                        <ns0:dateSitCategPers>2013-10-01</ns0:dateSitCategPers>
                                    </ns0:CategPersonnelAdherente>
                                </ns0:ContratCollAdherente>
                            </ns0:ContratAdherente>
                        </ns0:Adhesion>
                    </ns0:ContratColl>
                </ns0:Contrat>
            </ns0:ConsulterContratGeneralesFunc>
        </ns0:ConsulterContratGeneralesResponse>
    </SOAP-ENV:Body>
</SOAP-ENV:Envelope>
