</ns0:idAssureurContrat><ns0:libAssureurContrat>LA MONDIALE</ns0:libAssureurContrat><ns0:idDistribproduit>002</ns0:idDistribproduit><ns0:libDistribproduit>LA MONDIALE</ns0:libDistribproduit></ns0:ActeurContrat><ns0:OptContratEpargne><ns0:codeGestCompte>C3PP</ns0:codeGestCompte><ns0:libGestCompte>Versements obligatoires Part Patronale</ns0:libGestCompte><ns0:codeGestCompteSilo>6</ns0:codeGestCompteSilo><ns0:libGestCompteSilo>Part Patronale</ns0:libGestCompteSilo><ns0:codeTypeFondGere>MIXTE</ns0:codeTypeFondGere><ns0:libTypeFondGere>Mixte</ns0:libTypeFondGere><ns0:codeTypeFondGereSilo>MI</ns0:codeTypeFondGereSilo><ns0:libTypeFondGereSilo>Euro/Unité de compte</ns0:libTypeFondGereSilo><ns0:indicTarifVersementPrimeAutorise>false</ns0:indicTarifVersementPrimeAutorise><ns0:indicRefusArbitrageInternet>false</ns0:indicRefusArbitrageInternet><ns0:indicSortieTotaleContrat>false</ns0:indicSortieTotaleContrat><ns0:indicTypeArbitrageAutorise>true</ns0:indicTypeArbitrageAutorise><ns0:indArbitInterdit>false</ns0:indArbitInterdit></ns0:OptContratEpargne><ns0:ContratColl><ns0:CategPersonnel><ns0:idCategPers>16177</ns0:idCategPers><ns0:codeCategPers>20</ns0:codeCategPers><ns0:libCategPers>Cadres</ns0:libCategPers><ns0:codeSitCategPers>RECOUV</ns0:codeSitCategPers><ns0:codeSitCategPersSilo>R</ns0:codeSitCategPersSilo><ns0:dateEffetCategPers>2020-06-02</ns0:dateEffetCategPers><ns0:libSitCategPers>Mise en recouvrement</ns0:libSitCategPers><ns0:libSitCategPersSilo>Mise en recouvrement</ns0:libSitCategPersSilo><ns0:dateSitCategPers>2020-06-02</ns0:dateSitCategPers></ns0:CategPersonnel><ns0:CategPersonnel><ns0:idCategPers>16176</ns0:idCategPers><ns0:codeCategPers>20</ns0:codeCategPers><ns0:libCategPers>Cadres</ns0:libCategPers><ns0:codeSitCategPers>RECOUV</ns0:codeSitCategPers><ns0:codeSitCategPersSilo>R</ns0:codeSitCategPersSilo><ns0:dateEffetCategPers>2020-06-02</ns0:dateEffetCategPers><ns0:libSitCategPers>Mise en recouvrement</ns0:libSitCategPers><ns0:libSitCategPersSilo>Mise en recouvrement</ns0:libSitCategPersSilo><ns0:dateSitCategPers>2020-06-01</ns0:dateSitCategPers></ns0:CategPersonnel><ns0:CategPersonnel><ns0:idCategPers>16175</ns0:idCategPers><ns0:codeCategPers>20</ns0:codeCategPers><ns0:libCategPers>Cadres</ns0:libCategPers><ns0:codeSitCategPers>RECOUV</ns0:codeSitCategPers><ns0:codeSitCategPersSilo>R</ns0:codeSitCategPersSilo><ns0:dateEffetCategPers>2020-06-02</ns0:dateEffetCategPers><ns0:libSitCategPers>Mise en recouvrement</ns0:libSitCategPers><ns0:libSitCategPersSilo>Mise en recouvrement</ns0:libSitCategPersSilo><ns0:dateSitCategPers>2020-06-02</ns0:dateSitCategPers></ns0:CategPersonnel><ns0:CategPersonnel><ns0:idCategPers>16174</ns0:idCategPers><ns0:codeCategPers>20</ns0:codeCategPers><ns0:libCategPers>Cadres</ns0:libCategPers><ns0:codeSitCategPers>RECOUV</ns0:codeSitCategPers><ns0:codeSitCategPersSilo>R</ns0:codeSitCategPersSilo><ns0:dateEffetCategPers>2020-06-02</ns0:dateEffetCategPers><ns0:libSitCategPers>Mise en recouvrement</ns0:libSitCategPers><ns0:libSitCategPersSilo>Mise en recouvrement</ns0:libSitCategPersSilo><ns0:dateSitCategPers>2020-06-02</ns0:dateSitCategPers></ns0:CategPersonnel></ns0:ContratColl></ns0:Contrat></ns0:ConsulterContratGeneralesFunc></ns0:ConsulterContratGeneralesResponse></SOAP-ENV:Body></SOAP-ENV:Envelope>