<SOAP-ENV:Envelope xmlns:SOAP-ENV="http://schemas.xmlsoap.org/soap/envelope/"><SOAP-ENV:Header><ns:WSResponseMetaInfo xmlns:ns="http://www.fmk.com/ESB/Framework/ESBTechPivotSchema" xmlns:ns0="http://schemas.xmlsoap.org/soap/envelope/" xmlns:xs="http://www.w3.org/2001/XMLSchema" xmlns:xsi="http://www.w3.org/2001/XMLSchema-instance"><ns:FuncFault/><ns:BusinessHeader/></ns:WSResponseMetaInfo></SOAP-ENV:Header><SOAP-ENV:Body><ns0:ConsulterContratGeneralesResponse xmlns:ns0="http://www.alm.com/esb/service/GestContratTer_2/ConsulterContratGenerales_5"><ns0:ConsulterContratGeneralesFunc><ns0:Contrat><ns0:IdentContrat><ns0:IdentSiloContrat><ns0:idSilo>RF113495432025</ns0:idSilo><ns0:codeAppli>A0443</ns0:codeAppli></ns0:IdentSiloContrat><ns0:codeNatContrat>COL</ns0:codeNatContrat><ns0:libNatContrat>Collectif</ns0:libNatContrat><ns0:codeNatContratSilo>C</ns0:codeNatContratSilo><ns0:codeBrcheAssur>RET</ns0:codeBrcheAssur><ns0:libBrcheAssur>RETRAITE</ns0:libBrcheAssur><ns0:libBrcheAssurSilo>RF NT</ns0:libBrcheAssurSilo></ns0:IdentContrat><ns0:InfoContrat><ns0:dateEffet>1995-01-01</ns0:dateEffet><ns0:dateFinEffet>2004-10-01</ns0:dateFinEffet><ns0:codeSitContrat>TRSFRM</ns0:codeSitContrat><ns0:libSitContrat>Transformé</ns0:libSitContrat><ns0:codeSitContratSilo>21</ns0:codeSitContratSilo><ns0:libSitContratSilo>TRANSFORME</ns0:libSitContratSilo><ns0:dateSitContrat>2004-10-01</ns0:dateSitContrat><ns0:codeFiscEpargne>ART83</ns0:codeFiscEpargne><ns0:libFiscEpargne>Article 83</ns0:libFiscEpargne><ns0:libFiscEpargneSilo>ARTICLE 83</ns0:libFiscEpargneSilo><ns0:dateEffetFiscale>1995-01-01</ns0:dateEffetFiscale><ns0:dateFinExerciceFixc>2004-10-01</ns0:dateFinExerciceFixc><ns0:codeOptFiscaliteAffil>C</ns0:codeOptFiscaliteAffil><ns0:libOptFiscaliteAffil>ARTICLE 83</ns0:libOptFiscaliteAffil><ns0:idPortefeuilleContrat>LMX</ns0:idPortefeuilleContrat><ns0:dateTermeCtr>2027-09-30</ns0:dateTermeCtr><ns0:etatCtr>0</ns0:etatCtr></ns0:InfoContrat><ns0:Souscripteurs><ns0:IdentSiloSouscript><ns0:idSilo>S3679701</ns0:idSilo><ns0:codeAppli>A0443</ns0:codeAppli></ns0:IdentSiloSouscript><ns0:SignaletiqueSouscriptPM><ns0:raisonSociale>DELOITTE ET ASSOCIES</ns0:raisonSociale></ns0:SignaletiqueSouscriptPM></ns0:Souscripteurs><ns0:OffreCommSouscrite><ns0:codeOffreComm>RF02V01RES</ns0:codeOffreComm><ns0:libOffreComm>RF NT</ns0:libOffreComm><ns0:numgenContrat>V01</ns0:numgenContrat></ns0:OffreCommSouscrite><ns0:EchPaiementPrime><ns0:codePeriodicite>T</ns0:codePeriodicite><ns0:libPeriodicite>Trimestriel</ns0:libPeriodicite><ns0:libPeriodiciteSilo>TRIMESTRIEL</ns0:libPeriodiciteSilo><ns0:codeEchPaiementCotis>ECH</ns0:codeEchPaiementCotis><ns0:libEchPaiementCotis>Terme Echu</ns0:libEchPaiementCotis><ns0:codeEchPaiementCotisSilo>E</ns0:codeEchPaiementCotisSilo><ns0:libEchPaiementCotisSilo>ECHU</ns0:libEchPaiementCotisSilo><ns0:codeDevise>EUR</ns0:codeDevise><ns0:montantPrimeAnnualisee>0.0</ns0:montantPrimeAnnualisee><ns0:CoordonneesBanc><ns0:CoordonneesCmptBanc><ns0:codeBIC>SGABLULLXXX</ns0:codeBIC><ns0:codeIBAN>LU860614426592600EUR</ns0:codeIBAN></ns0:CoordonneesCmptBanc></ns0:CoordonneesBanc></ns0:EchPaiementPrime><ns0:ActeurContrat><ns0:idAssureurContrat>1</ns0:idAssureurContrat><ns0:libAssureurContrat>La Mondiale</ns0:libAssureurContrat><ns0:idApporteurAffaire>73</ns0:idApporteurAffaire><ns0:libApporteurAffaire>MARIE GUY</ns0:libApporteurAffaire><ns0:idDistribproduit>RES</ns0:idDistribproduit><ns0:libDistribproduit>RESEAU</ns0:libDistribproduit></ns0:ActeurContrat><ns0:OptContratEpargne><ns0:codeGestCompte>PP</ns0:codeGestCompte><ns0:libGestCompte>Part Patronale</ns0:libGestCompte><ns0:libGestCompteSilo>PART PATRONALE</ns0:libGestCompteSilo><ns0:codeTypeFondGere>EURO</ns0:codeTypeFondGere><ns0:libTypeFondGere>EURO</ns0:libTypeFondGere></ns0:OptContratEpargne><ns0:ContratColl><ns0:CategPersonnel><ns0:codeCategPers>99</ns0:codeCategPers><ns0:libCategPers>CADRES SUPERIEURS</ns0:libCategPers><ns0:ContratCatPers><ns0:InfoContrat><ns0:dateEffet>1995-01-01</ns0:dateEffet><ns0:dateFinEffet>2004-10-01</ns0:dateFinEffet><ns0:codeSitCtr>TRSFRM</ns0:codeSitCtr><ns0:libSitCtr>Transformé</ns0:libSitCtr></ns0:InfoContrat><ns0:OfrCialSousc><ns0:IdentOfrSoustn><ns0:codeAppli>A0443</ns0:codeAppli></ns0:IdentOfrSoustn></ns0:OfrCialSousc></ns0:ContratCatPers></ns0:CategPersonnel></ns0:ContratColl><ns0:ContratIndiv><ns0:AssurePrincipal><ns0:IdentSiloAssurPrinc><ns0:idSilo>P0802026</ns0:idSilo><ns0:codeAppli>A0443</ns0:codeAppli></ns0:IdentSiloAssurPrinc><ns0:SignaletiquePPAssurPrinc><ns0:codeCivilite>MR</ns0:codeCivilite><ns0:libCivilite>Monsieur</ns0:libCivilite><ns0:nom>LEURENT</ns0:nom><ns0:prenom>DAMIEN</ns0:prenom><ns0:dateNais>1962-07-13</ns0:dateNais></ns0:SignaletiquePPAssurPrinc></ns0:AssurePrincipal></ns0:ContratIndiv><ns0:RolePersonne><ns0:codeRolePersCtr>24</ns0:codeRolePersCtr><ns0:libRolePersCtr>TIERS PAYEUR</ns0:libRolePersCtr><ns0:IdentPers><ns0:idSilo>S3679701</ns0:idSilo><ns0:codeAppli>A0443</ns0:codeAppli></ns0:IdentPers><ns0:SignaletiquePM><ns0:raisonSociale>DELOITTE ET ASSOCIES</ns0:raisonSociale></ns0:SignaletiquePM></ns0:RolePersonne></ns0:Contrat></ns0:ConsulterContratGeneralesFunc></ns0:ConsulterContratGeneralesResponse></SOAP-ENV:Body></SOAP-ENV:Envelope>