<SOAP-ENV:Envelope xmlns:SOAP-ENV="http://schemas.xmlsoap.org/soap/envelope/"><SOAP-ENV:Header><ns:WSResponseMetaInfo xmlns:ns="http://www.fmk.com/ESB/Framework/ESBTechPivotSchema" xmlns:ns0="http://schemas.xmlsoap.org/soap/envelope/" xmlns:xs="http://www.w3.org/2001/XMLSchema" xmlns:xsi="http://www.w3.org/2001/XMLSchema-instance"><ns:FuncFault/><ns:BusinessHeader/></ns:WSResponseMetaInfo></SOAP-ENV:Header><SOAP-ENV:Body><ns0:ConsulterContratGeneralesResponse xmlns:ns0="http://www.alm.com/esb/service/GestContratTer_2/ConsulterContratGenerales_5"><ns0:ConsulterContratGeneralesFunc><ns0:Contrat><ns0:IdentContrat><ns0:IdentSiloContrat><ns0:idSilo>RP151170232</ns0:idSilo><ns0:libNomSilo>ERE PTV2/3</ns0:libNomSilo><ns0:codeAppli>A0252</ns0:codeAppli><ns0:libAppli>PTV</ns0:libAppli><ns0:codeSysInfo>ERE</ns0:codeSysInfo><ns0:libSysInfo>Epargne Retraite Entreprise</ns0:libSysInfo></ns0:IdentSiloContrat></ns0:IdentContrat><ns0:InfoContrat><ns0:dateEffet>2010-01-01</ns0:dateEffet><ns0:codeSitContrat>VALID</ns0:codeSitContrat><ns0:libSitContrat>Validé</ns0:libSitContrat><ns0:codeSitContratSilo>V</ns0:codeSitContratSilo><ns0:libSitContratSilo>Valider</ns0:libSitContratSilo><ns0:dateSitContrat>2010-01-01</ns0:dateSitContrat><ns0:codeFiscEpargne>PERE</ns0:codeFiscEpargne><ns0:libFiscEpargne>PERE</ns0:libFiscEpargne><ns0:codeFiscEpargneSilo>D</ns0:codeFiscEpargneSilo><ns0:libFiscEpargneSilo>PERE</ns0:libFiscEpargneSilo><ns0:codeOptFiscaliteAffil>D</ns0:codeOptFiscaliteAffil><ns0:libOptFiscaliteAffil>Fiscalité P.E.A</ns0:libOptFiscaliteAffil><ns0:idPortefeuilleContrat>ARI</ns0:idPortefeuilleContrat><ns0:nomPortefeuilleContrat>ARIAL ASSURANCE</ns0:nomPortefeuilleContrat></ns0:InfoContrat><ns0:Souscripteurs><ns0:IdentSiloSouscript><ns0:idSilo>S3629716</ns0:idSilo><ns0:codeAppli>A0499</ns0:codeAppli><ns0:libAppli>EGESPER</ns0:libAppli></ns0:IdentSiloSouscript><ns0:SignaletiqueSouscriptPM><ns0:raisonSociale>DELOITTE SA</ns0:raisonSociale></ns0:SignaletiqueSouscriptPM></ns0:Souscripteurs><ns0:OffreCommSouscrite><ns0:codeOffreComm>RP01001ARI</ns0:codeOffreComm><ns0:libOffreComm>ARIAL Retraite Entreprise</ns0:libOffreComm><ns0:codeTypeContrat>RP01</ns0:codeTypeContrat><ns0:numgenContrat>001</ns0:numgenContrat></ns0:OffreCommSouscrite><ns0:ActeurContrat><ns0:idAssureurContrat>ARI</ns0:idAssureurContrat><ns0:libAssureurContrat>ARIAL CNP ASSURANCES</ns0:libAssureurContrat><ns0:idDistribproduit>001</ns0:idDistribproduit><ns0:libDistribproduit>ARIAL CNP ASSURANCES</ns0:libDistribproduit></ns0:ActeurContrat><ns0:OptContratEpargne><ns0:codeGestCompte>VL</ns0:codeGestCompte><ns0:libGestCompte>Versement Libre</ns0:libGestCompte><ns0:codeGestCompteSilo>5</ns0:codeGestCompteSilo><ns0:libGestCompteSilo>Versement Libre</ns0:libGestCompteSilo><ns0:codeTypeFondGere>MIXTE</ns0:codeTypeFondGere><ns0:libTypeFondGere>Mixte</ns0:libTypeFondGere><ns0:codeTypeFondGereSilo>MI</ns0:codeTypeFondGereSilo><ns0:libTypeFondGereSilo>Euro/Unité de compte</ns0:libTypeFondGereSilo><ns0:indicAutorChoixPlacementDiff>false</ns0:indicAutorChoixPlacementDiff><ns0:indicRefusVersementFacultatif>false</ns0:indicRefusVersementFacultatif><ns0:indicTarifVersementPrimeAutorise>false</ns0:indicTarifVersementPrimeAutorise><ns0:indicRefusArbitrageInternet>true</ns0:indicRefusArbitrageInternet><ns0:nbeArbitrageAnn>1</ns0:nbeArbitrageAnn><ns0:indicSortieTotaleContrat>true</ns0:indicSortieTotaleContrat><ns0:indicTypeArbitrageAutorise>false</ns0:indicTypeArbitrageAutorise><ns0:echFixeArbit>01/01</ns0:echFixeArbit><ns0:indArbitInterdit>false</ns0:indArbitInterdit></ns0:OptContratEpargne><ns0:ContratColl><ns0:CategPersonnel><ns0:idCategPers>8163</ns0:idCategPers><ns0:codeCategPers>9</ns0:codeCategPers><ns0:libCategPers>Cadres dirigeants salaries</ns0:libCategPers><ns0:codeSitCategPers>RECOUV</ns0:codeSitCategPers><ns0:codeSitCategPersSilo>R</ns0:codeSitCategPersSilo><ns0:dateEffetCategPers>2010-01-01</ns0:dateEffetCategPers><ns0:libSitCategPers>Mise en recouvrement</ns0:libSitCategPers><ns0:libSitCategPersSilo>Mise en recouvrement</ns0:libSitCategPersSilo><ns0:dateSitCategPers>2010-01-01</ns0:dateSitCategPers></ns0:CategPersonnel><ns0:Adhesion><ns0:idAdhesion>RP151170232S4201137</ns0:idAdhesion><ns0:dateEffetAdhesion>2011-06-01</ns0:dateEffetAdhesion><ns0:codeSitAdhesion>VALID</ns0:codeSitAdhesion><ns0:libSitAdhesion>Validé</ns0:libSitAdhesion><ns0:codeSitAdhesionSilo>V</ns0:codeSitAdhesionSilo><ns0:libSitAdhesionSilo>Valider</ns0:libSitAdhesionSilo><ns0:dateSitAdhesion>2011-06-01</ns0:dateSitAdhesion><ns0:IdentSiloAdherente><ns0:idSilo>S4201137</ns0:idSilo><ns0:codeAppli>A0499</ns0:codeAppli><ns0:libAppli>EGESPER</ns0:libAppli></ns0:IdentSiloAdherente><ns0:SignaletiqueAdherentePM><ns0:raisonSociale>DELOITTE INFINEO</ns0:raisonSociale></ns0:SignaletiqueAdherentePM><ns0:ContratAdherente><ns0:IdentContratAdherente><ns0:IdentSiloContrat><ns0:idSilo>RP151170232S4201137</ns0:idSilo><ns0:libNomSilo>ERE PTV2/3</ns0:libNomSilo><ns0:codeAppli>A0252</ns0:codeAppli><ns0:libAppli>PTV</ns0:libAppli><ns0:codeSysInfo>ERE</ns0:codeSysInfo><ns0:libSysInfo>Epargne Retraite Entreprise</ns0:libSysInfo></ns0:IdentSiloContrat><ns0:IdentContratPere><ns0:IdentsPere><ns0:valeurId>RP151170232</ns0:valeurId><ns0:typeId>CONTRAT</ns0:typeId></ns0:IdentsPere></ns0:IdentContratPere></ns0:IdentContratAdherente><ns0:ContratCollAdherente><ns0:CategPersonnelAdherente><ns0:idCategPers>9149</ns0:idCategPers><ns0:codeCategPers>9</ns0:codeCategPers><ns0:libCategPers>Cadres dirigeants salaries</ns0:libCategPers><ns0:codeSitCategPers>RECOUV</ns0:codeSitCategPers><ns0:codeSitCategPersSilo>R</ns0:codeSitCategPersSilo><ns0:dateEffetCategPers>2011-06-01</ns0:dateEffetCategPers><ns0:libSitCategPers>Mise en recouvrement</ns0:libSitCategPers><ns0:libSitCategPersSilo>Mise en recouvrement</ns0:libSitCategPersSilo><ns0:dateSitCategPers>2011-06-01</ns0:dateSitCategPers></ns0:CategPersonnelAdherente></ns0:ContratCollAdherente></ns0:ContratAdherente></ns0:Adhesion><ns0:Adhesion><ns0:idAdhesion>RP151170232S3629723</ns0:idAdhesion><ns0:dateEffetAdhesion>2010-01-01</ns0:dateEffetAdhesion><ns0:codeSitAdhesion>VALID</ns0:codeSitAdhesion><ns0:libSitAdhesion>Validé</ns0:libSitAdhesion><ns0:codeSitAdhesionSilo>V</ns0:codeSitAdhesionSilo><ns0:libSitAdhesionSilo>Valider</ns0:libSitAdhesionSilo><ns0:dateSitAdhesion>2010-01-01</ns0:dateSitAdhesion><ns0:IdentSiloAdherente><ns0:idSilo>S3629723</ns0:idSilo><ns0:codeAppli>A0499</ns0:codeAppli><ns0:libAppli>EGESPER</ns0:libAppli></ns0:IdentSiloAdherente><ns0:SignaletiqueAdherentePM><ns0:raisonSociale>DELOITTE CONSEIL</ns0:raisonSociale></ns0:SignaletiqueAdherentePM><ns0:ContratAdherente><ns0:IdentContratAdherente><ns0:IdentSiloContrat><ns0:idSilo>RP151170232S3629723</ns0:idSilo><ns0:libNomSilo>ERE PTV2/3</ns0:libNomSilo><ns0:codeAppli>A0252</ns0:codeAppli><ns0:libAppli>PTV</ns0:libAppli><ns0:codeSysInfo>ERE</ns0:codeSysInfo><ns0:libSysInfo>Epargne Retraite Entreprise</ns0:libSysInfo></ns0:IdentSiloContrat><ns0:IdentContratPere><ns0:IdentsPere><ns0:valeurId>RP151170232</ns0:valeurId><ns0:typeId>CONTRAT</ns0:typeId></ns0:IdentsPere></ns0:IdentContratPere></ns0:IdentContratAdherente><ns0:ContratCollAdherente><ns0:CategPersonnelAdherente><ns0:idCategPers>8356</ns0:idCategPers><ns0:codeCategPers>9</ns0:codeCategPers><ns0:libCategPers>Cadres dirigeants salaries</ns0:libCategPers><ns0:codeSitCategPers>RECOUV</ns0:codeSitCategPers><ns0:codeSitCategPersSilo>R</ns0:codeSitCategPersSilo><ns0:dateEffetCategPers>2010-01-01</ns0:dateEffetCategPers><ns0:libSitCategPers>Mise en recouvrement</ns0:libSitCategPers><ns0:libSitCategPersSilo>Mise en recouvrement</ns0:libSitCategPersSilo><ns0:dateSitCategPers>2010-01-01</ns0:dateSitCategPers></ns0:CategPersonnelAdherente></ns0:ContratCollAdherente></ns0:ContratAdherente></ns0:Adhesion><ns0:Adhesion><ns0:idAdhesion>RP151170232S3679701</ns0:idAdhesion><ns0:dateEffetAdhesion>2010-01-01</ns0:dateEffetAdhesion><ns0:codeSitAdhesion>VALID</ns0:codeSitAdhesion><ns0:libSitAdhesion>Validé</ns0:libSitAdhesion><ns0:codeSitAdhesionSilo>V</ns0:codeSitAdhesionSilo><ns0:libSitAdhesionSilo>Valider</ns0:libSitAdhesionSilo><ns0:dateSitAdhesion>2010-01-01</ns0:dateSitAdhesion><ns0:IdentSiloAdherente><ns0:idSilo>S3679701</ns0:idSilo><ns0:codeAppli>A0499</ns0:codeAppli><ns0:libAppli>EGESPER</ns0:libAppli></ns0:IdentSiloAdherente><ns0:SignaletiqueAdherentePM><ns0:raisonSociale>DELOITTE ET ASSOCIES</ns0:raisonSociale></ns0:SignaletiqueAdherentePM><ns0:ContratAdherente><ns0:IdentContratAdherente><ns0:IdentSiloContrat><ns0:idSilo>RP151170232S3679701</ns0:idSilo><ns0:libNomSilo>ERE PTV2/3</ns0:libNomSilo><ns0:codeAppli>A0252</ns0:codeAppli><ns0:libAppli>PTV</ns0:libAppli><ns0:codeSysInfo>ERE</ns0:codeSysInfo><ns0:libSysInfo>Epargne Retraite Entreprise</ns0:libSysInfo></ns0:IdentSiloContrat><ns0:IdentContratPere><ns0:IdentsPere><ns0:valeurId>RP151170232</ns0:valeurId><ns0:typeId>CONTRAT</ns0:typeId></ns0:IdentsPere></ns0:IdentContratPere></ns0:IdentContratAdherente><ns0:ContratCollAdherente><ns0:CategPersonnelAdherente><ns0:idCategPers>8357</ns0:idCategPers><ns0:codeCategPers>9</ns0:codeCategPers><ns0:libCategPers>Cadres dirigeants salaries</ns0:libCategPers><ns0:codeSitCategPers>RECOUV</ns0:codeSitCategPers><ns0:codeSitCategPersSilo>R</ns0:codeSitCategPersSilo><ns0:dateEffetCategPers>2010-01-01</ns0:dateEffetCategPers><ns0:libSitCategPers>Mise en recouvrement</ns0:libSitCategPers><ns0:libSitCategPersSilo>Mise en recouvrement</ns0:libSitCategPersSilo><ns0:dateSitCategPers>2010-01-01</ns0:dateSitCategPers></ns0:CategPersonnelAdherente></ns0:ContratCollAdherente></ns0:ContratAdherente></ns0:Adhesion><ns0:Adhesion><ns0:idAdhesion>RP151170232S2157685</ns0:idAdhesion><ns0:dateEffetAdhesion>2010-01-01</ns0:dateEffetAdhesion><ns0:codeSitAdhesion>VALID</ns0:codeSitAdhesion><ns0:libSitAdhesion>Validé</ns0:libSitAdhesion><ns0:codeSitAdhesionSilo>V</ns0:codeSitAdhesionSilo><ns0:libSitAdhesionSilo>Valider</ns0:libSitAdhesionSilo><ns0:dateSitAdhesion>2010-01-01</ns0:dateSitAdhesion><ns0:IdentSiloAdherente><ns0:idSilo>S2157685</ns0:idSilo><ns0:codeAppli>A0499</ns0:codeAppli><ns0:libAppli>EGESPER</ns0:libAppli></ns0:IdentSiloAdherente><ns0:SignaletiqueAdherentePM><ns0:raisonSociale>DELOITTE FINANCE</ns0:raisonSociale></ns0:SignaletiqueAdherentePM><ns0:ContratAdherente><ns0:IdentContratAdherente><ns0:IdentSiloContrat><ns0:idSilo>RP151170232S2157685</ns0:idSilo><ns0:libNomSilo>ERE PTV2/3</ns0:libNomSilo><ns0:codeAppli>A0252</ns0:codeAppli><ns0:libAppli>PTV</ns0:libAppli><ns0:codeSysInfo>ERE</ns0:codeSysInfo><ns0:libSysInfo>Epargne Retraite Entreprise</ns0:libSysInfo></ns0:IdentSiloContrat><ns0:IdentContratPere><ns0:IdentsPere><ns0:valeurId>RP151170232</ns0:valeurId><ns0:typeId>CONTRAT</ns0:typeId></ns0:IdentsPere></ns0:IdentContratPere></ns0:IdentContratAdherente><ns0:ContratCollAdherente><ns0:CategPersonnelAdherente><ns0:idCategPers>8358</ns0:idCategPers><ns0:codeCategPers>9</ns0:codeCategPers><ns0:libCategPers>Cadres dirigeants salaries</ns0:libCategPers><ns0:codeSitCategPers>RECOUV</ns0:codeSitCategPers><ns0:codeSitCategPersSilo>R</ns0:codeSitCategPersSilo><ns0:dateEffetCategPers>2010-01-01</ns0:dateEffetCategPers><ns0:libSitCategPers>Mise en recouvrement</ns0:libSitCategPers><ns0:libSitCategPersSilo>Mise en recouvrement</ns0:libSitCategPersSilo><ns0:dateSitCategPers>2010-01-01</ns0:dateSitCategPers></ns0:CategPersonnelAdherente></ns0:ContratCollAdherente></ns0:ContratAdherente></ns0:Adhesion><ns0:Adhesion><ns0:idAdhesion>RP151170232S3840631</ns0:idAdhesion><ns0:dateEffetAdhesion>2010-01-01</ns0:dateEffetAdhesion><ns0:codeSitAdhesion>VALID</ns0:codeSitAdhesion><ns0:libSitAdhesion>Validé</ns0:libSitAdhesion><ns0:codeSitAdhesionSilo>V</ns0:codeSitAdhesionSilo><ns0:libSitAdhesionSilo>Valider</ns0:libSitAdhesionSilo><ns0:dateSitAdhesion>2010-01-01</ns0:dateSitAdhesion><ns0:IdentSiloAdherente><ns0:idSilo>S3840631</ns0:idSilo><ns0:codeAppli>A0499</ns0:codeAppli><ns0:libAppli>EGESPER</ns0:libAppli></ns0:IdentSiloAdherente><ns0:SignaletiqueAdherentePM><ns0:raisonSociale>DELOITTE FINANCE TS</ns0:raisonSociale></ns0:SignaletiqueAdherentePM><ns0:ContratAdherente><ns0:IdentContratAdherente><ns0:IdentSiloContrat><ns0:idSilo>RP151170232S3840631</ns0:idSilo><ns0:libNomSilo>ERE PTV2/3</ns0:libNomSilo><ns0:codeAppli>A0252</ns0:codeAppli><ns0:libAppli>PTV</ns0:libAppli><ns0:codeSysInfo>ERE</ns0:codeSysInfo><ns0:libSysInfo>Epargne Retraite Entreprise</ns0:libSysInfo></ns0:IdentSiloContrat><ns0:IdentContratPere><ns0:IdentsPere><ns0:valeurId>RP151170232</ns0:valeurId><ns0:typeId>CONTRAT</ns0:typeId></ns0:IdentsPere></ns0:IdentContratPere></ns0:IdentContratAdherente><ns0:ContratCollAdherente><ns0:CategPersonnelAdherente><ns0:idCategPers>8359</ns0:idCategPers><ns0:codeCategPers>9</ns0:codeCategPers><ns0:libCategPers>Cadres dirigeants salaries</ns0:libCategPers><ns0:codeSitCategPers>RECOUV</ns0:codeSitCategPers><ns0:codeSitCategPersSilo>R</ns0:codeSitCategPersSilo><ns0:dateEffetCategPers>2010-01-01</ns0:dateEffetCategPers><ns0:libSitCategPers>Mise en recouvrement</ns0:libSitCategPers><ns0:libSitCategPersSilo>Mise en recouvrement</ns0:libSitCategPersSilo><ns0:dateSitCategPers>2010-01-01</ns0:dateSitCategPers></ns0:CategPersonnelAdherente></ns0:ContratCollAdherente></ns0:ContratAdherente></ns0:Adhesion><ns0:Adhesion><ns0:idAdhesion>RP151170232S4032678</ns0:idAdhesion><ns0:dateEffetAdhesion>2010-01-01</ns0:dateEffetAdhesion><ns0:codeSitAdhesion>VALID</ns0:codeSitAdhesion><ns0:libSitAdhesion>Validé</ns0:libSitAdhesion><ns0:codeSitAdhesionSilo>V</ns0:codeSitAdhesionSilo><ns0:libSitAdhesionSilo>Valider</ns0:libSitAdhesionSilo><ns0:dateSitAdhesion>2010-01-01</ns0:dateSitAdhesion><ns0:IdentSiloAdherente><ns0:idSilo>S4032678</ns0:idSilo><ns0:codeAppli>A0499</ns0:codeAppli><ns0:libAppli>EGESPER</ns0:libAppli></ns0:IdentSiloAdherente><ns0:SignaletiqueAdherentePM><ns0:raisonSociale>SA CABINET VALLY &amp; ASSOCIES</ns0:raisonSociale></ns0:SignaletiqueAdherentePM><ns0:ContratAdherente><ns0:IdentContratAdherente><ns0:IdentSiloContrat><ns0:idSilo>RP151170232S4032678</ns0:idSilo><ns0:libNomSilo>ERE PTV2/3</ns0:libNomSilo><ns0:codeAppli>A0252</ns0:codeAppli><ns0:libAppli>PTV</ns0:libAppli><ns0:codeSysInfo>ERE</ns0:codeSysInfo><ns0:libSysInfo>Epargne Retraite Entreprise</ns0:libSysInfo></ns0:IdentSiloContrat><ns0:IdentContratPere><ns0:IdentsPere><ns0:valeurId>RP151170232</ns0:valeurId><ns0:typeId>CONTRAT</ns0:typeId></ns0:IdentsPere></ns0:IdentContratPere></ns0:IdentContratAdherente><ns0:ContratCollAdherente><ns0:CategPersonnelAdherente><ns0:idCategPers>8361</ns0:idCategPers><ns0:codeCategPers>9</ns0:codeCategPers><ns0:libCategPers>Cadres dirigeants salaries</ns0:libCategPers><ns0:codeSitCategPers>RECOUV</ns0:codeSitCategPers><ns0:codeSitCategPersSilo>R</ns0:codeSitCategPersSilo><ns0:dateEffetCategPers>2010-01-01</ns0:dateEffetCategPers><ns0:libSitCategPers>Mise en recouvrement</ns0:libSitCategPers><ns0:libSitCategPersSilo>Mise en recouvrement</ns0:libSitCategPersSilo><ns0:dateSitCategPers>2010-01-01</ns0:dateSitCategPers></ns0:CategPersonnelAdherente></ns0:ContratCollAdherente></ns0:ContratAdherente></ns0:Adhesion><ns0:Adhesion><ns0:idAdhesion>RP151170232S4210188</ns0:idAdhesion><ns0:dateEffetAdhesion>2011-06-01</ns0:dateEffetAdhesion><ns0:codeSitAdhesion>VALID</ns0:codeSitAdhesion><ns0:libSitAdhesion>Validé</ns0:libSitAdhesion><ns0:codeSitAdhesionSilo>V</ns0:codeSitAdhesionSilo><ns0:libSitAdhesionSilo>Valider</ns0:libSitAdhesionSilo><ns0:dateSitAdhesion>2011-06-01</ns0:dateSitAdhesion><ns0:IdentSiloAdherente><ns0:idSilo>S4210188</ns0:idSilo><ns0:codeAppli>A0499</ns0:codeAppli><ns0:libAppli>EGESPER</ns0:libAppli></ns0:IdentSiloAdherente><ns0:SignaletiqueAdherentePM><ns0:raisonSociale>FIDUCIAIRE INTERNATIONALE D'AUDIT FINA</ns0:raisonSociale></ns0:SignaletiqueAdherentePM><ns0:ContratAdherente><ns0:IdentContratAdherente><ns0:IdentSiloContrat><ns0:idSilo>RP151170232S4210188</ns0:idSilo><ns0:libNomSilo>ERE PTV2/3</ns0:libNomSilo><ns0:codeAppli>A0252</ns0:codeAppli><ns0:libAppli>PTV</ns0:libAppli><ns0:codeSysInfo>ERE</ns0:codeSysInfo><ns0:libSysInfo>Epargne Retraite Entreprise</ns0:libSysInfo></ns0:IdentSiloContrat><ns0:IdentContratPere><ns0:IdentsPere><ns0:valeurId>RP151170232</ns0:valeurId><ns0:typeId>CONTRAT</ns0:typeId></ns0:IdentsPere></ns0:IdentContratPere></ns0:IdentContratAdherente><ns0:ContratCollAdherente><ns0:CategPersonnelAdherente><ns0:idCategPers>9153</ns0:idCategPers><ns0:codeCategPers>9</ns0:codeCategPers><ns0:libCategPers>Cadres dirigeants salaries</ns0:libCategPers><ns0:codeSitCategPers>RECOUV</ns0:codeSitCategPers><ns0:codeSitCategPersSilo>R</ns0:codeSitCategPersSilo><ns0:dateEffetCategPers>2011-06-01</ns0:dateEffetCategPers><ns0:libSitCategPers>Mise en recouvrement</ns0:libSitCategPers><ns0:libSitCategPersSilo>Mise en recouvrement</ns0:libSitCategPersSilo><ns0:dateSitCategPers>2011-06-01</ns0:dateSitCategPers></ns0:CategPersonnelAdherente></ns0:ContratCollAdherente></ns0:ContratAdherente></ns0:Adhesion></ns0:ContratColl></ns0:Contrat></ns0:ConsulterContratGeneralesFunc></ns0:ConsulterContratGeneralesResponse></SOAP-ENV:Body></SOAP-ENV:Envelope>