<SOAP-ENV:Envelope xmlns:SOAP-ENV="http://schemas.xmlsoap.org/soap/envelope/"><SOAP-ENV:Header><ns:WSResponseMetaInfo xmlns:ns="http://www.fmk.com/ESB/Framework/ESBTechPivotSchema" xmlns:ns0="http://schemas.xmlsoap.org/soap/envelope/" xmlns:xs="http://www.w3.org/2001/XMLSchema" xmlns:xsi="http://www.w3.org/2001/XMLSchema-instance" xmlns:SOAP-ENV="http://schemas.xmlsoap.org/soap/envelope/"><ns:FuncFault/><ns:BusinessHeader/></ns:WSResponseMetaInfo></SOAP-ENV:Header><SOAP-ENV:Body><ns0:ConsulterContratGeneralesResponse xmlns:ns0="http://www.alm.com/esb/service/GestContratTer_2/ConsulterContratGenerales_5"><ns0:ConsulterContratGeneralesFunc><ns0:Contrat><ns0:IdentContrat><ns0:IdentSiloContrat><ns0:idSilo>RG138182320</ns0:idSilo><ns0:libNomSilo>ERE PTV2/3</ns0:libNomSilo><ns0:codeAppli>A0252</ns0:codeAppli><ns0:libAppli>PTV</ns0:libAppli><ns0:codeSysInfo>ERE</ns0:codeSysInfo><ns0:libSysInfo>Epargne Retraite Entreprise</ns0:libSysInfo></ns0:IdentSiloContrat></ns0:IdentContrat><ns0:InfoContrat><ns0:dateEffet>2003-01-01</ns0:dateEffet><ns0:codeSitContrat>VALID</ns0:codeSitContrat><ns0:libSitContrat>Validé</ns0:libSitContrat><ns0:codeSitContratSilo>V</ns0:codeSitContratSilo><ns0:libSitContratSilo>Valider</ns0:libSitContratSilo><ns0:dateSitContrat>2003-01-01</ns0:dateSitContrat><ns0:codeFiscEpargne>ART83</ns0:codeFiscEpargne><ns0:libFiscEpargne>Article 83</ns0:libFiscEpargne><ns0:codeFiscEpargneSilo>C</ns0:codeFiscEpargneSilo><ns0:libFiscEpargneSilo>Article 83</ns0:libFiscEpargneSilo><ns0:codeOptFiscaliteAffil>A</ns0:codeOptFiscaliteAffil><ns0:libOptFiscaliteAffil>Fiscalité classique</ns0:libOptFiscaliteAffil><ns0:idPortefeuilleContrat>ARI</ns0:idPortefeuilleContrat><ns0:nomPortefeuilleContrat>ARIAL ASSURANCE</ns0:nomPortefeuilleContrat><ns0:dateMigrationCtr>2003-01-01</ns0:dateMigrationCtr></ns0:InfoContrat><ns0:Souscripteurs><ns0:IdentSiloSouscript><ns0:idSilo>S2022840</ns0:idSilo><ns0:codeAppli>A0499</ns0:codeAppli><ns0:libAppli>EGESPER</ns0:libAppli></ns0:IdentSiloSouscript><ns0:SignaletiqueSouscriptPM><ns0:raisonSociale>ASSU 2000</ns0:raisonSociale></ns0:SignaletiqueSouscriptPM></ns0:Souscripteurs><ns0:OffreCommSouscrite><ns0:codeOffreComm>RG01001ARI</ns0:codeOffreComm><ns0:libOffreComm>Plan d'Epargne Retraite Entreprises</ns0:libOffreComm><ns0:codeTypeContrat>RG01</ns0:codeTypeContrat><ns0:numgenContrat>001</ns0:numgenContrat></ns0:OffreCommSouscrite><ns0:ActeurContrat><ns0:idAssureurContrat>ARI</ns0:idAssureurContrat><ns0:libAssureurContrat>ARIAL CNP ASSURANCES</ns0:libAssureurContrat><ns0:idDistribproduit>001</ns0:idDistribproduit><ns0:libDistribproduit>ARIAL CNP ASSURANCES</ns0:libDistribproduit></ns0:ActeurContrat><ns0:OptContratEpargne><ns0:codeGestCompte>PPVL</ns0:codeGestCompte><ns0:libGestCompte>Part Patronale / Versement Libre</ns0:libGestCompte><ns0:codeGestCompteSilo>4</ns0:codeGestCompteSilo><ns0:libGestCompteSilo>Part Patronale / Versement Libre</ns0:libGestCompteSilo><ns0:codeTypeFondGere>MIXTE</ns0:codeTypeFondGere><ns0:libTypeFondGere>Mixte</ns0:libTypeFondGere><ns0:codeTypeFondGereSilo>MI</ns0:codeTypeFondGereSilo><ns0:libTypeFondGereSilo>Euro/Unité de compte</ns0:libTypeFondGereSilo><ns0:indicAutorChoixPlacementDiff>false</ns0:indicAutorChoixPlacementDiff><ns0:indicRefusVersementFacultatif>false</ns0:indicRefusVersementFacultatif><ns0:indicTarifVersementPrimeAutorise>false</ns0:indicTarifVersementPrimeAutorise><ns0:indicRefusArbitrageInternet>true</ns0:indicRefusArbitrageInternet><ns0:nbeArbitrageAnn>1</ns0:nbeArbitrageAnn><ns0:indicSortieTotaleContrat>false</ns0:indicSortieTotaleContrat><ns0:indicTypeArbitrageAutorise>false</ns0:indicTypeArbitrageAutorise><ns0:echFixeArbit>01/01</ns0:echFixeArbit><ns0:indArbitInterdit>false</ns0:indArbitInterdit></ns0:OptContratEpargne><ns0:ContratColl><ns0:CategPersonnel><ns0:idCategPers>1697</ns0:idCategPers><ns0:codeCategPers>30</ns0:codeCategPers><ns0:libCategPers>Ensemble du personnel</ns0:libCategPers><ns0:codeSitCategPers>RECOUV</ns0:codeSitCategPers><ns0:codeSitCategPersSilo>R</ns0:codeSitCategPersSilo><ns0:dateEffetCategPers>2003-01-01</ns0:dateEffetCategPers><ns0:libSitCategPers>Mise en recouvrement</ns0:libSitCategPers><ns0:libSitCategPersSilo>Mise en recouvrement</ns0:libSitCategPersSilo><ns0:dateSitCategPers>2003-01-01</ns0:dateSitCategPers></ns0:CategPersonnel><ns0:Adhesion><ns0:idAdhesion>RG138182320S5016024</ns0:idAdhesion><ns0:dateEffetAdhesion>2019-04-01</ns0:dateEffetAdhesion><ns0:codeSitAdhesion>VALID</ns0:codeSitAdhesion><ns0:libSitAdhesion>Validé</ns0:libSitAdhesion><ns0:codeSitAdhesionSilo>V</ns0:codeSitAdhesionSilo><ns0:libSitAdhesionSilo>Valider</ns0:libSitAdhesionSilo><ns0:dateSitAdhesion>2019-04-01</ns0:dateSitAdhesion><ns0:IdentSiloAdherente><ns0:idSilo>S5016024</ns0:idSilo><ns0:codeAppli>A0499</ns0:codeAppli><ns0:libAppli>EGESPER</ns0:libAppli></ns0:IdentSiloAdherente><ns0:SignaletiqueAdherentePM><ns0:raisonSociale>INNOVF</ns0:raisonSociale></ns0:SignaletiqueAdherentePM><ns0:ContratAdherente><ns0:IdentContratAdherente><ns0:IdentSiloContrat><ns0:idSilo>RG138182320S5016024</ns0:idSilo><ns0:libNomSilo>ERE PTV2/3</ns0:libNomSilo><ns0:codeAppli>A0252</ns0:codeAppli><ns0:libAppli>PTV</ns0:libAppli><ns0:codeSysInfo>ERE</ns0:codeSysInfo><ns0:libSysInfo>Epargne Retraite Entreprise</ns0:libSysInfo></ns0:IdentSiloContrat><ns0:IdentContratPere><ns0:IdentsPere><ns0:valeurId>RG138182320</ns0:valeurId><ns0:typeId>CONTRAT</ns0:typeId></ns0:IdentsPere></ns0:IdentContratPere></ns0:IdentContratAdherente><ns0:ContratCollAdherente><ns0:CategPersonnelAdherente><ns0:idCategPers>14389</ns0:idCategPers><ns0:codeCategPers>30</ns0:codeCategPers><ns0:libCategPers>Ensemble du personnel</ns0:libCategPers><ns0:codeSitCategPers>RECOUV</ns0:codeSitCategPers><ns0:codeSitCategPersSilo>R</ns0:codeSitCategPersSilo><ns0:dateEffetCategPers>2019-04-01</ns0:dateEffetCategPers><ns0:libSitCategPers>Mise en recouvrement</ns0:libSitCategPers><ns0:libSitCategPersSilo>Mise en recouvrement</ns0:libSitCategPersSilo><ns0:dateSitCategPers>2019-04-01</ns0:dateSitCategPers></ns0:CategPersonnelAdherente></ns0:ContratCollAdherente></ns0:ContratAdherente></ns0:Adhesion><ns0:Adhesion><ns0:idAdhesion>RG138182320S4296592</ns0:idAdhesion><ns0:dateEffetAdhesion>2017-01-01</ns0:dateEffetAdhesion><ns0:codeSitAdhesion>VALID</ns0:codeSitAdhesion><ns0:libSitAdhesion>Validé</ns0:libSitAdhesion><ns0:codeSitAdhesionSilo>V</ns0:codeSitAdhesionSilo><ns0:libSitAdhesionSilo>Valider</ns0:libSitAdhesionSilo><ns0:dateSitAdhesion>2017-01-01</ns0:dateSitAdhesion><ns0:IdentSiloAdherente><ns0:idSilo>S4296592</ns0:idSilo><ns0:codeAppli>A0499</ns0:codeAppli><ns0:libAppli>EGESPER</ns0:libAppli></ns0:IdentSiloAdherente><ns0:SignaletiqueAdherentePM><ns0:raisonSociale>GIE AMAE</ns0:raisonSociale></ns0:SignaletiqueAdherentePM><ns0:ContratAdherente><ns0:IdentContratAdherente><ns0:IdentSiloContrat><ns0:idSilo>RG138182320S4296592</ns0:idSilo><ns0:libNomSilo>ERE PTV2/3</ns0:libNomSilo><ns0:codeAppli>A0252</ns0:codeAppli><ns0:libAppli>PTV</ns0:libAppli><ns0:codeSysInfo>ERE</ns0:codeSysInfo><ns0:libSysInfo>Epargne Retraite Entreprise</ns0:libSysInfo></ns0:IdentSiloContrat><ns0:IdentContratPere><ns0:IdentsPere><ns0:valeurId>RG138182320</ns0:valeurId><ns0:typeId>CONTRAT</ns0:typeId></ns0:IdentsPere></ns0:IdentContratPere></ns0:IdentContratAdherente><ns0:ContratCollAdherente><ns0:CategPersonnelAdherente><ns0:idCategPers>12149</ns0:idCategPers><ns0:codeCategPers>30</ns0:codeCategPers><ns0:libCategPers>Ensemble du personnel</ns0:libCategPers><ns0:codeSitCategPers>RECOUV</ns0:codeSitCategPers><ns0:codeSitCategPersSilo>R</ns0:codeSitCategPersSilo><ns0:dateEffetCategPers>2017-01-01</ns0:dateEffetCategPers><ns0:libSitCategPers>Mise en recouvrement</ns0:libSitCategPers><ns0:libSitCategPersSilo>Mise en recouvrement</ns0:libSitCategPersSilo><ns0:dateSitCategPers>2017-01-01</ns0:dateSitCategPers></ns0:CategPersonnelAdherente></ns0:ContratCollAdherente></ns0:ContratAdherente></ns0:Adhesion><ns0:Adhesion><ns0:idAdhesion>RG138182320S4373938</ns0:idAdhesion><ns0:dateEffetAdhesion>2015-01-01</ns0:dateEffetAdhesion><ns0:codeSitAdhesion>VALID</ns0:codeSitAdhesion><ns0:libSitAdhesion>Validé</ns0:libSitAdhesion><ns0:codeSitAdhesionSilo>V</ns0:codeSitAdhesionSilo><ns0:libSitAdhesionSilo>Valider</ns0:libSitAdhesionSilo><ns0:dateSitAdhesion>2015-01-01</ns0:dateSitAdhesion><ns0:IdentSiloAdherente><ns0:idSilo>S4373938</ns0:idSilo><ns0:codeAppli>A0499</ns0:codeAppli><ns0:libAppli>EGESPER</ns0:libAppli></ns0:IdentSiloAdherente><ns0:SignaletiqueAdherentePM><ns0:raisonSociale>AB ASSUR</ns0:raisonSociale></ns0:SignaletiqueAdherentePM><ns0:ContratAdherente><ns0:IdentContratAdherente><ns0:IdentSiloContrat><ns0:idSilo>RG138182320S4373938</ns0:idSilo><ns0:libNomSilo>ERE PTV2/3</ns0:libNomSilo><ns0:codeAppli>A0252</ns0:codeAppli><ns0:libAppli>PTV</ns0:libAppli><ns0:codeSysInfo>ERE</ns0:codeSysInfo><ns0:libSysInfo>Epargne Retraite Entreprise</ns0:libSysInfo></ns0:IdentSiloContrat><ns0:IdentContratPere><ns0:IdentsPere><ns0:valeurId>RG138182320</ns0:valeurId><ns0:typeId>CONTRAT</ns0:typeId></ns0:IdentsPere></ns0:IdentContratPere></ns0:IdentContratAdherente><ns0:ContratCollAdherente><ns0:CategPersonnelAdherente><ns0:idCategPers>10952</ns0:idCategPers><ns0:codeCategPers>30</ns0:codeCategPers><ns0:libCategPers>Ensemble du personnel</ns0:libCategPers><ns0:codeSitCategPers>STOPQT</ns0:codeSitCategPers><ns0:codeSitCategPersSilo>Q</ns0:codeSitCategPersSilo><ns0:dateEffetCategPers>2015-01-01</ns0:dateEffetCategPers><ns0:libSitCategPers>Arrêt de quittancement</ns0:libSitCategPers><ns0:libSitCategPersSilo>Arrêt de quittancement</ns0:libSitCategPersSilo><ns0:dateSitCategPers>2016-01-01</ns0:dateSitCategPers></ns0:CategPersonnelAdherente></ns0:ContratCollAdherente></ns0:ContratAdherente></ns0:Adhesion><ns0:Adhesion><ns0:idAdhesion>RG138182320S4051148</ns0:idAdhesion><ns0:dateEffetAdhesion>2009-01-01</ns0:dateEffetAdhesion><ns0:codeSitAdhesion>VALID</ns0:codeSitAdhesion><ns0:libSitAdhesion>Validé</ns0:libSitAdhesion><ns0:codeSitAdhesionSilo>V</ns0:codeSitAdhesionSilo><ns0:libSitAdhesionSilo>Valider</ns0:libSitAdhesionSilo><ns0:dateSitAdhesion>2010-02-17</ns0:dateSitAdhesion><ns0:IdentSiloAdherente><ns0:idSilo>S4051148</ns0:idSilo><ns0:codeAppli>A0499</ns0:codeAppli><ns0:libAppli>EGESPER</ns0:libAppli></ns0:IdentSiloAdherente><ns0:SignaletiqueAdherentePM><ns0:raisonSociale>ASSU 2000 PARTICIPATIONS</ns0:raisonSociale></ns0:SignaletiqueAdherentePM><ns0:ContratAdherente><ns0:IdentContratAdherente><ns0:IdentSiloContrat><ns0:idSilo>RG138182320S4051148</ns0:idSilo><ns0:libNomSilo>ERE PTV2/3</ns0:libNomSilo><ns0:codeAppli>A0252</ns0:codeAppli><ns0:libAppli>PTV</ns0:libAppli><ns0:codeSysInfo>ERE</ns0:codeSysInfo><ns0:libSysInfo>Epargne Retraite Entreprise</ns0:libSysInfo></ns0:IdentSiloContrat><ns0:IdentContratPere><ns0:IdentsPere><ns0:valeurId>RG138182320</ns0:valeurId><ns0:typeId>CONTRAT</ns0:typeId></ns0:IdentsPere></ns0:IdentContratPere></ns0:IdentContratAdherente><ns0:ContratCollAdherente><ns0:CategPersonnelAdherente><ns0:idCategPers>7895</ns0:idCategPers><ns0:codeCategPers>30</ns0:codeCategPers><ns0:libCategPers>Ensemble du personnel</ns0:libCategPers><ns0:codeSitCategPers>RECOUV</ns0:codeSitCategPers><ns0:codeSitCategPersSilo>R</ns0:codeSitCategPersSilo><ns0:dateEffetCategPers>2009-01-01</ns0:dateEffetCategPers><ns0:libSitCategPers>Mise en recouvrement</ns0:libSitCategPers><ns0:libSitCategPersSilo>Mise en recouvrement</ns0:libSitCategPersSilo><ns0:dateSitCategPers>2009-01-01</ns0:dateSitCategPers></ns0:CategPersonnelAdherente></ns0:ContratCollAdherente></ns0:ContratAdherente></ns0:Adhesion><ns0:Adhesion><ns0:idAdhesion>RG138182320S4242147</ns0:idAdhesion><ns0:dateEffetAdhesion>2012-06-01</ns0:dateEffetAdhesion><ns0:codeSitAdhesion>VALID</ns0:codeSitAdhesion><ns0:libSitAdhesion>Validé</ns0:libSitAdhesion><ns0:codeSitAdhesionSilo>V</ns0:codeSitAdhesionSilo><ns0:libSitAdhesionSilo>Valider</ns0:libSitAdhesionSilo><ns0:dateSitAdhesion>2012-06-01</ns0:dateSitAdhesion><ns0:IdentSiloAdherente><ns0:idSilo>S4242147</ns0:idSilo><ns0:codeAppli>A0499</ns0:codeAppli><ns0:libAppli>EGESPER</ns0:libAppli></ns0:IdentSiloAdherente><ns0:SignaletiqueAdherentePM><ns0:raisonSociale>AB COURTAGE</ns0:raisonSociale></ns0:SignaletiqueAdherentePM><ns0:ContratAdherente><ns0:IdentContratAdherente><ns0:IdentSiloContrat><ns0:idSilo>RG138182320S4242147</ns0:idSilo><ns0:libNomSilo>ERE PTV2/3</ns0:libNomSilo><ns0:codeAppli>A0252</ns0:codeAppli><ns0:libAppli>PTV</ns0:libAppli><ns0:codeSysInfo>ERE</ns0:codeSysInfo><ns0:libSysInfo>Epargne Retraite Entreprise</ns0:libSysInfo></ns0:IdentSiloContrat><ns0:IdentContratPere><ns0:IdentsPere><ns0:valeurId>RG138182320</ns0:valeurId><ns0:typeId>CONTRAT</ns0:typeId></ns0:IdentsPere></ns0:IdentContratPere></ns0:IdentContratAdherente><ns0:ContratCollAdherente><ns0:CategPersonnelAdherente><ns0:idCategPers>9858</ns0:idCategPers><ns0:codeCategPers>30</ns0:codeCategPers><ns0:libCategPers>Ensemble du personnel</ns0:libCategPers><ns0:codeSitCategPers>RECOUV</ns0:codeSitCategPers><ns0:codeSitCategPersSilo>R</ns0:codeSitCategPersSilo><ns0:dateEffetCategPers>2012-06-01</ns0:dateEffetCategPers><ns0:libSitCategPers>Mise en recouvrement</ns0:libSitCategPers><ns0:libSitCategPersSilo>Mise en recouvrement</ns0:libSitCategPersSilo><ns0:dateSitCategPers>2012-04-01</ns0:dateSitCategPers></ns0:CategPersonnelAdherente></ns0:ContratCollAdherente></ns0:ContratAdherente></ns0:Adhesion><ns0:Adhesion><ns0:idAdhesion>RG138182320S4394367</ns0:idAdhesion><ns0:dateEffetAdhesion>2015-03-01</ns0:dateEffetAdhesion><ns0:codeSitAdhesion>VALID</ns0:codeSitAdhesion><ns0:libSitAdhesion>Validé</ns0:libSitAdhesion><ns0:codeSitAdhesionSilo>V</ns0:codeSitAdhesionSilo><ns0:libSitAdhesionSilo>Valider</ns0:libSitAdhesionSilo><ns0:dateSitAdhesion>2015-03-01</ns0:dateSitAdhesion><ns0:IdentSiloAdherente><ns0:idSilo>S4394367</ns0:idSilo><ns0:codeAppli>A0499</ns0:codeAppli><ns0:libAppli>EGESPER</ns0:libAppli></ns0:IdentSiloAdherente><ns0:SignaletiqueAdherentePM><ns0:raisonSociale>PROFIRST</ns0:raisonSociale></ns0:SignaletiqueAdherentePM><ns0:ContratAdherente><ns0:IdentContratAdherente><ns0:IdentSiloContrat><ns0:idSilo>RG138182320S4394367</ns0:idSilo><ns0:libNomSilo>ERE PTV2/3</ns0:libNomSilo><ns0:codeAppli>A0252</ns0:codeAppli><ns0:libAppli>PTV</ns0:libAppli><ns0:codeSysInfo>ERE</ns0:codeSysInfo><ns0:libSysInfo>Epargne Retraite Entreprise</ns0:libSysInfo></ns0:IdentSiloContrat><ns0:IdentContratPere><ns0:IdentsPere><ns0:valeurId>RG138182320</ns0:valeurId><ns0:typeId>CONTRAT</ns0:typeId></ns0:IdentsPere></ns0:IdentContratPere></ns0:IdentContratAdherente><ns0:ContratCollAdherente><ns0:CategPersonnelAdherente><ns0:idCategPers>11357</ns0:idCategPers><ns0:codeCategPers>30</ns0:codeCategPers><ns0:libCategPers>Ensemble du personnel</ns0:libCategPers><ns0:codeSitCategPers>RECOUV</ns0:codeSitCategPers><ns0:codeSitCategPersSilo>R</ns0:codeSitCategPersSilo><ns0:dateEffetCategPers>2015-03-01</ns0:dateEffetCategPers><ns0:libSitCategPers>Mise en recouvrement</ns0:libSitCategPers><ns0:libSitCategPersSilo>Mise en recouvrement</ns0:libSitCategPersSilo><ns0:dateSitCategPers>2015-01-01</ns0:dateSitCategPers></ns0:CategPersonnelAdherente></ns0:ContratCollAdherente></ns0:ContratAdherente></ns0:Adhesion><ns0:Adhesion><ns0:idAdhesion>RG138182320S4432128</ns0:idAdhesion><ns0:dateEffetAdhesion>2016-01-01</ns0:dateEffetAdhesion><ns0:codeSitAdhesion>VALID</ns0:codeSitAdhesion><ns0:libSitAdhesion>Validé</ns0:libSitAdhesion><ns0:codeSitAdhesionSilo>V</ns0:codeSitAdhesionSilo><ns0:libSitAdhesionSilo>Valider</ns0:libSitAdhesionSilo><ns0:dateSitAdhesion>2016-01-01</ns0:dateSitAdhesion><ns0:IdentSiloAdherente><ns0:idSilo>S4432128</ns0:idSilo><ns0:codeAppli>A0499</ns0:codeAppli><ns0:libAppli>EGESPER</ns0:libAppli></ns0:IdentSiloAdherente><ns0:SignaletiqueAdherentePM><ns0:raisonSociale>L'ASSUREUR CREDIT</ns0:raisonSociale></ns0:SignaletiqueAdherentePM><ns0:ContratAdherente><ns0:IdentContratAdherente><ns0:IdentSiloContrat><ns0:idSilo>RG138182320S4432128</ns0:idSilo><ns0:libNomSilo>ERE PTV2/3</ns0:libNomSilo><ns0:codeAppli>A0252</ns0:codeAppli><ns0:libAppli>PTV</ns0:libAppli><ns0:codeSysInfo>ERE</ns0:codeSysInfo><ns0:libSysInfo>Epargne Retraite Entreprise</ns0:libSysInfo></ns0:IdentSiloContrat><ns0:IdentContratPere><ns0:IdentsPere><ns0:valeurId>RG138182320</ns0:valeurId><ns0:typeId>CONTRAT</ns0:typeId></ns0:IdentsPere></ns0:IdentContratPere></ns0:IdentContratAdherente><ns0:ContratCollAdherente><ns0:CategPersonnelAdherente><ns0:idCategPers>11710</ns0:idCategPers><ns0:codeCategPers>30</ns0:codeCategPers><ns0:libCategPers>Ensemble du personnel</ns0:libCategPers><ns0:codeSitCategPers>RECOUV</ns0:codeSitCategPers><ns0:codeSitCategPersSilo>R</ns0:codeSitCategPersSilo><ns0:dateEffetCategPers>2016-01-01</ns0:dateEffetCategPers><ns0:libSitCategPers>Mise en recouvrement</ns0:libSitCategPers><ns0:libSitCategPersSilo>Mise en recouvrement</ns0:libSitCategPersSilo><ns0:dateSitCategPers>2016-01-01</ns0:dateSitCategPers></ns0:CategPersonnelAdherente></ns0:ContratCollAdherente></ns0:ContratAdherente></ns0:Adhesion><ns0:Adhesion><ns0:idAdhesion>RG138182320S4408200</ns0:idAdhesion><ns0:dateEffetAdhesion>2016-01-01</ns0:dateEffetAdhesion><ns0:codeSitAdhesion>VALID</ns0:codeSitAdhesion><ns0:libSitAdhesion>Validé</ns0:libSitAdhesion><ns0:codeSitAdhesionSilo>V</ns0:codeSitAdhesionSilo><ns0:libSitAdhesionSilo>Valider</ns0:libSitAdhesionSilo><ns0:dateSitAdhesion>2016-01-01</ns0:dateSitAdhesion><ns0:IdentSiloAdherente><ns0:idSilo>S4408200</ns0:idSilo><ns0:codeAppli>A0499</ns0:codeAppli><ns0:libAppli>EGESPER</ns0:libAppli></ns0:IdentSiloAdherente><ns0:SignaletiqueAdherentePM><ns0:raisonSociale>AUTOFIRST</ns0:raisonSociale></ns0:SignaletiqueAdherentePM><ns0:ContratAdherente><ns0:IdentContratAdherente><ns0:IdentSiloContrat><ns0:idSilo>RG138182320S4408200</ns0:idSilo><ns0:libNomSilo>ERE PTV2/3</ns0:libNomSilo><ns0:codeAppli>A0252</ns0:codeAppli><ns0:libAppli>PTV</ns0:libAppli><ns0:codeSysInfo>ERE</ns0:codeSysInfo><ns0:libSysInfo>Epargne Retraite Entreprise</ns0:libSysInfo></ns0:IdentSiloContrat><ns0:IdentContratPere><ns0:IdentsPere><ns0:valeurId>RG138182320</ns0:valeurId><ns0:typeId>CONTRAT</ns0:typeId></ns0:IdentsPere></ns0:IdentContratPere></ns0:IdentContratAdherente><ns0:ContratCollAdherente><ns0:CategPersonnelAdherente><ns0:idCategPers>11524</ns0:idCategPers><ns0:codeCategPers>30</ns0:codeCategPers><ns0:libCategPers>Ensemble du personnel</ns0:libCategPers><ns0:codeSitCategPers>RECOUV</ns0:codeSitCategPers><ns0:codeSitCategPersSilo>R</ns0:codeSitCategPersSilo><ns0:dateEffetCategPers>2016-01-01</ns0:dateEffetCategPers><ns0:libSitCategPers>Mise en recouvrement</ns0:libSitCategPers><ns0:libSitCategPersSilo>Mise en recouvrement</ns0:libSitCategPersSilo><ns0:dateSitCategPers>2016-01-01</ns0:dateSitCategPers></ns0:CategPersonnelAdherente></ns0:ContratCollAdherente></ns0:ContratAdherente></ns0:Adhesion></ns0:ContratColl></ns0:Contrat></ns0:ConsulterContratGeneralesFunc></ns0:ConsulterContratGeneralesResponse></SOAP-ENV:Body></SOAP-ENV:Envelope>