<SOAP-ENV:Envelope xmlns:SOAP-ENV="http://schemas.xmlsoap.org/soap/envelope/"><SOAP-ENV:Header><ns:WSResponseMetaInfo xmlns:ns="http://www.fmk.com/ESB/Framework/ESBTechPivotSchema" xmlns:ns0="http://schemas.xmlsoap.org/soap/envelope/" xmlns:xs="http://www.w3.org/2001/XMLSchema" xmlns:xsi="http://www.w3.org/2001/XMLSchema-instance" xmlns:SOAP-ENV="http://schemas.xmlsoap.org/soap/envelope/"><ns:FuncFault/><ns:BusinessHeader/></ns:WSResponseMetaInfo></SOAP-ENV:Header><SOAP-ENV:Body><ns0:ConsulterContratGeneralesResponse xmlns:ns0="http://www.alm.com/esb/service/GestContratTer_2/ConsulterContratGenerales_5"><ns0:ConsulterContratGeneralesFunc><ns0:Contrat><ns0:IdentContrat><ns0:IdentSiloContrat><ns0:idSilo>RA141021122000</ns0:idSilo><ns0:codeAppli>A0443</ns0:codeAppli></ns0:IdentSiloContrat><ns0:codeNatContrat>IND</ns0:codeNatContrat><ns0:libNatContrat>Individuel</ns0:libNatContrat><ns0:codeNatContratSilo>I</ns0:codeNatContratSilo><ns0:codeBrcheAssur>RET</ns0:codeBrcheAssur><ns0:libBrcheAssur>RETRAITE</ns0:libBrcheAssur><ns0:libBrcheAssurSilo>MONDIALE RETRAITE ACTIVE</ns0:libBrcheAssurSilo></ns0:IdentContrat><ns0:InfoContrat><ns0:dateEffet>2003-09-01</ns0:dateEffet><ns0:dateFinEffet>2011-08-05</ns0:dateFinEffet><ns0:codeSitContrat>RACHDEM</ns0:codeSitContrat><ns0:libSitContrat>Racheté demande</ns0:libSitContrat><ns0:codeSitContratSilo>7</ns0:codeSitContratSilo><ns0:libSitContratSilo>RACHETE DEMANDE</ns0:libSitContratSilo><ns0:dateSitContrat>2011-08-05</ns0:dateSitContrat><ns0:codeFiscEpargne>PEP</ns0:codeFiscEpargne><ns0:libFiscEpargne>PEP</ns0:libFiscEpargne><ns0:libFiscEpargneSilo>P.E.P</ns0:libFiscEpargneSilo><ns0:dateFinExerciceFixc>2011-08-05</ns0:dateFinExerciceFixc><ns0:idPortefeuilleContrat>LMX</ns0:idPortefeuilleContrat><ns0:dateTermeCtr>2023-06-30</ns0:dateTermeCtr><ns0:etatCtr>0</ns0:etatCtr></ns0:InfoContrat><ns0:Souscripteurs><ns0:IdentSiloSouscript><ns0:idSilo>S2104191</ns0:idSilo><ns0:codeAppli>A0443</ns0:codeAppli></ns0:IdentSiloSouscript><ns0:SignaletiqueSouscriptPM><ns0:raisonSociale>S.A.R.L. COTES D ARGENT DISTRIBUTION</ns0:raisonSociale><ns0:codeSIREN>385189451</ns0:codeSIREN><ns0:codeSIRET>38518945100029</ns0:codeSIRET></ns0:SignaletiqueSouscriptPM></ns0:Souscripteurs><ns0:OffreCommSouscrite><ns0:codeOffreComm>RA10V02RES</ns0:codeOffreComm><ns0:libOffreComm>MONDIALE RETRAITE ACTIVE</ns0:libOffreComm><ns0:numgenContrat>V02</ns0:numgenContrat></ns0:OffreCommSouscrite><ns0:EchPaiementPrime><ns0:codePeriodicite>T</ns0:codePeriodicite><ns0:libPeriodicite>Trimestriel</ns0:libPeriodicite><ns0:libPeriodiciteSilo>TRIMESTRIEL</ns0:libPeriodiciteSilo><ns0:codeEchPaiementCotis>AVA</ns0:codeEchPaiementCotis><ns0:libEchPaiementCotis>Avance</ns0:libEchPaiementCotis><ns0:codeMoyenPaimt>CHEQ</ns0:codeMoyenPaimt><ns0:libMoyenPaimt>Chèque</ns0:libMoyenPaimt><ns0:codeEchPaiementCotisSilo>A</ns0:codeEchPaiementCotisSilo><ns0:libEchPaiementCotisSilo>AVANCE</ns0:libEchPaiementCotisSilo><ns0:codeDevise>EUR</ns0:codeDevise><ns0:montantPrimeAnnualisee>0.0</ns0:montantPrimeAnnualisee><ns0:CoordonneesBanc><ns0:CoordonneesCmptBanc><ns0:codeBIC>SGABLULLXXX</ns0:codeBIC><ns0:codeIBAN>LU860614426592600EUR</ns0:codeIBAN></ns0:CoordonneesCmptBanc></ns0:CoordonneesBanc></ns0:EchPaiementPrime><ns0:ActeurContrat><ns0:idAssureurContrat>1</ns0:idAssureurContrat><ns0:libAssureurContrat>La Mondiale</ns0:libAssureurContrat><ns0:idApporteurAffaire>19713</ns0:idApporteurAffaire><ns0:libApporteurAffaire>LARREA JACQUES</ns0:libApporteurAffaire><ns0:idDistribproduit>RES</ns0:idDistribproduit><ns0:libDistribproduit>RESEAU</ns0:libDistribproduit></ns0:ActeurContrat><ns0:OptContratEpargne><ns0:codeGestCompte>VL</ns0:codeGestCompte><ns0:libGestCompte>Versement Libre</ns0:libGestCompte><ns0:libGestCompteSilo>VERSEMENT LIBRE</ns0:libGestCompteSilo><ns0:codeTypeFondGere>MIXTE</ns0:codeTypeFondGere><ns0:libTypeFondGere>MIXTE</ns0:libTypeFondGere></ns0:OptContratEpargne><ns0:ContratColl><ns0:CategPersonnel><ns0:codeCategPers>0</ns0:codeCategPers><ns0:ContratCatPers><ns0:InfoContrat><ns0:dateEffet>2003-09-01</ns0:dateEffet><ns0:dateFinEffet>2011-08-05</ns0:dateFinEffet><ns0:codeSitCtr>RACHDEM</ns0:codeSitCtr><ns0:libSitCtr>Racheté demande</ns0:libSitCtr></ns0:InfoContrat><ns0:OfrCialSousc><ns0:IdentOfrSoustn><ns0:codeAppli>A0443</ns0:codeAppli></ns0:IdentOfrSoustn></ns0:OfrCialSousc></ns0:ContratCatPers></ns0:CategPersonnel></ns0:ContratColl><ns0:ContratIndiv><ns0:AssurePrincipal><ns0:IdentSiloAssurPrinc><ns0:idSilo>P2104193</ns0:idSilo><ns0:codeAppli>A0443</ns0:codeAppli></ns0:IdentSiloAssurPrinc><ns0:SignaletiquePPAssurPrinc><ns0:codeCivilite>MR</ns0:codeCivilite><ns0:libCivilite>Monsieur</ns0:libCivilite><ns0:nom>FAUGERE</ns0:nom><ns0:prenom>JEAN PIERRE</ns0:prenom><ns0:dateNais>1958-05-01</ns0:dateNais></ns0:SignaletiquePPAssurPrinc></ns0:AssurePrincipal></ns0:ContratIndiv><ns0:RolePersonne><ns0:codeRolePersCtr>24</ns0:codeRolePersCtr><ns0:libRolePersCtr>TIERS PAYEUR</ns0:libRolePersCtr><ns0:IdentPers><ns0:idSilo>S2104191</ns0:idSilo><ns0:codeAppli>A0443</ns0:codeAppli></ns0:IdentPers><ns0:SignaletiquePM><ns0:raisonSociale>S.A.R.L. COTES D ARGENT DISTRIBUTION</ns0:raisonSociale></ns0:SignaletiquePM></ns0:RolePersonne></ns0:Contrat></ns0:ConsulterContratGeneralesFunc></ns0:ConsulterContratGeneralesResponse></SOAP-ENV:Body></SOAP-ENV:Envelope>