<SOAP-ENV:Envelope xmlns:SOAP-ENV="http://schemas.xmlsoap.org/soap/envelope/"><SOAP-ENV:Header><ns:WSResponseMetaInfo xmlns:ns="http://www.fmk.com/ESB/Framework/ESBTechPivotSchema" xmlns:ns0="http://schemas.xmlsoap.org/soap/envelope/" xmlns:xs="http://www.w3.org/2001/XMLSchema" xmlns:xsi="http://www.w3.org/2001/XMLSchema-instance"><ns:FuncFault/><ns:BusinessHeader/></ns:WSResponseMetaInfo></SOAP-ENV:Header><SOAP-ENV:Body><ns0:ConsulterContratGeneralesResponse xmlns:ns0="http://www.alm.com/esb/service/GestContratTer_2/ConsulterContratGenerales_5"><ns0:ConsulterContratGeneralesFunc><ns0:Contrat><ns0:IdentContrat><ns0:IdentSiloContrat><ns0:idSilo>RG152172242</ns0:idSilo><ns0:libNomSilo>ERE PTV2/3</ns0:libNomSilo><ns0:codeAppli>A0252</ns0:codeAppli><ns0:libAppli>PTV</ns0:libAppli><ns0:codeSysInfo>ERE</ns0:codeSysInfo><ns0:libSysInfo>Epargne Retraite Entreprise</ns0:libSysInfo></ns0:IdentSiloContrat></ns0:IdentContrat><ns0:InfoContrat><ns0:dateEffet>2020-01-01</ns0:dateEffet><ns0:codeSitContrat>VALID</ns0:codeSitContrat><ns0:libSitContrat>Validé</ns0:libSitContrat><ns0:codeSitContratSilo>V</ns0:codeSitContratSilo><ns0:libSitContratSilo>Valider</ns0:libSitContratSilo><ns0:dateSitContrat>2020-01-01</ns0:dateSitContrat><ns0:codeFiscEpargne>PACTE</ns0:codeFiscEpargne><ns0:libFiscEpargne>Pacte</ns0:libFiscEpargne><ns0:codeFiscEpargneSilo>P</ns0:codeFiscEpargneSilo><ns0:libFiscEpargneSilo>PACTE</ns0:libFiscEpargneSilo><ns0:codeOptFiscaliteAffil>A</ns0:codeOptFiscaliteAffil><ns0:libOptFiscaliteAffil>Fiscalité classique</ns0:libOptFiscaliteAffil><ns0:idPortefeuilleContrat>ACA</ns0:idPortefeuilleContrat><ns0:nomPortefeuilleContrat>ARIAL CNP ASSURANCES</ns0:nomPortefeuilleContrat></ns0:InfoContrat><ns0:Souscripteurs><ns0:IdentSiloSouscript><ns0:idSilo>S3926551</ns0:idSilo><ns0:codeAppli>A0499</ns0:codeAppli><ns0:libAppli>EGESPER</ns0:libAppli></ns0:IdentSiloSouscript><ns0:SignaletiqueSouscriptPM><ns0:raisonSociale>ARCHITECTURE PARENT OLIVIER</ns0:raisonSociale></ns0:SignaletiqueSouscriptPM></ns0:Souscripteurs><ns0:OffreCommSouscrite><ns0:codeOffreComm>RG02001ACA</ns0:codeOffreComm><ns0:libOffreComm>PLAN D'EPARGNE RETRAITE OBLIGATOIRE</ns0:libOffreComm><ns0:codeTypeContrat>RG02</ns0:codeTypeContrat><ns0:numgenContrat>001</ns0:numgenContrat></ns0:OffreCommSouscrite><ns0:ActeurContrat><ns0:idAssureurContrat>ARI</ns0:idAssureurContrat><ns0:libAssureurContrat>ARIAL CNP ASSURANCES</ns0:libAssureurContrat><ns0:idDistribproduit>001</ns0:idDistribproduit><ns0:libDistribproduit>ARIAL CNP ASSURANCES</ns0:libDistribproduit></ns0:ActeurContrat><ns0:OptContratEpargne><ns0:codeGestCompte>C3PPPS</ns0:codeGestCompte><ns0:libGestCompte>Versements obligatoires Part Patronale/Salariale</ns0:libGestCompte><ns0:codeGestCompteSilo>7</ns0:codeGestCompteSilo><ns0:libGestCompteSilo>Part Patronale / Part Salariale</ns0:libGestCompteSilo><ns0:codeTypeFondGere>MIXTE</ns0:codeTypeFondGere><ns0:libTypeFondGere>Mixte</ns0:libTypeFondGere><ns0:codeTypeFondGereSilo>MI</ns0:codeTypeFondGereSilo><ns0:libTypeFondGereSilo>Euro/Unité de compte</ns0:libTypeFondGereSilo><ns0:indicTarifVersementPrimeAutorise>false</ns0:indicTarifVersementPrimeAutorise><ns0:indicRefusArbitrageInternet>false</ns0:indicRefusArbitrageInternet><ns0:indicSortieTotaleContrat>false</ns0:indicSortieTotaleContrat></ns0:OptContratEpargne><ns0:ContratColl><ns0:CategPersonnel><ns0:idCategPers>15066</ns0:idCategPers><ns0:codeCategPers>33</ns0:codeCategPers><ns0:libCategPers>Non cadres - art 36 - 4 bis</ns0:libCategPers><ns0:codeSitCategPers>RECOUV</ns0:codeSitCategPers><ns0:codeSitCategPersSilo>R</ns0:codeSitCategPersSilo><ns0:dateEffetCategPers>2020-01-01</ns0:dateEffetCategPers><ns0:libSitCategPers>Mise en recouvrement</ns0:libSitCategPers><ns0:libSitCategPersSilo>Mise en recouvrement</ns0:libSitCategPersSilo><ns0:dateSitCategPers>2020-01-01</ns0:dateSitCategPers></ns0:CategPersonnel><ns0:CategPersonnel><ns0:idCategPers>15065</ns0:idCategPers><ns0:codeCategPers>33</ns0:codeCategPers><ns0:libCategPers>Non cadres - art 36 - 4 bis</ns0:libCategPers><ns0:codeSitCategPers>RECOUV</ns0:codeSitCategPers><ns0:codeSitCategPersSilo>R</ns0:codeSitCategPersSilo><ns0:dateEffetCategPers>2020-01-01</ns0:dateEffetCategPers><ns0:libSitCategPers>Mise en recouvrement</ns0:libSitCategPers><ns0:libSitCategPersSilo>Mise en recouvrement</ns0:libSitCategPersSilo><ns0:dateSitCategPers>2020-01-01</ns0:dateSitCategPers></ns0:CategPersonnel><ns0:CategPersonnel><ns0:idCategPers>15064</ns0:idCategPers><ns0:codeCategPers>33</ns0:codeCategPers><ns0:libCategPers>Non cadres - art 36 - 4 bis</ns0:libCategPers><ns0:codeSitCategPers>RECOUV</ns0:codeSitCategPers><ns0:codeSitCategPersSilo>R</ns0:codeSitCategPersSilo><ns0:dateEffetCategPers>2020-01-01</ns0:dateEffetCategPers><ns0:libSitCategPers>Mise en recouvrement</ns0:libSitCategPers><ns0:libSitCategPersSilo>Mise en recouvrement</ns0:libSitCategPersSilo><ns0:dateSitCategPers>2020-01-01</ns0:dateSitCategPers></ns0:CategPersonnel><ns0:CategPersonnel><ns0:idCategPers>15063</ns0:idCategPers><ns0:codeCategPers>33</ns0:codeCategPers><ns0:libCategPers>Non cadres - art 36 - 4 bis</ns0:libCategPers><ns0:codeSitCategPers>RECOUV</ns0:codeSitCategPers><ns0:codeSitCategPersSilo>R</ns0:codeSitCategPersSilo><ns0:dateEffetCategPers>2020-01-01</ns0:dateEffetCategPers><ns0:libSitCategPers>Mise en recouvrement</ns0:libSitCategPers><ns0:libSitCategPersSilo>Mise en recouvrement</ns0:libSitCategPersSilo><ns0:dateSitCategPers>2020-01-01</ns0:dateSitCategPers></ns0:CategPersonnel><ns0:CategPersonnel><ns0:idCategPers>15062</ns0:idCategPers><ns0:codeCategPers>20</ns0:codeCategPers><ns0:libCategPers>Cadres</ns0:libCategPers><ns0:codeSitCategPers>RECOUV</ns0:codeSitCategPers><ns0:codeSitCategPersSilo>R</ns0:codeSitCategPersSilo><ns0:dateEffetCategPers>2020-01-01</ns0:dateEffetCategPers><ns0:libSitCategPers>Mise en recouvrement</ns0:libSitCategPers><ns0:libSitCategPersSilo>Mise en recouvrement</ns0:libSitCategPersSilo><ns0:dateSitCategPers>2020-01-01</ns0:dateSitCategPers></ns0:CategPersonnel><ns0:CategPersonnel><ns0:idCategPers>15061</ns0:idCategPers><ns0:codeCategPers>20</ns0:codeCategPers><ns0:libCategPers>Cadres</ns0:libCategPers><ns0:codeSitCategPers>RECOUV</ns0:codeSitCategPers><ns0:codeSitCategPersSilo>R</ns0:codeSitCategPersSilo><ns0:dateEffetCategPers>2020-01-01</ns0:dateEffetCategPers><ns0:libSitCategPers>Mise en recouvrement</ns0:libSitCategPers><ns0:libSitCategPersSilo>Mise en recouvrement</ns0:libSitCategPersSilo><ns0:dateSitCategPers>2020-01-01</ns0:dateSitCategPers></ns0:CategPersonnel><ns0:CategPersonnel><ns0:idCategPers>15060</ns0:idCategPers><ns0:codeCategPers>20</ns0:codeCategPers><ns0:libCategPers>Cadres</ns0:libCategPers><ns0:codeSitCategPers>RECOUV</ns0:codeSitCategPers><ns0:codeSitCategPersSilo>R</ns0:codeSitCategPersSilo><ns0:dateEffetCategPers>2020-01-01</ns0:dateEffetCategPers><ns0:libSitCategPers>Mise en recouvrement</ns0:libSitCategPers><ns0:libSitCategPersSilo>Mise en recouvrement</ns0:libSitCategPersSilo><ns0:dateSitCategPers>2020-01-01</ns0:dateSitCategPers></ns0:CategPersonnel><ns0:CategPersonnel><ns0:idCategPers>15059</ns0:idCategPers><ns0:codeCategPers>20</ns0:codeCategPers><ns0:libCategPers>Cadres</ns0:libCategPers><ns0:codeSitCategPers>RECOUV</ns0:codeSitCategPers><ns0:codeSitCategPersSilo>R</ns0:codeSitCategPersSilo><ns0:dateEffetCategPers>2020-01-01</ns0:dateEffetCategPers><ns0:libSitCategPers>Mise en recouvrement</ns0:libSitCategPers><ns0:libSitCategPersSilo>Mise en recouvrement</ns0:libSitCategPersSilo><ns0:dateSitCategPers>2020-01-01</ns0:dateSitCategPers></ns0:CategPersonnel></ns0:ContratColl></ns0:Contrat></ns0:ConsulterContratGeneralesFunc></ns0:ConsulterContratGeneralesResponse></SOAP-ENV:Body></SOAP-ENV:Envelope>