<SOAP-ENV:Envelope xmlns:SOAP-ENV="http://schemas.xmlsoap.org/soap/envelope/"><SOAP-ENV:Header><ns:WSResponseMetaInfo xmlns:ns="http://www.fmk.com/ESB/Framework/ESBTechPivotSchema" xmlns:ns0="http://schemas.xmlsoap.org/soap/envelope/" xmlns:xs="http://www.w3.org/2001/XMLSchema" xmlns:xsi="http://www.w3.org/2001/XMLSchema-instance" xmlns:SOAP-ENV="http://schemas.xmlsoap.org/soap/envelope/"><ns:FuncFault/><ns:BusinessHeader/></ns:WSResponseMetaInfo></SOAP-ENV:Header><SOAP-ENV:Body><ns0:RechercherCtrPersSiloResponse xmlns:ns0="http://www.alm.com/esb/service/GestCtrPers_1/RechercherCtrPersSilo_2"><ns0:RechercherCtrPersSiloFunc><ns0:CtrAssur><ns0:IdentCtr><ns0:IdentSiloCtr><ns0:idDansSilo>RG152223361</ns0:idDansSilo><ns0:codeAppli>A0252</ns0:codeAppli></ns0:IdentSiloCtr></ns0:IdentCtr><ns0:InfoCtr><ns0:dateEffet>2020-07-01</ns0:dateEffet><ns0:codeSitCtr>VALID</ns0:codeSitCtr><ns0:libSitCtr>Validé</ns0:libSitCtr><ns0:codeSitCtrSilo>V</ns0:codeSitCtrSilo><ns0:idPortfCtr>ACA</ns0:idPortfCtr></ns0:InfoCtr><ns0:Sousc><ns0:IdentSiloSousc><ns0:idDansSilo>S3878274</ns0:idDansSilo><ns0:codeAppli>A0499</ns0:codeAppli></ns0:IdentSiloSousc><ns0:SignqSouscPM><ns0:raisSocl>OLIVIER GRAVURE SARL</ns0:raisSocl></ns0:SignqSouscPM></ns0:Sousc><ns0:OfrCialSousc><ns0:typecon>RG04</ns0:typecon><ns0:numgen>003</ns0:numgen></ns0:OfrCialSousc><ns0:ActrCtr><ns0:idAssCtr>9</ns0:idAssCtr><ns0:libAssCtr>Arial CNP Assurances</ns0:libAssCtr><ns0:idAssCtrSilo>ARI</ns0:idAssCtrSilo><ns0:idApportAffr>2246</ns0:idApportAffr><ns0:idDistPdt>001</ns0:idDistPdt></ns0:ActrCtr><ns0:OptCtrEparg><ns0:Compart><ns0:IdentCompart><ns0:idSilo>1398842</ns0:idSilo><ns0:codeAppli>A0252</ns0:codeAppli></ns0:IdentCompart><ns0:idRgrpt>6353</ns0:idRgrpt><ns0:libCompartSilo>Versements obligatoires</ns0:libCompartSilo><ns0:codeSitCompart>AFBIA</ns0:codeSitCompart><ns0:libSitCompart>Affilié en cours avec BIA</ns0:libSitCompart><ns0:codeSitCompartSilo>C</ns0:codeSitCompartSilo><ns0:dateSitCompart>2020-07-24</ns0:dateSitCompart><ns0:idCatPrslCompart>16291</ns0:idCatPrslCompart><ns0:libCatPrslCompart>Cadres</ns0:libCatPrslCompart></ns0:Compart><ns0:Compart><ns0:IdentCompart><ns0:idSilo>1398838</ns0:idSilo><ns0:codeAppli>A0252</ns0:codeAppli></ns0:IdentCompart><ns0:idRgrpt>6353</ns0:idRgrpt><ns0:libCompartSilo>Versements obligatoires</ns0:libCompartSilo><ns0:codeSitCompart>AFBIA</ns0:codeSitCompart><ns0:libSitCompart>Affilié en cours avec BIA</ns0:libSitCompart><ns0:codeSitCompartSilo>C</ns0:codeSitCompartSilo><ns0:dateSitCompart>2020-07-15</ns0:dateSitCompart><ns0:idCatPrslCompart>16293</ns0:idCatPrslCompart><ns0:libCatPrslCompart>Cadres dirigeants</ns0:libCatPrslCompart></ns0:Compart><ns0:Compart><ns0:IdentCompart><ns0:idSilo>1398839</ns0:idSilo><ns0:codeAppli>A0252</ns0:codeAppli></ns0:IdentCompart><ns0:idRgrpt>6353</ns0:idRgrpt><ns0:libCompartSilo>Versements Volontaires</ns0:libCompartSilo><ns0:codeSitCompart>AFSBI</ns0:codeSitCompart><ns0:libSitCompart>Affilié en cours sans BIA</ns0:libSitCompart><ns0:codeSitCompartSilo>A</ns0:codeSitCompartSilo><ns0:dateSitCompart>2020-07-15</ns0:dateSitCompart><ns0:idCatPrslCompart>16289</ns0:idCatPrslCompart><ns0:libCatPrslCompart>Non catégorielle</ns0:libCatPrslCompart></ns0:Compart><ns0:Compart><ns0:IdentCompart><ns0:idSilo>1398840</ns0:idSilo><ns0:codeAppli>A0252</ns0:codeAppli></ns0:IdentCompart><ns0:idRgrpt>6353</ns0:idRgrpt><ns0:libCompartSilo>Versements Volontaires non déductibles</ns0:libCompartSilo><ns0:codeSitCompart>AFSBI</ns0:codeSitCompart><ns0:libSitCompart>Affilié en cours sans BIA</ns0:libSitCompart><ns0:codeSitCompartSilo>A</ns0:codeSitCompartSilo><ns0:dateSitCompart>2020-07-15</ns0:dateSitCompart><ns0:idCatPrslCompart>16290</ns0:idCatPrslCompart><ns0:libCatPrslCompart>Non catégorielle</ns0:libCatPrslCompart></ns0:Compart><ns0:Compart><ns0:IdentCompart><ns0:idSilo>1398841</ns0:idSilo><ns0:codeAppli>A0252</ns0:codeAppli></ns0:IdentCompart><ns0:idRgrpt>6353</ns0:idRgrpt><ns0:libCompartSilo>Epargne Salariale</ns0:libCompartSilo><ns0:codeSitCompart>AFSBI</ns0:codeSitCompart><ns0:libSitCompart>Affilié en cours sans BIA</ns0:libSitCompart><ns0:codeSitCompartSilo>A</ns0:codeSitCompartSilo><ns0:dateSitCompart>2020-07-15</ns0:dateSitCompart><ns0:idCatPrslCompart>16292</ns0:idCatPrslCompart><ns0:libCatPrslCompart>Non catégorielle</ns0:libCatPrslCompart></ns0:Compart></ns0:OptCtrEparg></ns0:CtrAssur></ns0:RechercherCtrPersSiloFunc></ns0:RechercherCtrPersSiloResponse></SOAP-ENV:Body></SOAP-ENV:Envelope>