<SOAP-ENV:Envelope xmlns:SOAP-ENV="http://schemas.xmlsoap.org/soap/envelope/"><SOAP-ENV:Header><ns:WSResponseMetaInfo xmlns:ns="http://www.fmk.com/ESB/Framework/ESBTechPivotSchema" xmlns:ns0="http://schemas.xmlsoap.org/soap/envelope/" xmlns:xs="http://www.w3.org/2001/XMLSchema" xmlns:xsi="http://www.w3.org/2001/XMLSchema-instance" xmlns:SOAP-ENV="http://schemas.xmlsoap.org/soap/envelope/"><ns:FuncFault/><ns:BusinessHeader/></ns:WSResponseMetaInfo></SOAP-ENV:Header><SOAP-ENV:Body><ns0:RechercherCtrPersSiloResponse xmlns:ns0="http://www.alm.com/esb/service/GestCtrPers_1/RechercherCtrPersSilo_2"><ns0:RechercherCtrPersSiloFunc><ns0:CtrAssur><ns0:IdentCtr><ns0:IdentSiloCtr><ns0:idDansSilo>RR151958648</ns0:idDansSilo><ns0:codeAppli>A0252</ns0:codeAppli></ns0:IdentSiloCtr></ns0:IdentCtr><ns0:InfoCtr><ns0:dateEffet>2017-01-01</ns0:dateEffet><ns0:codeSitCtr>VALID</ns0:codeSitCtr><ns0:libSitCtr>Validé</ns0:libSitCtr><ns0:codeSitCtrSilo>V</ns0:codeSitCtrSilo><ns0:idPortfCtr>ACN</ns0:idPortfCtr></ns0:InfoCtr><ns0:Sousc><ns0:IdentSiloSousc><ns0:idDansSilo>S4568755</ns0:idDansSilo><ns0:codeAppli>A0499</ns0:codeAppli></ns0:IdentSiloSousc><ns0:SignqSouscPM><ns0:raisSocl>RENAULT</ns0:raisSocl></ns0:SignqSouscPM></ns0:Sousc><ns0:OfrCialSousc><ns0:typecon>RR01</ns0:typecon><ns0:numgen>001</ns0:numgen></ns0:OfrCialSousc><ns0:ActrCtr><ns0:idAssCtr>ARI</ns0:idAssCtr><ns0:libAssCtr>Arial CNP Assurances</ns0:libAssCtr><ns0:idAssCtrSilo>9</ns0:idAssCtrSilo><ns0:idApportAffr>540</ns0:idApportAffr><ns0:idDistPdt>001</ns0:idDistPdt></ns0:ActrCtr><ns0:OptCtrEparg><ns0:Compart><ns0:IdentCompart><ns0:idSilo>1121760</ns0:idSilo><ns0:codeAppli>A0252</ns0:codeAppli></ns0:IdentCompart><ns0:codeSitCompart>AFSBI</ns0:codeSitCompart><ns0:libSitCompart>Affilié en cours sans BIA</ns0:libSitCompart><ns0:codeSitCompartSilo>A</ns0:codeSitCompartSilo><ns0:idCatPrslCompart>12909</ns0:idCatPrslCompart><ns0:libCatPrslCompart>Ensemble du personnel ayant au moins 2 ans d'ancienneté et dont la remuneration est superieure à 4 PASS</ns0:libCatPrslCompart></ns0:Compart></ns0:OptCtrEparg></ns0:CtrAssur><ns0:CtrAssur><ns0:IdentCtr><ns0:IdentSiloCtr><ns0:idDansSilo>RR151958357</ns0:idDansSilo><ns0:codeAppli>A0252</ns0:codeAppli></ns0:IdentSiloCtr></ns0:IdentCtr><ns0:InfoCtr><ns0:dateEffet>2017-01-01</ns0:dateEffet><ns0:codeSitCtr>VALID</ns0:codeSitCtr><ns0:libSitCtr>Validé</ns0:libSitCtr><ns0:codeSitCtrSilo>V</ns0:codeSitCtrSilo><ns0:idPortfCtr>ACN</ns0:idPortfCtr></ns0:InfoCtr><ns0:Sousc><ns0:IdentSiloSousc><ns0:idDansSilo>S4568755</ns0:idDansSilo><ns0:codeAppli>A0499</ns0:codeAppli></ns0:IdentSiloSousc><ns0:SignqSouscPM><ns0:raisSocl>RENAULT</ns0:raisSocl></ns0:SignqSouscPM></ns0:Sousc><ns0:OfrCialSousc><ns0:typecon>RR01</ns0:typecon><ns0:numgen>001</ns0:numgen></ns0:OfrCialSousc><ns0:ActrCtr><ns0:idAssCtr>ARI</ns0:idAssCtr><ns0:libAssCtr>Arial CNP Assurances</ns0:libAssCtr><ns0:idAssCtrSilo>9</ns0:idAssCtrSilo><ns0:idApportAffr>540</ns0:idApportAffr><ns0:idDistPdt>001</ns0:idDistPdt></ns0:ActrCtr><ns0:OptCtrEparg><ns0:Compart><ns0:IdentCompart><ns0:idSilo>1121653</ns0:idSilo><ns0:codeAppli>A0252</ns0:codeAppli></ns0:IdentCompart><ns0:codeSitCompart>AFSBI</ns0:codeSitCompart><ns0:libSitCompart>Affilié en cours sans BIA</ns0:libSitCompart><ns0:codeSitCompartSilo>A</ns0:codeSitCompartSilo><ns0:idCatPrslCompart>12907</ns0:idCatPrslCompart><ns0:libCatPrslCompart>Ensemble du personnel ayant au moins 2 ans d'ancienneté et dont la remuneration est superieure à 4 PASS</ns0:libCatPrslCompart></ns0:Compart></ns0:OptCtrEparg></ns0:CtrAssur><ns0:CtrAssur><ns0:IdentCtr><ns0:IdentSiloCtr><ns0:idDansSilo>RR151958551</ns0:idDansSilo><ns0:codeAppli>A0252</ns0:codeAppli></ns0:IdentSiloCtr></ns0:IdentCtr><ns0:InfoCtr><ns0:dateEffet>2017-01-01</ns0:dateEffet><ns0:codeSitCtr>VALID</ns0:codeSitCtr><ns0:libSitCtr>Validé</ns0:libSitCtr><ns0:codeSitCtrSilo>V</ns0:codeSitCtrSilo><ns0:idPortfCtr>ACN</ns0:idPortfCtr></ns0:InfoCtr><ns0:Sousc><ns0:IdentSiloSousc><ns0:idDansSilo>S4568755</ns0:idDansSilo><ns0:codeAppli>A0499</ns0:codeAppli></ns0:IdentSiloSousc><ns0:SignqSouscPM><ns0:raisSocl>RENAULT</ns0:raisSocl></ns0:SignqSouscPM></ns0:Sousc><ns0:OfrCialSousc><ns0:typecon>RR01</ns0:typecon><ns0:numgen>001</ns0:numgen></ns0:OfrCialSousc><ns0:ActrCtr><ns0:idAssCtr>ARI</ns0:idAssCtr><ns0:libAssCtr>Arial CNP Assurances</ns0:libAssCtr><ns0:idAssCtrSilo>9</ns0:idAssCtrSilo><ns0:idApportAffr>540</ns0:idApportAffr><ns0:idDistPdt>001</ns0:idDistPdt></ns0:ActrCtr><ns0:OptCtrEparg><ns0:Compart><ns0:IdentCompart><ns0:idSilo>1121288</ns0:idSilo><ns0:codeAppli>A0252</ns0:codeAppli></ns0:IdentCompart><ns0:codeSitCompart>AFSBI</ns0:codeSitCompart><ns0:libSitCompart>Affilié en cours sans BIA</ns0:libSitCompart><ns0:codeSitCompartSilo>A</ns0:codeSitCompartSilo><ns0:idCatPrslCompart>12908</ns0:idCatPrslCompart><ns0:libCatPrslCompart>Ensemble du personnel ayant au moins 2 ans d'ancienneté et dont la remuneration est superieure à 4 PASS</ns0:libCatPrslCompart></ns0:Compart></ns0:OptCtrEparg></ns0:CtrAssur></ns0:RechercherCtrPersSiloFunc></ns0:RechercherCtrPersSiloResponse></SOAP-ENV:Body></SOAP-ENV:Envelope>