<SOAP-ENV:Envelope xmlns:SOAP-ENV="http://schemas.xmlsoap.org/soap/envelope/">
    <SOAP-ENV:Header>
        <ns:WSResponseMetaInfo xmlns:ns="http://www.fmk.com/ESB/Framework/ESBTechPivotSchema"
                               xmlns:ns0="http://schemas.xmlsoap.org/soap/envelope/"
                               xmlns:xs="http://www.w3.org/2001/XMLSchema"
                               xmlns:xsi="http://www.w3.org/2001/XMLSchema-instance"
                               xmlns:SOAP-ENV="http://schemas.xmlsoap.org/soap/envelope/">
            <ns:FuncFault/>
            <ns:BusinessHeader/>
        </ns:WSResponseMetaInfo>
    </SOAP-ENV:Header>
    <SOAP-ENV:Body>
        <ns0:RechercherCtrPersSiloResponse
                xmlns:ns0="http://www.alm.com/esb/service/GestCtrPers_1/RechercherCtrPersSilo_2">
            <ns0:RechercherCtrPersSiloFunc>
                <ns0:CtrAssur>
                    <ns0:IdentCtr>
                        <ns0:IdentSiloCtr>
                            <ns0:idDansSilo>PF199454116000</ns0:idDansSilo>
                            <ns0:codeAppli>A0443</ns0:codeAppli>
                        </ns0:IdentSiloCtr>
                        <ns0:codeNatCtr>IND</ns0:codeNatCtr>
                        <ns0:libNatCtr>Individuel</ns0:libNatCtr>
                        <ns0:codeNatCtrSilo>I</ns0:codeNatCtrSilo>
                        <ns0:codeBrchAssur>NR</ns0:codeBrchAssur>
                        <ns0:libBrchAssur>Non renseigné</ns0:libBrchAssur>
                        <ns0:codeBrchAssurSilo>PF</ns0:codeBrchAssurSilo>
                    </ns0:IdentCtr>
                    <ns0:InfoCtr>
                        <ns0:dateEffet>2018-07-01</ns0:dateEffet>
                        <ns0:dateFinEffet>2018-07-01</ns0:dateFinEffet>
                        <ns0:dateEmis>2018-09-26</ns0:dateEmis>
                        <ns0:codeSitCtr>RACHOFF</ns0:codeSitCtr>
                        <ns0:libSitCtr>Racheté d'office</ns0:libSitCtr>
                        <ns0:codeSitCtrSilo>6</ns0:codeSitCtrSilo>
                        <ns0:dateSitCtr>2018-07-01</ns0:dateSitCtr>
                        <ns0:IdentCtrSrc>
                            <ns0:idSilo>RA199454116000</ns0:idSilo>
                            <ns0:codeAppli>A0443</ns0:codeAppli>
                        </ns0:IdentCtrSrc>
                        <ns0:idPortfCtr>LMX</ns0:idPortfCtr>
                    </ns0:InfoCtr>
                    <ns0:OfrCialSousc>
                        <ns0:typecon>PF71</ns0:typecon>
                        <ns0:codeOfrCial>PF71 RES</ns0:codeOfrCial>
                        <ns0:libOfrCial>RV1T NON GARANTI IRF</ns0:libOfrCial>
                    </ns0:OfrCialSousc>
                    <ns0:ActrCtr>
                        <ns0:idAssCtrSilo>LM</ns0:idAssCtrSilo>
                        <ns0:idApportAffr>18987</ns0:idApportAffr>
                        <ns0:idDistPdt>RES</ns0:idDistPdt>
                        <ns0:indGestTiers>BAUDRY ISABELLE</ns0:indGestTiers>
                    </ns0:ActrCtr>
                    <ns0:CtrIndv>
                        <ns0:AssurePrcp>
                            <ns0:IdentSiloAssurePrcp>
                                <ns0:idDansSilo>P0080191</ns0:idDansSilo>
                                <ns0:codeAppli>A0443</ns0:codeAppli>
                            </ns0:IdentSiloAssurePrcp>
                        </ns0:AssurePrcp>
                    </ns0:CtrIndv>
                </ns0:CtrAssur>
                <ns0:CtrAssur>
                    <ns0:IdentCtr>
                        <ns0:IdentSiloCtr>
                            <ns0:idDansSilo>PF062467030002</ns0:idDansSilo>
                            <ns0:codeAppli>A0443</ns0:codeAppli>
                        </ns0:IdentSiloCtr>
                        <ns0:codeNatCtr>IND</ns0:codeNatCtr>
                        <ns0:libNatCtr>Individuel</ns0:libNatCtr>
                        <ns0:codeNatCtrSilo>I</ns0:codeNatCtrSilo>
                        <ns0:codeBrchAssur>NR</ns0:codeBrchAssur>
                        <ns0:libBrchAssur>Non renseigné</ns0:libBrchAssur>
                        <ns0:codeBrchAssurSilo>PF</ns0:codeBrchAssurSilo>
                    </ns0:IdentCtr>
                    <ns0:InfoCtr>
                        <ns0:dateEffet>2016-07-01</ns0:dateEffet>
                        <ns0:dateEmis>2017-05-09</ns0:dateEmis>
                        <ns0:codeSitCtr>ECSSPRM</ns0:codeSitCtr>
                        <ns0:libSitCtr>En cours sans prime</ns0:libSitCtr>
                        <ns0:codeSitCtrSilo>3</ns0:codeSitCtrSilo>
                        <ns0:dateSitCtr>2016-07-01</ns0:dateSitCtr>
                        <ns0:IdentCtrSrc>
                            <ns0:idSilo>RF062467030002</ns0:idSilo>
                            <ns0:codeAppli>A0443</ns0:codeAppli>
                        </ns0:IdentCtrSrc>
                        <ns0:idPortfCtr>LMX</ns0:idPortfCtr>
                    </ns0:InfoCtr>
                    <ns0:OfrCialSousc>
                        <ns0:typecon>PF04</ns0:typecon>
                        <ns0:codeOfrCial>PF04 RES</ns0:codeOfrCial>
                        <ns0:libOfrCial>RV N TG (1T) CADRES RF</ns0:libOfrCial>
                    </ns0:OfrCialSousc>
                    <ns0:ActrCtr>
                        <ns0:idAssCtrSilo>LM</ns0:idAssCtrSilo>
                        <ns0:idApportAffr>305</ns0:idApportAffr>
                        <ns0:idDistPdt>RES</ns0:idDistPdt>
                        <ns0:indGestTiers>BAUDRY ISABELLE</ns0:indGestTiers>
                    </ns0:ActrCtr>
                    <ns0:CtrIndv>
                        <ns0:AssurePrcp>
                            <ns0:IdentSiloAssurePrcp>
                                <ns0:idDansSilo>P0080191</ns0:idDansSilo>
                                <ns0:codeAppli>A0443</ns0:codeAppli>
                            </ns0:IdentSiloAssurePrcp>
                        </ns0:AssurePrcp>
                    </ns0:CtrIndv>
                </ns0:CtrAssur>
                <ns0:CtrAssur>
                    <ns0:IdentCtr>
                        <ns0:IdentSiloCtr>
                            <ns0:idDansSilo>RA199454116000</ns0:idDansSilo>
                            <ns0:codeAppli>A0443</ns0:codeAppli>
                        </ns0:IdentSiloCtr>
                        <ns0:codeNatCtr>IND</ns0:codeNatCtr>
                        <ns0:libNatCtr>Individuel</ns0:libNatCtr>
                        <ns0:codeNatCtrSilo>I</ns0:codeNatCtrSilo>
                        <ns0:codeBrchAssur>RET</ns0:codeBrchAssur>
                        <ns0:libBrchAssur>RETRAITE</ns0:libBrchAssur>
                        <ns0:codeBrchAssurSilo>RA</ns0:codeBrchAssurSilo>
                    </ns0:IdentCtr>
                    <ns0:InfoCtr>
                        <ns0:dateEffet>2016-12-01</ns0:dateEffet>
                        <ns0:dateFinEffet>2018-06-30</ns0:dateFinEffet>
                        <ns0:dateEmis>2017-02-24</ns0:dateEmis>
                        <ns0:codeSitCtr>EXPAVCTR</ns0:codeSitCtr>
                        <ns0:libSitCtr>Expiré avec contrat</ns0:libSitCtr>
                        <ns0:codeSitCtrSilo>8</ns0:codeSitCtrSilo>
                        <ns0:dateSitCtr>2018-06-30</ns0:dateSitCtr>
                        <ns0:idPortfCtr>MSR</ns0:idPortfCtr>
                    </ns0:InfoCtr>
                    <ns0:Sousc>
                        <ns0:IdentSiloSousc>
                            <ns0:idDansSilo>P0080191</ns0:idDansSilo>
                            <ns0:codeAppli>A0443</ns0:codeAppli>
                        </ns0:IdentSiloSousc>
                    </ns0:Sousc>
                    <ns0:OfrCialSousc>
                        <ns0:typecon>RA09</ns0:typecon>
                        <ns0:numgen>V10</ns0:numgen>
                        <ns0:codeOfrCial>RA09V10RES</ns0:codeOfrCial>
                        <ns0:libOfrCial>MONDIALE SOLUTIONS RETRAITE</ns0:libOfrCial>
                    </ns0:OfrCialSousc>
                    <ns0:ActrCtr>
                        <ns0:idAssCtrSilo>LM</ns0:idAssCtrSilo>
                        <ns0:idApportAffr>18987</ns0:idApportAffr>
                        <ns0:idDistPdt>RES</ns0:idDistPdt>
                        <ns0:indGestTiers>BAUDRY ISABELLE</ns0:indGestTiers>
                    </ns0:ActrCtr>
                    <ns0:CtrIndv>
                        <ns0:AssurePrcp>
                            <ns0:IdentSiloAssurePrcp>
                                <ns0:idDansSilo>P0080191</ns0:idDansSilo>
                                <ns0:codeAppli>A0443</ns0:codeAppli>
                            </ns0:IdentSiloAssurePrcp>
                        </ns0:AssurePrcp>
                    </ns0:CtrIndv>
                </ns0:CtrAssur>
                <ns0:CtrAssur>
                    <ns0:IdentCtr>
                        <ns0:IdentSiloCtr>
                            <ns0:idDansSilo>PF062466157002</ns0:idDansSilo>
                            <ns0:codeAppli>A0443</ns0:codeAppli>
                        </ns0:IdentSiloCtr>
                        <ns0:codeNatCtr>IND</ns0:codeNatCtr>
                        <ns0:libNatCtr>Individuel</ns0:libNatCtr>
                        <ns0:codeNatCtrSilo>I</ns0:codeNatCtrSilo>
                        <ns0:codeBrchAssur>NR</ns0:codeBrchAssur>
                        <ns0:libBrchAssur>Non renseigné</ns0:libBrchAssur>
                        <ns0:codeBrchAssurSilo>PF</ns0:codeBrchAssurSilo>
                    </ns0:IdentCtr>
                    <ns0:InfoCtr>
                        <ns0:dateEffet>2016-07-01</ns0:dateEffet>
                        <ns0:dateFinEffet>2016-07-01</ns0:dateFinEffet>
                        <ns0:dateEmis>2017-01-13</ns0:dateEmis>
                        <ns0:codeSitCtr>RACHOFF</ns0:codeSitCtr>
                        <ns0:libSitCtr>Racheté d'office</ns0:libSitCtr>
                        <ns0:codeSitCtrSilo>6</ns0:codeSitCtrSilo>
                        <ns0:dateSitCtr>2016-07-01</ns0:dateSitCtr>
                        <ns0:IdentCtrSrc>
                            <ns0:idSilo>RF062466157002</ns0:idSilo>
                            <ns0:codeAppli>A0443</ns0:codeAppli>
                        </ns0:IdentCtrSrc>
                        <ns0:idPortfCtr>LMX</ns0:idPortfCtr>
                    </ns0:InfoCtr>
                    <ns0:OfrCialSousc>
                        <ns0:typecon>PF01</ns0:typecon>
                        <ns0:codeOfrCial>PF01 RES</ns0:codeOfrCial>
                        <ns0:libOfrCial>RV (1T) CADRES RF</ns0:libOfrCial>
                    </ns0:OfrCialSousc>
                    <ns0:ActrCtr>
                        <ns0:idAssCtrSilo>LM</ns0:idAssCtrSilo>
                        <ns0:idApportAffr>305</ns0:idApportAffr>
                        <ns0:idDistPdt>RES</ns0:idDistPdt>
                        <ns0:indGestTiers>BAUDRY ISABELLE</ns0:indGestTiers>
                    </ns0:ActrCtr>
                    <ns0:CtrIndv>
                        <ns0:AssurePrcp>
                            <ns0:IdentSiloAssurePrcp>
                                <ns0:idDansSilo>P0080191</ns0:idDansSilo>
                                <ns0:codeAppli>A0443</ns0:codeAppli>
                            </ns0:IdentSiloAssurePrcp>
                        </ns0:AssurePrcp>
                    </ns0:CtrIndv>
                </ns0:CtrAssur>
                <ns0:CtrAssur>
                    <ns0:IdentCtr>
                        <ns0:IdentSiloCtr>
                            <ns0:idDansSilo>PF143998731000</ns0:idDansSilo>
                            <ns0:codeAppli>A0443</ns0:codeAppli>
                        </ns0:IdentSiloCtr>
                        <ns0:codeNatCtr>IND</ns0:codeNatCtr>
                        <ns0:libNatCtr>Individuel</ns0:libNatCtr>
                        <ns0:codeNatCtrSilo>I</ns0:codeNatCtrSilo>
                        <ns0:codeBrchAssur>NR</ns0:codeBrchAssur>
                        <ns0:libBrchAssur>Non renseigné</ns0:libBrchAssur>
                        <ns0:codeBrchAssurSilo>PF</ns0:codeBrchAssurSilo>
                    </ns0:IdentCtr>
                    <ns0:InfoCtr>
                        <ns0:dateEffet>2016-07-01</ns0:dateEffet>
                        <ns0:dateEmis>2016-10-26</ns0:dateEmis>
                        <ns0:codeSitCtr>ECSSPRM</ns0:codeSitCtr>
                        <ns0:libSitCtr>En cours sans prime</ns0:libSitCtr>
                        <ns0:codeSitCtrSilo>3</ns0:codeSitCtrSilo>
                        <ns0:dateSitCtr>2016-07-01</ns0:dateSitCtr>
                        <ns0:IdentCtrSrc>
                            <ns0:idSilo>RA143998731000</ns0:idSilo>
                            <ns0:codeAppli>A0443</ns0:codeAppli>
                        </ns0:IdentCtrSrc>
                        <ns0:idPortfCtr>LMX</ns0:idPortfCtr>
                    </ns0:InfoCtr>
                    <ns0:OfrCialSousc>
                        <ns0:typecon>PF74</ns0:typecon>
                        <ns0:codeOfrCial>PF74 RES</ns0:codeOfrCial>
                        <ns0:libOfrCial>RV NTG 1T NON GARANTI IRF</ns0:libOfrCial>
                    </ns0:OfrCialSousc>
                    <ns0:ActrCtr>
                        <ns0:idAssCtrSilo>LM</ns0:idAssCtrSilo>
                        <ns0:idApportAffr>8324</ns0:idApportAffr>
                        <ns0:idDistPdt>RES</ns0:idDistPdt>
                        <ns0:indGestTiers>BAUDRY ISABELLE</ns0:indGestTiers>
                    </ns0:ActrCtr>
                    <ns0:CtrIndv>
                        <ns0:AssurePrcp>
                            <ns0:IdentSiloAssurePrcp>
                                <ns0:idDansSilo>P0080191</ns0:idDansSilo>
                                <ns0:codeAppli>A0443</ns0:codeAppli>
                            </ns0:IdentSiloAssurePrcp>
                        </ns0:AssurePrcp>
                    </ns0:CtrIndv>
                </ns0:CtrAssur>
                <ns0:CtrAssur>
                    <ns0:IdentCtr>
                        <ns0:IdentSiloCtr>
                            <ns0:idDansSilo>PC141040522000</ns0:idDansSilo>
                            <ns0:codeAppli>A0443</ns0:codeAppli>
                        </ns0:IdentSiloCtr>
                        <ns0:codeNatCtr>IND</ns0:codeNatCtr>
                        <ns0:libNatCtr>Individuel</ns0:libNatCtr>
                        <ns0:codeNatCtrSilo>I</ns0:codeNatCtrSilo>
                        <ns0:codeBrchAssur>NR</ns0:codeBrchAssur>
                        <ns0:libBrchAssur>Non renseigné</ns0:libBrchAssur>
                        <ns0:codeBrchAssurSilo>PC</ns0:codeBrchAssurSilo>
                    </ns0:IdentCtr>
                    <ns0:InfoCtr>
                        <ns0:dateEffet>2016-07-01</ns0:dateEffet>
                        <ns0:dateEmis>2016-10-26</ns0:dateEmis>
                        <ns0:codeSitCtr>ECSSPRM</ns0:codeSitCtr>
                        <ns0:libSitCtr>En cours sans prime</ns0:libSitCtr>
                        <ns0:codeSitCtrSilo>3</ns0:codeSitCtrSilo>
                        <ns0:dateSitCtr>2016-07-01</ns0:dateSitCtr>
                        <ns0:IdentCtrSrc>
                            <ns0:idSilo>RA141040522000</ns0:idSilo>
                            <ns0:codeAppli>A0443</ns0:codeAppli>
                        </ns0:IdentCtrSrc>
                        <ns0:idPortfCtr>LMX</ns0:idPortfCtr>
                    </ns0:InfoCtr>
                    <ns0:OfrCialSousc>
                        <ns0:typecon>PC64</ns0:typecon>
                        <ns0:codeOfrCial>PC64 RES</ns0:codeOfrCial>
                        <ns0:libOfrCial>RV NTG 1T NON GARANTI</ns0:libOfrCial>
                    </ns0:OfrCialSousc>
                    <ns0:ActrCtr>
                        <ns0:idAssCtrSilo>LM</ns0:idAssCtrSilo>
                        <ns0:idApportAffr>19582</ns0:idApportAffr>
                        <ns0:idDistPdt>RES</ns0:idDistPdt>
                        <ns0:indGestTiers>BAUDRY ISABELLE</ns0:indGestTiers>
                    </ns0:ActrCtr>
                    <ns0:CtrIndv>
                        <ns0:AssurePrcp>
                            <ns0:IdentSiloAssurePrcp>
                                <ns0:idDansSilo>P0080191</ns0:idDansSilo>
                                <ns0:codeAppli>A0443</ns0:codeAppli>
                            </ns0:IdentSiloAssurePrcp>
                        </ns0:AssurePrcp>
                    </ns0:CtrIndv>
                </ns0:CtrAssur>
                <ns0:CtrAssur>
                    <ns0:IdentCtr>
                        <ns0:IdentSiloCtr>
                            <ns0:idDansSilo>PV107764187000</ns0:idDansSilo>
                            <ns0:codeAppli>A0443</ns0:codeAppli>
                        </ns0:IdentSiloCtr>
                        <ns0:codeNatCtr>IND</ns0:codeNatCtr>
                        <ns0:libNatCtr>Individuel</ns0:libNatCtr>
                        <ns0:codeNatCtrSilo>I</ns0:codeNatCtrSilo>
                        <ns0:codeBrchAssur>NR</ns0:codeBrchAssur>
                        <ns0:libBrchAssur>Non renseigné</ns0:libBrchAssur>
                        <ns0:codeBrchAssurSilo>PV</ns0:codeBrchAssurSilo>
                    </ns0:IdentCtr>
                    <ns0:InfoCtr>
                        <ns0:dateEffet>2011-06-29</ns0:dateEffet>
                        <ns0:dateEmis>2011-06-29</ns0:dateEmis>
                        <ns0:codeSitCtr>ECSSPRM</ns0:codeSitCtr>
                        <ns0:libSitCtr>En cours sans prime</ns0:libSitCtr>
                        <ns0:codeSitCtrSilo>3</ns0:codeSitCtrSilo>
                        <ns0:dateSitCtr>2011-06-29</ns0:dateSitCtr>
                        <ns0:IdentCtrSrc>
                            <ns0:idSilo>TV107764187000</ns0:idSilo>
                            <ns0:codeAppli>A0443</ns0:codeAppli>
                        </ns0:IdentCtrSrc>
                        <ns0:idPortfCtr>LMX</ns0:idPortfCtr>
                    </ns0:InfoCtr>
                    <ns0:OfrCialSousc>
                        <ns0:typecon>PV01</ns0:typecon>
                        <ns0:codeOfrCial>PV01 RES</ns0:codeOfrCial>
                        <ns0:libOfrCial>VE TRADI</ns0:libOfrCial>
                    </ns0:OfrCialSousc>
                    <ns0:ActrCtr>
                        <ns0:idAssCtrSilo>LM</ns0:idAssCtrSilo>
                        <ns0:idApportAffr>11688</ns0:idApportAffr>
                        <ns0:idDistPdt>RES</ns0:idDistPdt>
                        <ns0:indGestTiers>BAUDRY ISABELLE</ns0:indGestTiers>
                    </ns0:ActrCtr>
                    <ns0:CtrIndv>
                        <ns0:AssurePrcp>
                            <ns0:IdentSiloAssurePrcp>
                                <ns0:idDansSilo>P0080191</ns0:idDansSilo>
                                <ns0:codeAppli>A0443</ns0:codeAppli>
                            </ns0:IdentSiloAssurePrcp>
                        </ns0:AssurePrcp>
                    </ns0:CtrIndv>
                </ns0:CtrAssur>
                <ns0:CtrAssur>
                    <ns0:IdentCtr>
                        <ns0:IdentSiloCtr>
                            <ns0:idDansSilo>RA143998731000</ns0:idDansSilo>
                            <ns0:codeAppli>A0443</ns0:codeAppli>
                        </ns0:IdentSiloCtr>
                        <ns0:codeNatCtr>IND</ns0:codeNatCtr>
                        <ns0:libNatCtr>Individuel</ns0:libNatCtr>
                        <ns0:codeNatCtrSilo>I</ns0:codeNatCtrSilo>
                        <ns0:codeBrchAssur>RET</ns0:codeBrchAssur>
                        <ns0:libBrchAssur>RETRAITE</ns0:libBrchAssur>
                        <ns0:codeBrchAssurSilo>RA</ns0:codeBrchAssurSilo>
                    </ns0:IdentCtr>
                    <ns0:InfoCtr>
                        <ns0:dateEffet>2004-07-01</ns0:dateEffet>
                        <ns0:dateFinEffet>2016-06-30</ns0:dateFinEffet>
                        <ns0:dateEmis>2004-06-21</ns0:dateEmis>
                        <ns0:codeSitCtr>EXPAVCTR</ns0:codeSitCtr>
                        <ns0:libSitCtr>Expiré avec contrat</ns0:libSitCtr>
                        <ns0:codeSitCtrSilo>8</ns0:codeSitCtrSilo>
                        <ns0:dateSitCtr>2016-06-30</ns0:dateSitCtr>
                        <ns0:idPortfCtr>MSR</ns0:idPortfCtr>
                    </ns0:InfoCtr>
                    <ns0:Sousc>
                        <ns0:IdentSiloSousc>
                            <ns0:idDansSilo>P0080191</ns0:idDansSilo>
                            <ns0:codeAppli>A0443</ns0:codeAppli>
                        </ns0:IdentSiloSousc>
                    </ns0:Sousc>
                    <ns0:OfrCialSousc>
                        <ns0:typecon>RA09</ns0:typecon>
                        <ns0:numgen>V10</ns0:numgen>
                        <ns0:codeOfrCial>RA09V10RES</ns0:codeOfrCial>
                        <ns0:libOfrCial>MONDIALE SOLUTIONS RETRAITE</ns0:libOfrCial>
                    </ns0:OfrCialSousc>
                    <ns0:ActrCtr>
                        <ns0:idAssCtrSilo>LM</ns0:idAssCtrSilo>
                        <ns0:idApportAffr>8324</ns0:idApportAffr>
                        <ns0:idDistPdt>RES</ns0:idDistPdt>
                        <ns0:indGestTiers>BAUDRY ISABELLE</ns0:indGestTiers>
                    </ns0:ActrCtr>
                    <ns0:CtrIndv>
                        <ns0:AssurePrcp>
                            <ns0:IdentSiloAssurePrcp>
                                <ns0:idDansSilo>P0080191</ns0:idDansSilo>
                                <ns0:codeAppli>A0443</ns0:codeAppli>
                            </ns0:IdentSiloAssurePrcp>
                        </ns0:AssurePrcp>
                    </ns0:CtrIndv>
                </ns0:CtrAssur>
                <ns0:CtrAssur>
                    <ns0:IdentCtr>
                        <ns0:IdentSiloCtr>
                            <ns0:idDansSilo>RA141040522000</ns0:idDansSilo>
                            <ns0:codeAppli>A0443</ns0:codeAppli>
                        </ns0:IdentSiloCtr>
                        <ns0:codeNatCtr>IND</ns0:codeNatCtr>
                        <ns0:libNatCtr>Individuel</ns0:libNatCtr>
                        <ns0:codeNatCtrSilo>I</ns0:codeNatCtrSilo>
                        <ns0:codeBrchAssur>RET</ns0:codeBrchAssur>
                        <ns0:libBrchAssur>RETRAITE</ns0:libBrchAssur>
                        <ns0:codeBrchAssurSilo>RA</ns0:codeBrchAssurSilo>
                    </ns0:IdentCtr>
                    <ns0:InfoCtr>
                        <ns0:dateEffet>2003-09-01</ns0:dateEffet>
                        <ns0:dateFinEffet>2016-06-30</ns0:dateFinEffet>
                        <ns0:dateEmis>2003-10-28</ns0:dateEmis>
                        <ns0:codeSitCtr>EXPAVCTR</ns0:codeSitCtr>
                        <ns0:libSitCtr>Expiré avec contrat</ns0:libSitCtr>
                        <ns0:codeSitCtrSilo>8</ns0:codeSitCtrSilo>
                        <ns0:dateSitCtr>2016-06-30</ns0:dateSitCtr>
                        <ns0:idPortfCtr>LMX</ns0:idPortfCtr>
                    </ns0:InfoCtr>
                    <ns0:Sousc>
                        <ns0:IdentSiloSousc>
                            <ns0:idDansSilo>P0080191</ns0:idDansSilo>
                            <ns0:codeAppli>A0443</ns0:codeAppli>
                        </ns0:IdentSiloSousc>
                    </ns0:Sousc>
                    <ns0:OfrCialSousc>
                        <ns0:typecon>RA10</ns0:typecon>
                        <ns0:numgen>V02</ns0:numgen>
                        <ns0:codeOfrCial>RA10V02RES</ns0:codeOfrCial>
                        <ns0:libOfrCial>MONDIALE RETRAITE ACTIVE</ns0:libOfrCial>
                    </ns0:OfrCialSousc>
                    <ns0:ActrCtr>
                        <ns0:idAssCtrSilo>LM</ns0:idAssCtrSilo>
                        <ns0:idApportAffr>19582</ns0:idApportAffr>
                        <ns0:idDistPdt>RES</ns0:idDistPdt>
                        <ns0:indGestTiers>BAUDRY ISABELLE</ns0:indGestTiers>
                    </ns0:ActrCtr>
                    <ns0:CtrIndv>
                        <ns0:AssurePrcp>
                            <ns0:IdentSiloAssurePrcp>
                                <ns0:idDansSilo>P0080191</ns0:idDansSilo>
                                <ns0:codeAppli>A0443</ns0:codeAppli>
                            </ns0:IdentSiloAssurePrcp>
                        </ns0:AssurePrcp>
                    </ns0:CtrIndv>
                </ns0:CtrAssur>
                <ns0:CtrAssur>
                    <ns0:IdentCtr>
                        <ns0:IdentSiloCtr>
                            <ns0:idDansSilo>RC126646401000</ns0:idDansSilo>
                            <ns0:codeAppli>A0443</ns0:codeAppli>
                        </ns0:IdentSiloCtr>
                        <ns0:codeNatCtr>IND</ns0:codeNatCtr>
                        <ns0:libNatCtr>Individuel</ns0:libNatCtr>
                        <ns0:codeNatCtrSilo>I</ns0:codeNatCtrSilo>
                        <ns0:codeBrchAssur>EPG</ns0:codeBrchAssur>
                        <ns0:libBrchAssur>EPARGNE</ns0:libBrchAssur>
                        <ns0:codeBrchAssurSilo>RC</ns0:codeBrchAssurSilo>
                    </ns0:IdentCtr>
                    <ns0:InfoCtr>
                        <ns0:dateEffet>1999-06-29</ns0:dateEffet>
                        <ns0:dateFinEffet>2019-03-01</ns0:dateFinEffet>
                        <ns0:dateEmis>1999-07-29</ns0:dateEmis>
                        <ns0:codeSitCtr>RACHDEM</ns0:codeSitCtr>
                        <ns0:libSitCtr>Racheté demande</ns0:libSitCtr>
                        <ns0:codeSitCtrSilo>7</ns0:codeSitCtrSilo>
                        <ns0:dateSitCtr>2019-03-01</ns0:dateSitCtr>
                        <ns0:idPortfCtr>LMX</ns0:idPortfCtr>
                    </ns0:InfoCtr>
                    <ns0:Sousc>
                        <ns0:IdentSiloSousc>
                            <ns0:idDansSilo>P0080191</ns0:idDansSilo>
                            <ns0:codeAppli>A0443</ns0:codeAppli>
                        </ns0:IdentSiloSousc>
                    </ns0:Sousc>
                    <ns0:OfrCialSousc>
                        <ns0:typecon>RC08</ns0:typecon>
                        <ns0:numgen>V02</ns0:numgen>
                        <ns0:codeOfrCial>RC08V02RES</ns0:codeOfrCial>
                        <ns0:libOfrCial>MONDIALE VIVEPARGNE ACTIONS</ns0:libOfrCial>
                    </ns0:OfrCialSousc>
                    <ns0:ActrCtr>
                        <ns0:idAssCtrSilo>LM</ns0:idAssCtrSilo>
                        <ns0:idApportAffr>11688</ns0:idApportAffr>
                        <ns0:idDistPdt>RES</ns0:idDistPdt>
                        <ns0:indGestTiers>BAUDRY ISABELLE</ns0:indGestTiers>
                    </ns0:ActrCtr>
                    <ns0:CtrIndv>
                        <ns0:AssurePrcp>
                            <ns0:IdentSiloAssurePrcp>
                                <ns0:idDansSilo>P0080191</ns0:idDansSilo>
                                <ns0:codeAppli>A0443</ns0:codeAppli>
                            </ns0:IdentSiloAssurePrcp>
                        </ns0:AssurePrcp>
                    </ns0:CtrIndv>
                </ns0:CtrAssur>
                <ns0:CtrAssur>
                    <ns0:IdentCtr>
                        <ns0:IdentSiloCtr>
                            <ns0:idDansSilo>RC126165378000</ns0:idDansSilo>
                            <ns0:codeAppli>A0443</ns0:codeAppli>
                        </ns0:IdentSiloCtr>
                        <ns0:codeNatCtr>IND</ns0:codeNatCtr>
                        <ns0:libNatCtr>Individuel</ns0:libNatCtr>
                        <ns0:codeNatCtrSilo>I</ns0:codeNatCtrSilo>
                        <ns0:codeBrchAssur>EPG</ns0:codeBrchAssur>
                        <ns0:libBrchAssur>EPARGNE</ns0:libBrchAssur>
                        <ns0:codeBrchAssurSilo>RC</ns0:codeBrchAssurSilo>
                    </ns0:IdentCtr>
                    <ns0:InfoCtr>
                        <ns0:dateEffet>1999-06-29</ns0:dateEffet>
                        <ns0:dateFinEffet>2019-03-01</ns0:dateFinEffet>
                        <ns0:dateEmis>1999-07-16</ns0:dateEmis>
                        <ns0:codeSitCtr>RACHDEM</ns0:codeSitCtr>
                        <ns0:libSitCtr>Racheté demande</ns0:libSitCtr>
                        <ns0:codeSitCtrSilo>7</ns0:codeSitCtrSilo>
                        <ns0:dateSitCtr>2019-03-01</ns0:dateSitCtr>
                        <ns0:idPortfCtr>LMX</ns0:idPortfCtr>
                    </ns0:InfoCtr>
                    <ns0:Sousc>
                        <ns0:IdentSiloSousc>
                            <ns0:idDansSilo>P0080191</ns0:idDansSilo>
                            <ns0:codeAppli>A0443</ns0:codeAppli>
                        </ns0:IdentSiloSousc>
                    </ns0:Sousc>
                    <ns0:OfrCialSousc>
                        <ns0:typecon>RC08</ns0:typecon>
                        <ns0:numgen>V02</ns0:numgen>
                        <ns0:codeOfrCial>RC08V02RES</ns0:codeOfrCial>
                        <ns0:libOfrCial>MONDIALE VIVEPARGNE ACTIONS</ns0:libOfrCial>
                    </ns0:OfrCialSousc>
                    <ns0:ActrCtr>
                        <ns0:idAssCtrSilo>LM</ns0:idAssCtrSilo>
                        <ns0:idApportAffr>11688</ns0:idApportAffr>
                        <ns0:idDistPdt>RES</ns0:idDistPdt>
                        <ns0:indGestTiers>BAUDRY ISABELLE</ns0:indGestTiers>
                    </ns0:ActrCtr>
                    <ns0:CtrIndv>
                        <ns0:AssurePrcp>
                            <ns0:IdentSiloAssurePrcp>
                                <ns0:idDansSilo>P0080191</ns0:idDansSilo>
                                <ns0:codeAppli>A0443</ns0:codeAppli>
                            </ns0:IdentSiloAssurePrcp>
                        </ns0:AssurePrcp>
                    </ns0:CtrIndv>
                </ns0:CtrAssur>
                <ns0:CtrAssur>
                    <ns0:IdentCtr>
                        <ns0:IdentSiloCtr>
                            <ns0:idDansSilo>TV107764187000</ns0:idDansSilo>
                            <ns0:codeAppli>A0443</ns0:codeAppli>
                        </ns0:IdentSiloCtr>
                        <ns0:codeNatCtr>IND</ns0:codeNatCtr>
                        <ns0:libNatCtr>Individuel</ns0:libNatCtr>
                        <ns0:codeNatCtrSilo>I</ns0:codeNatCtrSilo>
                        <ns0:codeBrchAssur>NR</ns0:codeBrchAssur>
                        <ns0:libBrchAssur>Non renseigné</ns0:libBrchAssur>
                        <ns0:codeBrchAssurSilo>TV</ns0:codeBrchAssurSilo>
                    </ns0:IdentCtr>
                    <ns0:InfoCtr>
                        <ns0:dateEffet>1993-06-29</ns0:dateEffet>
                        <ns0:dateFinEffet>2011-06-28</ns0:dateFinEffet>
                        <ns0:dateEmis>1993-07-21</ns0:dateEmis>
                        <ns0:codeSitCtr>EXPAVCTR</ns0:codeSitCtr>
                        <ns0:libSitCtr>Expiré avec contrat</ns0:libSitCtr>
                        <ns0:codeSitCtrSilo>8</ns0:codeSitCtrSilo>
                        <ns0:dateSitCtr>2011-06-28</ns0:dateSitCtr>
                        <ns0:idPortfCtr>LMX</ns0:idPortfCtr>
                    </ns0:InfoCtr>
                    <ns0:Sousc>
                        <ns0:IdentSiloSousc>
                            <ns0:idDansSilo>P0080191</ns0:idDansSilo>
                            <ns0:codeAppli>A0443</ns0:codeAppli>
                        </ns0:IdentSiloSousc>
                    </ns0:Sousc>
                    <ns0:OfrCialSousc>
                        <ns0:typecon>TV06</ns0:typecon>
                        <ns0:numgen>V02</ns0:numgen>
                        <ns0:codeOfrCial>TV06V02RES</ns0:codeOfrCial>
                        <ns0:libOfrCial>MONDIALE RELAIS (ACA)</ns0:libOfrCial>
                    </ns0:OfrCialSousc>
                    <ns0:ActrCtr>
                        <ns0:idAssCtrSilo>LM</ns0:idAssCtrSilo>
                        <ns0:idApportAffr>11688</ns0:idApportAffr>
                        <ns0:idDistPdt>RES</ns0:idDistPdt>
                        <ns0:indGestTiers>BAUDRY ISABELLE</ns0:indGestTiers>
                    </ns0:ActrCtr>
                    <ns0:CtrIndv>
                        <ns0:AssurePrcp>
                            <ns0:IdentSiloAssurePrcp>
                                <ns0:idDansSilo>P0080191</ns0:idDansSilo>
                                <ns0:codeAppli>A0443</ns0:codeAppli>
                            </ns0:IdentSiloAssurePrcp>
                        </ns0:AssurePrcp>
                    </ns0:CtrIndv>
                </ns0:CtrAssur>
                <ns0:CtrAssur>
                    <ns0:IdentCtr>
                        <ns0:IdentSiloCtr>
                            <ns0:idDansSilo>RC111301001000</ns0:idDansSilo>
                            <ns0:codeAppli>A0443</ns0:codeAppli>
                        </ns0:IdentSiloCtr>
                        <ns0:codeNatCtr>IND</ns0:codeNatCtr>
                        <ns0:libNatCtr>Individuel</ns0:libNatCtr>
                        <ns0:codeNatCtrSilo>I</ns0:codeNatCtrSilo>
                        <ns0:codeBrchAssur>EPG</ns0:codeBrchAssur>
                        <ns0:libBrchAssur>EPARGNE</ns0:libBrchAssur>
                        <ns0:codeBrchAssurSilo>RC</ns0:codeBrchAssurSilo>
                    </ns0:IdentCtr>
                    <ns0:InfoCtr>
                        <ns0:dateEffet>1993-06-28</ns0:dateEffet>
                        <ns0:dateEmis>1993-07-20</ns0:dateEmis>
                        <ns0:codeSitCtr>ECSSPRM</ns0:codeSitCtr>
                        <ns0:libSitCtr>En cours sans prime</ns0:libSitCtr>
                        <ns0:codeSitCtrSilo>3</ns0:codeSitCtrSilo>
                        <ns0:dateSitCtr>1993-06-28</ns0:dateSitCtr>
                        <ns0:idPortfCtr>LMX</ns0:idPortfCtr>
                    </ns0:InfoCtr>
                    <ns0:Sousc>
                        <ns0:IdentSiloSousc>
                            <ns0:idDansSilo>P0080191</ns0:idDansSilo>
                            <ns0:codeAppli>A0443</ns0:codeAppli>
                        </ns0:IdentSiloSousc>
                    </ns0:Sousc>
                    <ns0:OfrCialSousc>
                        <ns0:typecon>RC03</ns0:typecon>
                        <ns0:numgen>V01</ns0:numgen>
                        <ns0:codeOfrCial>RC03V01RES</ns0:codeOfrCial>
                        <ns0:libOfrCial>VIVEPARGNE</ns0:libOfrCial>
                    </ns0:OfrCialSousc>
                    <ns0:ActrCtr>
                        <ns0:idAssCtrSilo>LM</ns0:idAssCtrSilo>
                        <ns0:idApportAffr>11688</ns0:idApportAffr>
                        <ns0:idDistPdt>RES</ns0:idDistPdt>
                        <ns0:indGestTiers>BAUDRY ISABELLE</ns0:indGestTiers>
                    </ns0:ActrCtr>
                    <ns0:CtrIndv>
                        <ns0:AssurePrcp>
                            <ns0:IdentSiloAssurePrcp>
                                <ns0:idDansSilo>P0080191</ns0:idDansSilo>
                                <ns0:codeAppli>A0443</ns0:codeAppli>
                            </ns0:IdentSiloAssurePrcp>
                        </ns0:AssurePrcp>
                    </ns0:CtrIndv>
                </ns0:CtrAssur>
                <ns0:CtrAssur>
                    <ns0:IdentCtr>
                        <ns0:IdentSiloCtr>
                            <ns0:idDansSilo>TF105493805000</ns0:idDansSilo>
                            <ns0:codeAppli>A0443</ns0:codeAppli>
                        </ns0:IdentSiloCtr>
                        <ns0:codeNatCtr>IND</ns0:codeNatCtr>
                        <ns0:libNatCtr>Individuel</ns0:libNatCtr>
                        <ns0:codeNatCtrSilo>I</ns0:codeNatCtrSilo>
                        <ns0:codeBrchAssur>NR</ns0:codeBrchAssur>
                        <ns0:libBrchAssur>Non renseigné</ns0:libBrchAssur>
                        <ns0:codeBrchAssurSilo>TF</ns0:codeBrchAssurSilo>
                    </ns0:IdentCtr>
                    <ns0:InfoCtr>
                        <ns0:dateEffet>1992-05-30</ns0:dateEffet>
                        <ns0:dateFinEffet>2000-10-05</ns0:dateFinEffet>
                        <ns0:dateEmis>1992-08-26</ns0:dateEmis>
                        <ns0:codeSitCtr>RACHDEM</ns0:codeSitCtr>
                        <ns0:libSitCtr>Racheté demande</ns0:libSitCtr>
                        <ns0:codeSitCtrSilo>7</ns0:codeSitCtrSilo>
                        <ns0:dateSitCtr>2000-10-05</ns0:dateSitCtr>
                        <ns0:idPortfCtr>LMX</ns0:idPortfCtr>
                    </ns0:InfoCtr>
                    <ns0:Sousc>
                        <ns0:IdentSiloSousc>
                            <ns0:idDansSilo>P0080191</ns0:idDansSilo>
                            <ns0:codeAppli>A0443</ns0:codeAppli>
                        </ns0:IdentSiloSousc>
                    </ns0:Sousc>
                    <ns0:OfrCialSousc>
                        <ns0:typecon>TF01</ns0:typecon>
                        <ns0:numgen>V02</ns0:numgen>
                        <ns0:codeOfrCial>TF01V02RES</ns0:codeOfrCial>
                        <ns0:libOfrCial>MONDIALE DOTATION</ns0:libOfrCial>
                    </ns0:OfrCialSousc>
                    <ns0:ActrCtr>
                        <ns0:idAssCtrSilo>LM</ns0:idAssCtrSilo>
                        <ns0:idApportAffr>10947</ns0:idApportAffr>
                        <ns0:idDistPdt>RES</ns0:idDistPdt>
                        <ns0:indGestTiers>BAUDRY ISABELLE</ns0:indGestTiers>
                    </ns0:ActrCtr>
                    <ns0:CtrIndv>
                        <ns0:AssurePrcp>
                            <ns0:IdentSiloAssurePrcp>
                                <ns0:idDansSilo>P0080191</ns0:idDansSilo>
                                <ns0:codeAppli>A0443</ns0:codeAppli>
                            </ns0:IdentSiloAssurePrcp>
                        </ns0:AssurePrcp>
                    </ns0:CtrIndv>
                </ns0:CtrAssur>
                <ns0:CtrAssur>
                    <ns0:IdentCtr>
                        <ns0:IdentSiloCtr>
                            <ns0:idDansSilo>TF105074183000</ns0:idDansSilo>
                            <ns0:codeAppli>A0443</ns0:codeAppli>
                        </ns0:IdentSiloCtr>
                        <ns0:codeNatCtr>IND</ns0:codeNatCtr>
                        <ns0:libNatCtr>Individuel</ns0:libNatCtr>
                        <ns0:codeNatCtrSilo>I</ns0:codeNatCtrSilo>
                        <ns0:codeBrchAssur>NR</ns0:codeBrchAssur>
                        <ns0:libBrchAssur>Non renseigné</ns0:libBrchAssur>
                        <ns0:codeBrchAssurSilo>TF</ns0:codeBrchAssurSilo>
                    </ns0:IdentCtr>
                    <ns0:InfoCtr>
                        <ns0:dateEffet>1992-05-30</ns0:dateEffet>
                        <ns0:dateFinEffet>2000-10-05</ns0:dateFinEffet>
                        <ns0:dateEmis>1992-06-23</ns0:dateEmis>
                        <ns0:codeSitCtr>RACHDEM</ns0:codeSitCtr>
                        <ns0:libSitCtr>Racheté demande</ns0:libSitCtr>
                        <ns0:codeSitCtrSilo>7</ns0:codeSitCtrSilo>
                        <ns0:dateSitCtr>2000-10-05</ns0:dateSitCtr>
                        <ns0:idPortfCtr>LMX</ns0:idPortfCtr>
                    </ns0:InfoCtr>
                    <ns0:Sousc>
                        <ns0:IdentSiloSousc>
                            <ns0:idDansSilo>P0080191</ns0:idDansSilo>
                            <ns0:codeAppli>A0443</ns0:codeAppli>
                        </ns0:IdentSiloSousc>
                    </ns0:Sousc>
                    <ns0:OfrCialSousc>
                        <ns0:typecon>TF01</ns0:typecon>
                        <ns0:numgen>V02</ns0:numgen>
                        <ns0:codeOfrCial>TF01V02RES</ns0:codeOfrCial>
                        <ns0:libOfrCial>MONDIALE DOTATION</ns0:libOfrCial>
                    </ns0:OfrCialSousc>
                    <ns0:ActrCtr>
                        <ns0:idAssCtrSilo>LM</ns0:idAssCtrSilo>
                        <ns0:idApportAffr>10947</ns0:idApportAffr>
                        <ns0:idDistPdt>RES</ns0:idDistPdt>
                        <ns0:indGestTiers>BAUDRY ISABELLE</ns0:indGestTiers>
                    </ns0:ActrCtr>
                    <ns0:CtrIndv>
                        <ns0:AssurePrcp>
                            <ns0:IdentSiloAssurePrcp>
                                <ns0:idDansSilo>P0080191</ns0:idDansSilo>
                                <ns0:codeAppli>A0443</ns0:codeAppli>
                            </ns0:IdentSiloAssurePrcp>
                        </ns0:AssurePrcp>
                    </ns0:CtrIndv>
                </ns0:CtrAssur>
                <ns0:CtrAssur>
                    <ns0:IdentCtr>
                        <ns0:IdentSiloCtr>
                            <ns0:idDansSilo>RF062467030002</ns0:idDansSilo>
                            <ns0:codeAppli>A0443</ns0:codeAppli>
                        </ns0:IdentSiloCtr>
                        <ns0:codeNatCtr>COL</ns0:codeNatCtr>
                        <ns0:libNatCtr>Collectif</ns0:libNatCtr>
                        <ns0:codeNatCtrSilo>C</ns0:codeNatCtrSilo>
                        <ns0:codeBrchAssur>RET</ns0:codeBrchAssur>
                        <ns0:libBrchAssur>RETRAITE</ns0:libBrchAssur>
                        <ns0:codeBrchAssurSilo>RF</ns0:codeBrchAssurSilo>
                    </ns0:IdentCtr>
                    <ns0:InfoCtr>
                        <ns0:dateEffet>1989-01-01</ns0:dateEffet>
                        <ns0:dateFinEffet>2016-06-30</ns0:dateFinEffet>
                        <ns0:dateEmis>1989-08-23</ns0:dateEmis>
                        <ns0:codeSitCtr>EXPAVCTR</ns0:codeSitCtr>
                        <ns0:libSitCtr>Expiré avec contrat</ns0:libSitCtr>
                        <ns0:codeSitCtrSilo>8</ns0:codeSitCtrSilo>
                        <ns0:dateSitCtr>2016-06-30</ns0:dateSitCtr>
                        <ns0:IdentCtrSrc>
                            <ns0:idSilo>RF062467030000</ns0:idSilo>
                            <ns0:codeAppli>A0443</ns0:codeAppli>
                        </ns0:IdentCtrSrc>
                        <ns0:idPortfCtr>LMX</ns0:idPortfCtr>
                    </ns0:InfoCtr>
                    <ns0:Sousc>
                        <ns0:IdentSiloSousc>
                            <ns0:idDansSilo>S0017481</ns0:idDansSilo>
                            <ns0:codeAppli>A0443</ns0:codeAppli>
                        </ns0:IdentSiloSousc>
                        <ns0:SignqSouscPM>
                            <ns0:codeSIREN/>
                            <ns0:raisSocl>S.A LA CULTURE DE L'AN 2000</ns0:raisSocl>
                        </ns0:SignqSouscPM>
                    </ns0:Sousc>
                    <ns0:OfrCialSousc>
                        <ns0:typecon>RF03</ns0:typecon>
                        <ns0:numgen>V01</ns0:numgen>
                        <ns0:codeOfrCial>RF03V01RES</ns0:codeOfrCial>
                        <ns0:libOfrCial>RF VALOR</ns0:libOfrCial>
                    </ns0:OfrCialSousc>
                    <ns0:ActrCtr>
                        <ns0:idAssCtrSilo>LM</ns0:idAssCtrSilo>
                        <ns0:idApportAffr>305</ns0:idApportAffr>
                        <ns0:idDistPdt>RES</ns0:idDistPdt>
                        <ns0:indGestTiers>CPTE NAT CONQUÊTE</ns0:indGestTiers>
                    </ns0:ActrCtr>
                    <ns0:CtrColl>
                        <ns0:CatPrsl>
                            <ns0:codeCatPrsl>99</ns0:codeCatPrsl>
                            <ns0:libCatPrsl>CADRES SUPERIEURS</ns0:libCatPrsl>
                        </ns0:CatPrsl>
                    </ns0:CtrColl>
                    <ns0:CtrIndv>
                        <ns0:AssurePrcp>
                            <ns0:IdentSiloAssurePrcp>
                                <ns0:idDansSilo>P0080191</ns0:idDansSilo>
                                <ns0:codeAppli>A0443</ns0:codeAppli>
                            </ns0:IdentSiloAssurePrcp>
                        </ns0:AssurePrcp>
                    </ns0:CtrIndv>
                </ns0:CtrAssur>
                <ns0:CtrAssur>
                    <ns0:IdentCtr>
                        <ns0:IdentSiloCtr>
                            <ns0:idDansSilo>RS062466254002</ns0:idDansSilo>
                            <ns0:codeAppli>A0443</ns0:codeAppli>
                        </ns0:IdentSiloCtr>
                        <ns0:codeNatCtr>COL</ns0:codeNatCtr>
                        <ns0:libNatCtr>Collectif</ns0:libNatCtr>
                        <ns0:codeNatCtrSilo>C</ns0:codeNatCtrSilo>
                        <ns0:codeBrchAssur>RET</ns0:codeBrchAssur>
                        <ns0:libBrchAssur>RETRAITE</ns0:libBrchAssur>
                        <ns0:codeBrchAssurSilo>RS</ns0:codeBrchAssurSilo>
                    </ns0:IdentCtr>
                    <ns0:InfoCtr>
                        <ns0:dateEffet>1984-01-01</ns0:dateEffet>
                        <ns0:dateFinEffet>1999-06-29</ns0:dateFinEffet>
                        <ns0:dateEmis>1984-01-01</ns0:dateEmis>
                        <ns0:codeSitCtr>RACHDEM</ns0:codeSitCtr>
                        <ns0:libSitCtr>Racheté demande</ns0:libSitCtr>
                        <ns0:codeSitCtrSilo>7</ns0:codeSitCtrSilo>
                        <ns0:dateSitCtr>1999-06-29</ns0:dateSitCtr>
                        <ns0:IdentCtrSrc>
                            <ns0:idSilo>RS062466254000</ns0:idSilo>
                            <ns0:codeAppli>A0443</ns0:codeAppli>
                        </ns0:IdentCtrSrc>
                        <ns0:idPortfCtr>LMX</ns0:idPortfCtr>
                    </ns0:InfoCtr>
                    <ns0:Sousc>
                        <ns0:IdentSiloSousc>
                            <ns0:idDansSilo>S0070413</ns0:idDansSilo>
                            <ns0:codeAppli>A0443</ns0:codeAppli>
                        </ns0:IdentSiloSousc>
                        <ns0:SignqSouscPM>
                            <ns0:codeSIREN/>
                            <ns0:raisSocl>S.A. ROLAND PERINET</ns0:raisSocl>
                        </ns0:SignqSouscPM>
                    </ns0:Sousc>
                    <ns0:OfrCialSousc>
                        <ns0:typecon>RS02</ns0:typecon>
                        <ns0:numgen>V01</ns0:numgen>
                        <ns0:codeOfrCial>RS02V01RES</ns0:codeOfrCial>
                        <ns0:libOfrCial>RCS1 NT</ns0:libOfrCial>
                    </ns0:OfrCialSousc>
                    <ns0:ActrCtr>
                        <ns0:idAssCtrSilo>LM</ns0:idAssCtrSilo>
                        <ns0:idApportAffr>305</ns0:idApportAffr>
                        <ns0:idDistPdt>RES</ns0:idDistPdt>
                        <ns0:indGestTiers>CPTE NAT CONQUÊTE</ns0:indGestTiers>
                    </ns0:ActrCtr>
                    <ns0:CtrIndv>
                        <ns0:AssurePrcp>
                            <ns0:IdentSiloAssurePrcp>
                                <ns0:idDansSilo>P0080191</ns0:idDansSilo>
                                <ns0:codeAppli>A0443</ns0:codeAppli>
                            </ns0:IdentSiloAssurePrcp>
                        </ns0:AssurePrcp>
                    </ns0:CtrIndv>
                </ns0:CtrAssur>
                <ns0:CtrAssur>
                    <ns0:IdentCtr>
                        <ns0:IdentSiloCtr>
                            <ns0:idDansSilo>RF062467127003</ns0:idDansSilo>
                            <ns0:codeAppli>A0443</ns0:codeAppli>
                        </ns0:IdentSiloCtr>
                        <ns0:codeNatCtr>COL</ns0:codeNatCtr>
                        <ns0:libNatCtr>Collectif</ns0:libNatCtr>
                        <ns0:codeNatCtrSilo>C</ns0:codeNatCtrSilo>
                        <ns0:codeBrchAssur>RET</ns0:codeBrchAssur>
                        <ns0:libBrchAssur>RETRAITE</ns0:libBrchAssur>
                        <ns0:codeBrchAssurSilo>RF</ns0:codeBrchAssurSilo>
                    </ns0:IdentCtr>
                    <ns0:InfoCtr>
                        <ns0:dateEffet>1984-01-01</ns0:dateEffet>
                        <ns0:dateFinEffet>1989-01-01</ns0:dateFinEffet>
                        <ns0:dateEmis>1984-01-01</ns0:dateEmis>
                        <ns0:codeSitCtr>TRSFRM</ns0:codeSitCtr>
                        <ns0:libSitCtr>Transformé</ns0:libSitCtr>
                        <ns0:codeSitCtrSilo>21</ns0:codeSitCtrSilo>
                        <ns0:dateSitCtr>1989-01-01</ns0:dateSitCtr>
                        <ns0:IdentCtrSrc>
                            <ns0:idSilo>RF062467127000</ns0:idSilo>
                            <ns0:codeAppli>A0443</ns0:codeAppli>
                        </ns0:IdentCtrSrc>
                        <ns0:idPortfCtr>LMX</ns0:idPortfCtr>
                    </ns0:InfoCtr>
                    <ns0:Sousc>
                        <ns0:IdentSiloSousc>
                            <ns0:idDansSilo>S0017481</ns0:idDansSilo>
                            <ns0:codeAppli>A0443</ns0:codeAppli>
                        </ns0:IdentSiloSousc>
                        <ns0:SignqSouscPM>
                            <ns0:codeSIREN/>
                            <ns0:raisSocl>S.A LA CULTURE DE L'AN 2000</ns0:raisSocl>
                        </ns0:SignqSouscPM>
                    </ns0:Sousc>
                    <ns0:OfrCialSousc>
                        <ns0:typecon>RF03</ns0:typecon>
                        <ns0:numgen>V01</ns0:numgen>
                        <ns0:codeOfrCial>RF03V01RES</ns0:codeOfrCial>
                        <ns0:libOfrCial>RF VALOR</ns0:libOfrCial>
                    </ns0:OfrCialSousc>
                    <ns0:ActrCtr>
                        <ns0:idAssCtrSilo>LM</ns0:idAssCtrSilo>
                        <ns0:idApportAffr>305</ns0:idApportAffr>
                        <ns0:idDistPdt>RES</ns0:idDistPdt>
                        <ns0:indGestTiers>CPTE NAT CONQUÊTE</ns0:indGestTiers>
                    </ns0:ActrCtr>
                    <ns0:CtrColl>
                        <ns0:CatPrsl>
                            <ns0:codeCatPrsl>99</ns0:codeCatPrsl>
                            <ns0:libCatPrsl>SALARIES ART 4 ET 4 BIS DE LA CCNC</ns0:libCatPrsl>
                        </ns0:CatPrsl>
                    </ns0:CtrColl>
                    <ns0:CtrIndv>
                        <ns0:AssurePrcp>
                            <ns0:IdentSiloAssurePrcp>
                                <ns0:idDansSilo>P0080191</ns0:idDansSilo>
                                <ns0:codeAppli>A0443</ns0:codeAppli>
                            </ns0:IdentSiloAssurePrcp>
                        </ns0:AssurePrcp>
                    </ns0:CtrIndv>
                </ns0:CtrAssur>
                <ns0:CtrAssur>
                    <ns0:IdentCtr>
                        <ns0:IdentSiloCtr>
                            <ns0:idDansSilo>RS062467224003</ns0:idDansSilo>
                            <ns0:codeAppli>A0443</ns0:codeAppli>
                        </ns0:IdentSiloCtr>
                        <ns0:codeNatCtr>COL</ns0:codeNatCtr>
                        <ns0:libNatCtr>Collectif</ns0:libNatCtr>
                        <ns0:codeNatCtrSilo>C</ns0:codeNatCtrSilo>
                        <ns0:codeBrchAssur>RET</ns0:codeBrchAssur>
                        <ns0:libBrchAssur>RETRAITE</ns0:libBrchAssur>
                        <ns0:codeBrchAssurSilo>RS</ns0:codeBrchAssurSilo>
                    </ns0:IdentCtr>
                    <ns0:InfoCtr>
                        <ns0:dateEffet>1984-01-01</ns0:dateEffet>
                        <ns0:dateFinEffet>1992-03-26</ns0:dateFinEffet>
                        <ns0:dateEmis>1984-01-01</ns0:dateEmis>
                        <ns0:codeSitCtr>RACHDEM</ns0:codeSitCtr>
                        <ns0:libSitCtr>Racheté demande</ns0:libSitCtr>
                        <ns0:codeSitCtrSilo>7</ns0:codeSitCtrSilo>
                        <ns0:dateSitCtr>1992-03-26</ns0:dateSitCtr>
                        <ns0:IdentCtrSrc>
                            <ns0:idSilo>RS062467224000</ns0:idSilo>
                            <ns0:codeAppli>A0443</ns0:codeAppli>
                        </ns0:IdentCtrSrc>
                        <ns0:idPortfCtr>LMX</ns0:idPortfCtr>
                    </ns0:InfoCtr>
                    <ns0:Sousc>
                        <ns0:IdentSiloSousc>
                            <ns0:idDansSilo>S0017481</ns0:idDansSilo>
                            <ns0:codeAppli>A0443</ns0:codeAppli>
                        </ns0:IdentSiloSousc>
                        <ns0:SignqSouscPM>
                            <ns0:codeSIREN/>
                            <ns0:raisSocl>S.A LA CULTURE DE L'AN 2000</ns0:raisSocl>
                        </ns0:SignqSouscPM>
                    </ns0:Sousc>
                    <ns0:OfrCialSousc>
                        <ns0:typecon>RS02</ns0:typecon>
                        <ns0:numgen>V01</ns0:numgen>
                        <ns0:codeOfrCial>RS02V01RES</ns0:codeOfrCial>
                        <ns0:libOfrCial>RCS1 NT</ns0:libOfrCial>
                    </ns0:OfrCialSousc>
                    <ns0:ActrCtr>
                        <ns0:idAssCtrSilo>LM</ns0:idAssCtrSilo>
                        <ns0:idApportAffr>305</ns0:idApportAffr>
                        <ns0:idDistPdt>RES</ns0:idDistPdt>
                        <ns0:indGestTiers>CPTE NAT CONQUÊTE</ns0:indGestTiers>
                    </ns0:ActrCtr>
                    <ns0:CtrIndv>
                        <ns0:AssurePrcp>
                            <ns0:IdentSiloAssurePrcp>
                                <ns0:idDansSilo>P0080191</ns0:idDansSilo>
                                <ns0:codeAppli>A0443</ns0:codeAppli>
                            </ns0:IdentSiloAssurePrcp>
                        </ns0:AssurePrcp>
                    </ns0:CtrIndv>
                </ns0:CtrAssur>
                <ns0:CtrAssur>
                    <ns0:IdentCtr>
                        <ns0:IdentSiloCtr>
                            <ns0:idDansSilo>RF062466157002</ns0:idDansSilo>
                            <ns0:codeAppli>A0443</ns0:codeAppli>
                        </ns0:IdentSiloCtr>
                        <ns0:codeNatCtr>COL</ns0:codeNatCtr>
                        <ns0:libNatCtr>Collectif</ns0:libNatCtr>
                        <ns0:codeNatCtrSilo>C</ns0:codeNatCtrSilo>
                        <ns0:codeBrchAssur>RET</ns0:codeBrchAssur>
                        <ns0:libBrchAssur>RETRAITE</ns0:libBrchAssur>
                        <ns0:codeBrchAssurSilo>RF</ns0:codeBrchAssurSilo>
                    </ns0:IdentCtr>
                    <ns0:InfoCtr>
                        <ns0:dateEffet>1984-01-01</ns0:dateEffet>
                        <ns0:dateFinEffet>2016-06-30</ns0:dateFinEffet>
                        <ns0:dateEmis>1984-01-01</ns0:dateEmis>
                        <ns0:codeSitCtr>EXPAVCTR</ns0:codeSitCtr>
                        <ns0:libSitCtr>Expiré avec contrat</ns0:libSitCtr>
                        <ns0:codeSitCtrSilo>8</ns0:codeSitCtrSilo>
                        <ns0:dateSitCtr>2016-06-30</ns0:dateSitCtr>
                        <ns0:IdentCtrSrc>
                            <ns0:idSilo>RF062466157000</ns0:idSilo>
                            <ns0:codeAppli>A0443</ns0:codeAppli>
                        </ns0:IdentCtrSrc>
                        <ns0:idPortfCtr>LMX</ns0:idPortfCtr>
                    </ns0:InfoCtr>
                    <ns0:Sousc>
                        <ns0:IdentSiloSousc>
                            <ns0:idDansSilo>S0070413</ns0:idDansSilo>
                            <ns0:codeAppli>A0443</ns0:codeAppli>
                        </ns0:IdentSiloSousc>
                        <ns0:SignqSouscPM>
                            <ns0:codeSIREN/>
                            <ns0:raisSocl>S.A. ROLAND PERINET</ns0:raisSocl>
                        </ns0:SignqSouscPM>
                    </ns0:Sousc>
                    <ns0:OfrCialSousc>
                        <ns0:typecon>RF03</ns0:typecon>
                        <ns0:numgen>V01</ns0:numgen>
                        <ns0:codeOfrCial>RF03V01RES</ns0:codeOfrCial>
                        <ns0:libOfrCial>RF VALOR</ns0:libOfrCial>
                    </ns0:OfrCialSousc>
                    <ns0:ActrCtr>
                        <ns0:idAssCtrSilo>LM</ns0:idAssCtrSilo>
                        <ns0:idApportAffr>305</ns0:idApportAffr>
                        <ns0:idDistPdt>RES</ns0:idDistPdt>
                        <ns0:indGestTiers>CPTE NAT CONQUÊTE</ns0:indGestTiers>
                    </ns0:ActrCtr>
                    <ns0:CtrColl>
                        <ns0:CatPrsl>
                            <ns0:codeCatPrsl>99</ns0:codeCatPrsl>
                            <ns0:libCatPrsl>SALARIES ART 4 ET 4 BIS DE LA CCNC</ns0:libCatPrsl>
                        </ns0:CatPrsl>
                    </ns0:CtrColl>
                    <ns0:CtrIndv>
                        <ns0:AssurePrcp>
                            <ns0:IdentSiloAssurePrcp>
                                <ns0:idDansSilo>P0080191</ns0:idDansSilo>
                                <ns0:codeAppli>A0443</ns0:codeAppli>
                            </ns0:IdentSiloAssurePrcp>
                        </ns0:AssurePrcp>
                    </ns0:CtrIndv>
                </ns0:CtrAssur>
            </ns0:RechercherCtrPersSiloFunc>
        </ns0:RechercherCtrPersSiloResponse>
    </SOAP-ENV:Body>
</SOAP-ENV:Envelope>
