<SOAP-ENV:Envelope xmlns:SOAP-ENV="http://schemas.xmlsoap.org/soap/envelope/"><SOAP-ENV:Header><ns:WSResponseMetaInfo xmlns:ns="http://www.fmk.com/ESB/Framework/ESBTechPivotSchema" xmlns:ns0="http://schemas.xmlsoap.org/soap/envelope/" xmlns:xs="http://www.w3.org/2001/XMLSchema" xmlns:xsi="http://www.w3.org/2001/XMLSchema-instance" xmlns:SOAP-ENV="http://schemas.xmlsoap.org/soap/envelope/"><ns:FuncFault/><ns:BusinessHeader/></ns:WSResponseMetaInfo></SOAP-ENV:Header><SOAP-ENV:Body><ns0:RechercherCtrPersSiloResponse xmlns:ns0="http://www.alm.com/esb/service/GestCtrPers_1/RechercherCtrPersSilo_2"><ns0:RechercherCtrPersSiloFunc><ns0:CtrAssur><ns0:IdentCtr><ns0:IdentSiloCtr><ns0:idDansSilo>RG150013992</ns0:idDansSilo><ns0:codeAppli>A0252</ns0:codeAppli></ns0:IdentSiloCtr></ns0:IdentCtr><ns0:InfoCtr><ns0:dateEffet>2004-01-01</ns0:dateEffet><ns0:codeSitCtr>VALID</ns0:codeSitCtr><ns0:libSitCtr>Validé</ns0:libSitCtr><ns0:codeSitCtrSilo>V</ns0:codeSitCtrSilo><ns0:idPortfCtr>ARI</ns0:idPortfCtr></ns0:InfoCtr><ns0:Sousc><ns0:IdentSiloSousc><ns0:idDansSilo>S0130208</ns0:idDansSilo><ns0:codeAppli>A0499</ns0:codeAppli></ns0:IdentSiloSousc><ns0:SignqSouscPM><ns0:raisSocl>COCA-COLA EUROPEAN PARTNERS FRANCE</ns0:raisSocl></ns0:SignqSouscPM></ns0:Sousc><ns0:OfrCialSousc><ns0:typecon>RG01</ns0:typecon><ns0:numgen>001</ns0:numgen></ns0:OfrCialSousc><ns0:ActrCtr><ns0:idAssCtr>9</ns0:idAssCtr><ns0:libAssCtr>Arial CNP Assurances</ns0:libAssCtr><ns0:idAssCtrSilo>ARI</ns0:idAssCtrSilo><ns0:idApportAffr>1498</ns0:idApportAffr><ns0:idDistPdt>001</ns0:idDistPdt></ns0:ActrCtr><ns0:OptCtrEparg><ns0:Compart><ns0:IdentCompart><ns0:idSilo>161947</ns0:idSilo><ns0:codeAppli>A0252</ns0:codeAppli></ns0:IdentCompart><ns0:codeSitCompart>TRANS</ns0:codeSitCompart><ns0:libSitCompart>Transferé</ns0:libSitCompart><ns0:codeSitCompartSilo>T</ns0:codeSitCompartSilo><ns0:dateSitCompart>2009-12-03</ns0:dateSitCompart><ns0:idCatPrslCompart>3832</ns0:idCatPrslCompart><ns0:libCatPrslCompart>Cadres dirigeants</ns0:libCatPrslCompart></ns0:Compart></ns0:OptCtrEparg><ns0:CtrColl><ns0:Adh><ns0:identSiloAdh><ns0:idDansSilo>S3522085</ns0:idDansSilo><ns0:codeAppli>A0499</ns0:codeAppli></ns0:identSiloAdh><ns0:SignqAdhPM><ns0:raisSocl>COCA COLA PRODUCTION SAS</ns0:raisSocl></ns0:SignqAdhPM></ns0:Adh></ns0:CtrColl></ns0:CtrAssur><ns0:CtrAssur><ns0:IdentCtr><ns0:IdentSiloCtr><ns0:idDansSilo>RG132928703</ns0:idDansSilo><ns0:codeAppli>A0252</ns0:codeAppli></ns0:IdentSiloCtr></ns0:IdentCtr><ns0:InfoCtr><ns0:dateEffet>2001-01-01</ns0:dateEffet><ns0:codeSitCtr>VALID</ns0:codeSitCtr><ns0:libSitCtr>Validé</ns0:libSitCtr><ns0:codeSitCtrSilo>V</ns0:codeSitCtrSilo><ns0:idPortfCtr>ARI</ns0:idPortfCtr></ns0:InfoCtr><ns0:Sousc><ns0:IdentSiloSousc><ns0:idDansSilo>S0130208</ns0:idDansSilo><ns0:codeAppli>A0499</ns0:codeAppli></ns0:IdentSiloSousc><ns0:SignqSouscPM><ns0:raisSocl>COCA-COLA EUROPEAN PARTNERS FRANCE</ns0:raisSocl></ns0:SignqSouscPM></ns0:Sousc><ns0:OfrCialSousc><ns0:typecon>RG01</ns0:typecon><ns0:numgen>001</ns0:numgen></ns0:OfrCialSousc><ns0:ActrCtr><ns0:idAssCtr>9</ns0:idAssCtr><ns0:libAssCtr>Arial CNP Assurances</ns0:libAssCtr><ns0:idAssCtrSilo>ARI</ns0:idAssCtrSilo><ns0:idApportAffr>1498</ns0:idApportAffr><ns0:idDistPdt>001</ns0:idDistPdt></ns0:ActrCtr><ns0:OptCtrEparg><ns0:Compart><ns0:IdentCompart><ns0:idSilo>1045743</ns0:idSilo><ns0:codeAppli>A0252</ns0:codeAppli></ns0:IdentCompart><ns0:codeSitCompart>AFBIA</ns0:codeSitCompart><ns0:libSitCompart>Affilié en cours avec BIA</ns0:libSitCompart><ns0:codeSitCompartSilo>C</ns0:codeSitCompartSilo><ns0:dateSitCompart>2017-06-01</ns0:dateSitCompart><ns0:idCatPrslCompart>12254</ns0:idCatPrslCompart><ns0:libCatPrslCompart>Cadres </ns0:libCatPrslCompart></ns0:Compart></ns0:OptCtrEparg></ns0:CtrAssur><ns0:CtrAssur><ns0:IdentCtr><ns0:IdentSiloCtr><ns0:idDansSilo>RG132928703</ns0:idDansSilo><ns0:codeAppli>A0252</ns0:codeAppli></ns0:IdentSiloCtr></ns0:IdentCtr><ns0:InfoCtr><ns0:dateEffet>2001-01-01</ns0:dateEffet><ns0:codeSitCtr>VALID</ns0:codeSitCtr><ns0:libSitCtr>Validé</ns0:libSitCtr><ns0:codeSitCtrSilo>V</ns0:codeSitCtrSilo><ns0:idPortfCtr>ARI</ns0:idPortfCtr></ns0:InfoCtr><ns0:Sousc><ns0:IdentSiloSousc><ns0:idDansSilo>S0130208</ns0:idDansSilo><ns0:codeAppli>A0499</ns0:codeAppli></ns0:IdentSiloSousc><ns0:SignqSouscPM><ns0:raisSocl>COCA-COLA EUROPEAN PARTNERS FRANCE</ns0:raisSocl></ns0:SignqSouscPM></ns0:Sousc><ns0:OfrCialSousc><ns0:typecon>RG01</ns0:typecon><ns0:numgen>001</ns0:numgen></ns0:OfrCialSousc><ns0:ActrCtr><ns0:idAssCtr>9</ns0:idAssCtr><ns0:libAssCtr>Arial CNP Assurances</ns0:libAssCtr><ns0:idAssCtrSilo>ARI</ns0:idAssCtrSilo><ns0:idApportAffr>1498</ns0:idApportAffr><ns0:idDistPdt>001</ns0:idDistPdt></ns0:ActrCtr><ns0:OptCtrEparg><ns0:Compart><ns0:IdentCompart><ns0:idSilo>59804</ns0:idSilo><ns0:codeAppli>A0252</ns0:codeAppli></ns0:IdentCompart><ns0:codeSitCompart>TRANS</ns0:codeSitCompart><ns0:libSitCompart>Transferé</ns0:libSitCompart><ns0:codeSitCompartSilo>T</ns0:codeSitCompartSilo><ns0:dateSitCompart>2017-10-27</ns0:dateSitCompart><ns0:idCatPrslCompart>1882</ns0:idCatPrslCompart><ns0:libCatPrslCompart>Employés, Ouvriers et Agents de maitrise</ns0:libCatPrslCompart></ns0:Compart></ns0:OptCtrEparg></ns0:CtrAssur><ns0:CtrAssur><ns0:IdentCtr><ns0:IdentSiloCtr><ns0:idDansSilo>RG132928703</ns0:idDansSilo><ns0:codeAppli>A0252</ns0:codeAppli></ns0:IdentSiloCtr></ns0:IdentCtr><ns0:InfoCtr><ns0:dateEffet>2001-01-01</ns0:dateEffet><ns0:codeSitCtr>VALID</ns0:codeSitCtr><ns0:libSitCtr>Validé</ns0:libSitCtr><ns0:codeSitCtrSilo>V</ns0:codeSitCtrSilo><ns0:idPortfCtr>ARI</ns0:idPortfCtr></ns0:InfoCtr><ns0:Sousc><ns0:IdentSiloSousc><ns0:idDansSilo>S0130208</ns0:idDansSilo><ns0:codeAppli>A0499</ns0:codeAppli></ns0:IdentSiloSousc><ns0:SignqSouscPM><ns0:raisSocl>COCA-COLA EUROPEAN PARTNERS FRANCE</ns0:raisSocl></ns0:SignqSouscPM></ns0:Sousc><ns0:OfrCialSousc><ns0:typecon>RG01</ns0:typecon><ns0:numgen>001</ns0:numgen></ns0:OfrCialSousc><ns0:ActrCtr><ns0:idAssCtr>9</ns0:idAssCtr><ns0:libAssCtr>Arial CNP Assurances</ns0:libAssCtr><ns0:idAssCtrSilo>ARI</ns0:idAssCtrSilo><ns0:idApportAffr>1498</ns0:idApportAffr><ns0:idDistPdt>001</ns0:idDistPdt></ns0:ActrCtr><ns0:OptCtrEparg><ns0:Compart><ns0:IdentCompart><ns0:idSilo>59362</ns0:idSilo><ns0:codeAppli>A0252</ns0:codeAppli></ns0:IdentCompart><ns0:codeSitCompart>TRANS</ns0:codeSitCompart><ns0:libSitCompart>Transferé</ns0:libSitCompart><ns0:codeSitCompartSilo>T</ns0:codeSitCompartSilo><ns0:dateSitCompart>2004-12-31</ns0:dateSitCompart><ns0:idCatPrslCompart>1882</ns0:idCatPrslCompart><ns0:libCatPrslCompart>Employés, Ouvriers et Agents de maitrise</ns0:libCatPrslCompart></ns0:Compart></ns0:OptCtrEparg></ns0:CtrAssur><ns0:CtrAssur><ns0:IdentCtr><ns0:IdentSiloCtr><ns0:idDansSilo>RG150013992</ns0:idDansSilo><ns0:codeAppli>A0252</ns0:codeAppli></ns0:IdentSiloCtr></ns0:IdentCtr><ns0:InfoCtr><ns0:dateEffet>2004-01-01</ns0:dateEffet><ns0:codeSitCtr>VALID</ns0:codeSitCtr><ns0:libSitCtr>Validé</ns0:libSitCtr><ns0:codeSitCtrSilo>V</ns0:codeSitCtrSilo><ns0:idPortfCtr>ARI</ns0:idPortfCtr></ns0:InfoCtr><ns0:Sousc><ns0:IdentSiloSousc><ns0:idDansSilo>S0130208</ns0:idDansSilo><ns0:codeAppli>A0499</ns0:codeAppli></ns0:IdentSiloSousc><ns0:SignqSouscPM><ns0:raisSocl>COCA-COLA EUROPEAN PARTNERS FRANCE</ns0:raisSocl></ns0:SignqSouscPM></ns0:Sousc><ns0:OfrCialSousc><ns0:typecon>RG01</ns0:typecon><ns0:numgen>001</ns0:numgen></ns0:OfrCialSousc><ns0:ActrCtr><ns0:idAssCtr>9</ns0:idAssCtr><ns0:libAssCtr>Arial CNP Assurances</ns0:libAssCtr><ns0:idAssCtrSilo>ARI</ns0:idAssCtrSilo><ns0:idApportAffr>1498</ns0:idApportAffr><ns0:idDistPdt>001</ns0:idDistPdt></ns0:ActrCtr><ns0:OptCtrEparg><ns0:Compart><ns0:IdentCompart><ns0:idSilo>410460</ns0:idSilo><ns0:codeAppli>A0252</ns0:codeAppli></ns0:IdentCompart><ns0:codeSitCompart>AFSBI</ns0:codeSitCompart><ns0:libSitCompart>Affilié en cours sans BIA</ns0:libSitCompart><ns0:codeSitCompartSilo>A</ns0:codeSitCompartSilo><ns0:dateSitCompart>2009-03-01</ns0:dateSitCompart><ns0:idCatPrslCompart>3663</ns0:idCatPrslCompart><ns0:libCatPrslCompart>Cadres dirigeants</ns0:libCatPrslCompart></ns0:Compart></ns0:OptCtrEparg></ns0:CtrAssur><ns0:CtrAssur><ns0:IdentCtr><ns0:IdentSiloCtr><ns0:idDansSilo>RG150761571</ns0:idDansSilo><ns0:codeAppli>A0252</ns0:codeAppli></ns0:IdentSiloCtr></ns0:IdentCtr><ns0:InfoCtr><ns0:dateEffet>2008-07-01</ns0:dateEffet><ns0:codeSitCtr>VALID</ns0:codeSitCtr><ns0:libSitCtr>Validé</ns0:libSitCtr><ns0:codeSitCtrSilo>V</ns0:codeSitCtrSilo><ns0:idPortfCtr>ARI</ns0:idPortfCtr></ns0:InfoCtr><ns0:Sousc><ns0:IdentSiloSousc><ns0:idDansSilo>S3522085</ns0:idDansSilo><ns0:codeAppli>A0499</ns0:codeAppli></ns0:IdentSiloSousc><ns0:SignqSouscPM><ns0:raisSocl>COCA COLA PRODUCTION SAS</ns0:raisSocl></ns0:SignqSouscPM></ns0:Sousc><ns0:OfrCialSousc><ns0:typecon>RG01</ns0:typecon><ns0:numgen>001</ns0:numgen></ns0:OfrCialSousc><ns0:ActrCtr><ns0:idAssCtr>9</ns0:idAssCtr><ns0:libAssCtr>Arial CNP Assurances</ns0:libAssCtr><ns0:idAssCtrSilo>ARI</ns0:idAssCtrSilo><ns0:idApportAffr>1498</ns0:idApportAffr><ns0:idDistPdt>001</ns0:idDistPdt></ns0:ActrCtr><ns0:OptCtrEparg><ns0:Compart><ns0:IdentCompart><ns0:idSilo>300928</ns0:idSilo><ns0:codeAppli>A0252</ns0:codeAppli></ns0:IdentCompart><ns0:codeSitCompart>LIBER</ns0:codeSitCompart><ns0:libSitCompart>Liberé</ns0:libSitCompart><ns0:codeSitCompartSilo>L</ns0:codeSitCompartSilo><ns0:dateSitCompart>2008-07-31</ns0:dateSitCompart><ns0:idCatPrslCompart>5460</ns0:idCatPrslCompart><ns0:libCatPrslCompart>Salariés cadres ayant plus de 3 mois d\u0092ancienneté </ns0:libCatPrslCompart></ns0:Compart></ns0:OptCtrEparg></ns0:CtrAssur></ns0:RechercherCtrPersSiloFunc></ns0:RechercherCtrPersSiloResponse></SOAP-ENV:Body></SOAP-ENV:Envelope>
