<SOAP-ENV:Envelope xmlns:SOAP-ENV="http://schemas.xmlsoap.org/soap/envelope/">
    <SOAP-ENV:Header>
        <ns:WSResponseMetaInfo xmlns:ns="http://www.fmk.com/ESB/Framework/ESBTechPivotSchema"
                               xmlns:ns0="http://schemas.xmlsoap.org/soap/envelope/"
                               xmlns:xs="http://www.w3.org/2001/XMLSchema"
                               xmlns:xsi="http://www.w3.org/2001/XMLSchema-instance"
                               xmlns:SOAP-ENV="http://schemas.xmlsoap.org/soap/envelope/">
            <ns:FuncFault/>
            <ns:BusinessHeader/>
        </ns:WSResponseMetaInfo>
    </SOAP-ENV:Header>
    <SOAP-ENV:Body>
        <ns0:RechercherCtrPersSiloResponse
                xmlns:ns0="http://www.alm.com/esb/service/GestCtrPers_1/RechercherCtrPersSilo_2">
            <ns0:RechercherCtrPersSiloFunc/>
        </ns0:RechercherCtrPersSiloResponse>
    </SOAP-ENV:Body>
</SOAP-ENV:Envelope>
