<SOAP-ENV:Envelope xmlns:SOAP-ENV="http://schemas.xmlsoap.org/soap/envelope/">
    <SOAP-ENV:Header>
        <ns:WSResponseMetaInfo xmlns:ns="http://www.fmk.com/ESB/Framework/ESBTechPivotSchema"
                               xmlns:ns0="http://schemas.xmlsoap.org/soap/envelope/"
                               xmlns:xs="http://www.w3.org/2001/XMLSchema"
                               xmlns:xsi="http://www.w3.org/2001/XMLSchema-instance"
                               xmlns:SOAP-ENV="http://schemas.xmlsoap.org/soap/envelope/">
            <ns:FuncFault/>
            <ns:BusinessHeader/>
        </ns:WSResponseMetaInfo>
    </SOAP-ENV:Header>
    <SOAP-ENV:Body>
        <ns0:RechercherCtrPersSiloResponse
                xmlns:ns0="http://www.alm.com/esb/service/GestCtrPers_1/RechercherCtrPersSilo_2">
            <ns0:RechercherCtrPersSiloFunc>
                <ns0:CtrAssur>
                    <ns0:IdentCtr>
                        <ns0:IdentSiloCtr>
                            <ns0:idDansSilo>RG152215019</ns0:idDansSilo>
                            <ns0:codeAppli>A0252</ns0:codeAppli>
                        </ns0:IdentSiloCtr>
                    </ns0:IdentCtr>
                    <ns0:InfoCtr>
                        <ns0:dateEffet>2020-06-01</ns0:dateEffet>
                        <ns0:codeSitCtr>VALID</ns0:codeSitCtr>
                        <ns0:libSitCtr>Validé</ns0:libSitCtr>
                        <ns0:codeSitCtrSilo>V</ns0:codeSitCtrSilo>
                        <ns0:idPortfCtr>ACA</ns0:idPortfCtr>
                    </ns0:InfoCtr>
                    <ns0:Sousc>
                        <ns0:IdentSiloSousc>
                            <ns0:idDansSilo>S4056339</ns0:idDansSilo>
                            <ns0:codeAppli>A0499</ns0:codeAppli>
                        </ns0:IdentSiloSousc>
                        <ns0:SignqSouscPM>
                            <ns0:raisSocl>AUBRET FRANCK CHARCUTERIE</ns0:raisSocl>
                        </ns0:SignqSouscPM>
                    </ns0:Sousc>
                    <ns0:OfrCialSousc>
                        <ns0:typecon>RG02</ns0:typecon>
                        <ns0:numgen>001</ns0:numgen>
                    </ns0:OfrCialSousc>
                    <ns0:ActrCtr>
                        <ns0:idAssCtr>ARI</ns0:idAssCtr>
                        <ns0:libAssCtr>Arial CNP Assurances</ns0:libAssCtr>
                        <ns0:idAssCtrSilo>9</ns0:idAssCtrSilo>
                        <ns0:idApportAffr>243</ns0:idApportAffr>
                        <ns0:idDistPdt>001</ns0:idDistPdt>
                    </ns0:ActrCtr>
                    <ns0:OptCtrEparg>
                        <ns0:Compart>
                            <ns0:IdentCompart>
                                <ns0:idSilo>1398104</ns0:idSilo>
                                <ns0:codeAppli>A0252</ns0:codeAppli>
                            </ns0:IdentCompart>
                            <ns0:idRgrpt>6101</ns0:idRgrpt>
                            <ns0:libCompartSilo>Versements obligatoires</ns0:libCompartSilo>
                            <ns0:codeSitCompart>AFSBI</ns0:codeSitCompart>
                            <ns0:libSitCompart>Affilié en cours sans BIA</ns0:libSitCompart>
                            <ns0:codeSitCompartSilo>A</ns0:codeSitCompartSilo>
                            <ns0:dateSitCompart>2020-06-01</ns0:dateSitCompart>
                            <ns0:idCatPrslCompart>16172</ns0:idCatPrslCompart>
                            <ns0:libCatPrslCompart>Cadres</ns0:libCatPrslCompart>
                        </ns0:Compart>
                        <ns0:Compart>
                            <ns0:IdentCompart>
                                <ns0:idSilo>1398102</ns0:idSilo>
                                <ns0:codeAppli>A0252</ns0:codeAppli>
                            </ns0:IdentCompart>
                            <ns0:idRgrpt>6101</ns0:idRgrpt>
                            <ns0:libCompartSilo>Versements Volontaires</ns0:libCompartSilo>
                            <ns0:codeSitCompart>AFSBI</ns0:codeSitCompart>
                            <ns0:libSitCompart>Affilié en cours sans BIA</ns0:libSitCompart>
                            <ns0:codeSitCompartSilo>C</ns0:codeSitCompartSilo>
                            <ns0:dateSitCompart>2020-06-09</ns0:dateSitCompart>
                            <ns0:idCatPrslCompart>16170</ns0:idCatPrslCompart>
                            <ns0:libCatPrslCompart>Non catégorielle</ns0:libCatPrslCompart>
                        </ns0:Compart>
                        <ns0:Compart>
                            <ns0:IdentCompart>
                                <ns0:idSilo>1398103</ns0:idSilo>
                                <ns0:codeAppli>A0252</ns0:codeAppli>
                            </ns0:IdentCompart>
                            <ns0:idRgrpt>6101</ns0:idRgrpt>
                            <ns0:libCompartSilo>Versements Volontaires non déductibles</ns0:libCompartSilo>
                            <ns0:codeSitCompart>AFSBI</ns0:codeSitCompart>
                            <ns0:libSitCompart>Affilié en cours sans BIA</ns0:libSitCompart>
                            <ns0:codeSitCompartSilo>A</ns0:codeSitCompartSilo>
                            <ns0:dateSitCompart>2020-06-01</ns0:dateSitCompart>
                            <ns0:idCatPrslCompart>16171</ns0:idCatPrslCompart>
                            <ns0:libCatPrslCompart>Non catégorielle</ns0:libCatPrslCompart>
                        </ns0:Compart>
                        <ns0:Compart>
                            <ns0:IdentCompart>
                                <ns0:idSilo>1398105</ns0:idSilo>
                                <ns0:codeAppli>A0252</ns0:codeAppli>
                            </ns0:IdentCompart>
                            <ns0:idRgrpt>6101</ns0:idRgrpt>
                            <ns0:libCompartSilo>Epargne Salariale</ns0:libCompartSilo>
                            <ns0:codeSitCompart>AFSBI</ns0:codeSitCompart>
                            <ns0:libSitCompart>Affilié en cours sans BIA</ns0:libSitCompart>
                            <ns0:codeSitCompartSilo>A</ns0:codeSitCompartSilo>
                            <ns0:dateSitCompart>2020-06-01</ns0:dateSitCompart>
                            <ns0:idCatPrslCompart>16173</ns0:idCatPrslCompart>
                            <ns0:libCatPrslCompart>Non catégorielle</ns0:libCatPrslCompart>
                        </ns0:Compart>
                    </ns0:OptCtrEparg>
                </ns0:CtrAssur>
                <ns0:CtrAssur>
                    <ns0:IdentCtr>
                        <ns0:IdentSiloCtr>
                            <ns0:idDansSilo>RG152215407</ns0:idDansSilo>
                            <ns0:codeAppli>A0252</ns0:codeAppli>
                        </ns0:IdentSiloCtr>
                    </ns0:IdentCtr>
                    <ns0:InfoCtr>
                        <ns0:dateEffet>2020-06-02</ns0:dateEffet>
                        <ns0:codeSitCtr>VALID</ns0:codeSitCtr>
                        <ns0:libSitCtr>Validé</ns0:libSitCtr>
                        <ns0:codeSitCtrSilo>V</ns0:codeSitCtrSilo>
                        <ns0:idPortfCtr>LMO</ns0:idPortfCtr>
                    </ns0:InfoCtr>
                    <ns0:Sousc>
                        <ns0:IdentSiloSousc>
                            <ns0:idDansSilo>S2128729</ns0:idDansSilo>
                            <ns0:codeAppli>A0499</ns0:codeAppli>
                        </ns0:IdentSiloSousc>
                        <ns0:SignqSouscPM>
                            <ns0:raisSocl>DUJARDIN SA</ns0:raisSocl>
                        </ns0:SignqSouscPM>
                    </ns0:Sousc>
                    <ns0:OfrCialSousc>
                        <ns0:typecon>RG02</ns0:typecon>
                        <ns0:numgen>002</ns0:numgen>
                    </ns0:OfrCialSousc>
                    <ns0:ActrCtr>
                        <ns0:idAssCtr>LM</ns0:idAssCtr>
                        <ns0:libAssCtr>Arial CNP Assurances</ns0:libAssCtr>
                        <ns0:idAssCtrSilo>9</ns0:idAssCtrSilo>
                        <ns0:idApportAffr>359</ns0:idApportAffr>
                        <ns0:idDistPdt>002</ns0:idDistPdt>
                    </ns0:ActrCtr>
                    <ns0:OptCtrEparg>
                        <ns0:Compart>
                            <ns0:IdentCompart>
                                <ns0:idSilo>1398108</ns0:idSilo>
                                <ns0:codeAppli>A0252</ns0:codeAppli>
                            </ns0:IdentCompart>
                            <ns0:idRgrpt>6102</ns0:idRgrpt>
                            <ns0:libCompartSilo>Versements obligatoires</ns0:libCompartSilo>
                            <ns0:codeSitCompart>AFSBI</ns0:codeSitCompart>
                            <ns0:libSitCompart>Affilié en cours sans BIA</ns0:libSitCompart>
                            <ns0:codeSitCompartSilo>C</ns0:codeSitCompartSilo>
                            <ns0:dateSitCompart>2020-07-16</ns0:dateSitCompart>
                            <ns0:idCatPrslCompart>16176</ns0:idCatPrslCompart>
                            <ns0:libCatPrslCompart>Cadres</ns0:libCatPrslCompart>
                        </ns0:Compart>
                        <ns0:Compart>
                            <ns0:IdentCompart>
                                <ns0:idSilo>1398106</ns0:idSilo>
                                <ns0:codeAppli>A0252</ns0:codeAppli>
                            </ns0:IdentCompart>
                            <ns0:idRgrpt>6102</ns0:idRgrpt>
                            <ns0:libCompartSilo>Versements Volontaires</ns0:libCompartSilo>
                            <ns0:codeSitCompart>AFSBI</ns0:codeSitCompart>
                            <ns0:libSitCompart>Affilié en cours sans BIA</ns0:libSitCompart>
                            <ns0:codeSitCompartSilo>A</ns0:codeSitCompartSilo>
                            <ns0:dateSitCompart>2020-06-02</ns0:dateSitCompart>
                            <ns0:idCatPrslCompart>16174</ns0:idCatPrslCompart>
                            <ns0:libCatPrslCompart>Non catégorielle</ns0:libCatPrslCompart>
                        </ns0:Compart>
                        <ns0:Compart>
                            <ns0:IdentCompart>
                                <ns0:idSilo>1398107</ns0:idSilo>
                                <ns0:codeAppli>A0252</ns0:codeAppli>
                            </ns0:IdentCompart>
                            <ns0:idRgrpt>6102</ns0:idRgrpt>
                            <ns0:libCompartSilo>Versements Volontaires non déductibles</ns0:libCompartSilo>
                            <ns0:codeSitCompart>AFSBI</ns0:codeSitCompart>
                            <ns0:libSitCompart>Affilié en cours sans BIA</ns0:libSitCompart>
                            <ns0:codeSitCompartSilo>A</ns0:codeSitCompartSilo>
                            <ns0:dateSitCompart>2020-06-02</ns0:dateSitCompart>
                            <ns0:idCatPrslCompart>16175</ns0:idCatPrslCompart>
                            <ns0:libCatPrslCompart>Non catégorielle</ns0:libCatPrslCompart>
                        </ns0:Compart>
                        <ns0:Compart>
                            <ns0:IdentCompart>
                                <ns0:idSilo>1398109</ns0:idSilo>
                                <ns0:codeAppli>A0252</ns0:codeAppli>
                            </ns0:IdentCompart>
                            <ns0:idRgrpt>6102</ns0:idRgrpt>
                            <ns0:libCompartSilo>Epargne Salariale</ns0:libCompartSilo>
                            <ns0:codeSitCompart>AFSBI</ns0:codeSitCompart>
                            <ns0:libSitCompart>Affilié en cours sans BIA</ns0:libSitCompart>
                            <ns0:codeSitCompartSilo>A</ns0:codeSitCompartSilo>
                            <ns0:dateSitCompart>2020-06-02</ns0:dateSitCompart>
                            <ns0:idCatPrslCompart>16177</ns0:idCatPrslCompart>
                            <ns0:libCatPrslCompart>Non catégorielle</ns0:libCatPrslCompart>
                        </ns0:Compart>
                    </ns0:OptCtrEparg>
                </ns0:CtrAssur>
                <ns0:CtrAssur>
                    <ns0:IdentCtr>
                        <ns0:IdentSiloCtr>
                            <ns0:idDansSilo>RG151504882</ns0:idDansSilo>
                            <ns0:codeAppli>A0252</ns0:codeAppli>
                        </ns0:IdentSiloCtr>
                    </ns0:IdentCtr>
                    <ns0:InfoCtr>
                        <ns0:dateEffet>2013-10-01</ns0:dateEffet>
                        <ns0:codeSitCtr>VALID</ns0:codeSitCtr>
                        <ns0:libSitCtr>Validé</ns0:libSitCtr>
                        <ns0:codeSitCtrSilo>V</ns0:codeSitCtrSilo>
                        <ns0:idPortfCtr>ARI</ns0:idPortfCtr>
                    </ns0:InfoCtr>
                    <ns0:Sousc>
                        <ns0:IdentSiloSousc>
                            <ns0:idDansSilo>S2007827</ns0:idDansSilo>
                            <ns0:codeAppli>A0499</ns0:codeAppli>
                        </ns0:IdentSiloSousc>
                        <ns0:SignqSouscPM>
                            <ns0:raisSocl>AUCHAN HYPERMARCHE</ns0:raisSocl>
                        </ns0:SignqSouscPM>
                    </ns0:Sousc>
                    <ns0:OfrCialSousc>
                        <ns0:typecon>RG01</ns0:typecon>
                        <ns0:numgen>001</ns0:numgen>
                    </ns0:OfrCialSousc>
                    <ns0:ActrCtr>
                        <ns0:idAssCtr>ARI</ns0:idAssCtr>
                        <ns0:libAssCtr>Arial CNP Assurances</ns0:libAssCtr>
                        <ns0:idAssCtrSilo>9</ns0:idAssCtrSilo>
                        <ns0:idApportAffr>240</ns0:idApportAffr>
                        <ns0:idDistPdt>001</ns0:idDistPdt>
                    </ns0:ActrCtr>
                    <ns0:OptCtrEparg>
                        <ns0:Compart>
                            <ns0:IdentCompart>
                                <ns0:idSilo>1117088</ns0:idSilo>
                                <ns0:codeAppli>A0252</ns0:codeAppli>
                            </ns0:IdentCompart>
                            <ns0:codeSitCompart>AFSBI</ns0:codeSitCompart>
                            <ns0:libSitCompart>Affilié en cours sans BIA</ns0:libSitCompart>
                            <ns0:codeSitCompartSilo>A</ns0:codeSitCompartSilo>
                            <ns0:idCatPrslCompart>10368</ns0:idCatPrslCompart>
                            <ns0:libCatPrslCompart>Tam au sens de la définition des niveaux, emplois et catégories au
                                sein de la CC "Commerce de Détail et de Gros à Prédominance Alimentaire", ainsi que les
                                salariés cotisant à l'AGIRC
                            </ns0:libCatPrslCompart>
                        </ns0:Compart>
                    </ns0:OptCtrEparg>
                </ns0:CtrAssur>
            </ns0:RechercherCtrPersSiloFunc>
        </ns0:RechercherCtrPersSiloResponse>
    </SOAP-ENV:Body>
</SOAP-ENV:Envelope>
