{
  "swagger": "2.0",
  "info": {
    "description": "Ensemble des apis d'usage déployées pour le projet Retraite Supplémentaire FRONT dans le cadre d'appel au service catalogue d'exposition",
    "version": "1.0-SNAPSHOT",
    "title": "API d'usage du projet Retraite Supplémentaire FRONT - Service Catalogue d'Exposition",
    "termsOfService": "Terms of service",
    "contact": {
      "name": "Yohan Barukh",
      "email": "yohan.barukh@ag2rlamondiale.fr"
    }
  },
  "host": "localhost:8086",
  "basePath": "/rsa",
  "tags": [
    {
      "name": "Exposition du calcul de l'encours pour les contrats de Retraite Supplémentaire du client",
      "description": "Contrat Calculer Encours Rest Controller"
    }
  ],
  "paths": {
    "/api/v1/contrats/calculer_encours": {
      "get": {
        "tags": [
          "Exposition du calcul de l'encours pour les contrats de Retraite Supplémentaire du client"
        ],
        "summary": "Calcul de l'encours pour l'ensemble des contrats de Retraite Supplémentaire du client",
        "operationId": "calculerEncoursTotalUsingGET",
        "produces": [
          "application/json"
        ],
        "parameters": [
          {
            "name": "connexionPartenaire",
            "in": "query",
            "description": "**[Internet-3]** Indique si le client est une connexion Partenaire, dans ce cas on trouvera le code du partenaire depuis le HEADER HTTP x-caller",
            "required": false,
            "type": "boolean"
          },
          {
            "name": "exemple",
            "in": "query",
            "description": "_[Bouchon]_ Indique que l'on appelle le service en mode fictif (bouchonné)",
            "required": false,
            "type": "boolean",
            "allowEmptyValue": false
          },
          {
            "name": "idFournisseurIdentite",
            "in": "query",
            "description": "**[Internet-1]** Identifiant du fournisseur d'identité, issue du Service Habilitation; \"1\" pour GDI",
            "required": false,
            "type": "string",
            "x-example": "1"
          },
          {
            "name": "identifiantEpargneRetraite",
            "in": "query",
            "description": "`[Partenaire-2]` Numéro de personne dans ERE, correspondant à un identifiant client",
            "required": false,
            "type": "string",
            "x-example": "P4167507"
          },
          {
            "name": "identifiantExterneClient",
            "in": "query",
            "description": "`[Partenaire-3]` Identifiant technique du client géré par le partenaire (aussi connu sous le nom de refExterne)",
            "required": false,
            "type": "string",
            "x-example": "006040962735940901"
          },
          {
            "name": "loginFournisseurIdentite",
            "in": "query",
            "description": "**[Internet-2]** Login du client selon le fournisseur d'identité",
            "required": false,
            "type": "string",
            "x-example": "1mgu13"
          },
          {
            "name": "x-caller",
            "in": "header",
            "description": "Represente le code application du partenaire",
            "required": false,
            "type": "string",
            "x-example": "A1587 pour NIE; A1520 pour ADDING"
          }
        ],
        "responses": {
          "200": {
            "description": "OK",
            "schema": {
              "$ref": "#/definitions/EncoursTotalDto"
            }
          },
          "204": {
            "description": "Non trouvé",
            "schema": {
              "$ref": "#/definitions/ApiAcquittalError"
            }
          },
          "400": {
            "description": "Mauvaise requête",
            "schema": {
              "$ref": "#/definitions/ApiAcquittalError"
            }
          },
          "500": {
            "description": "Erreur interne serveur",
            "schema": {
              "$ref": "#/definitions/ApiAcquittalError"
            }
          },
          "502": {
            "description": "Erreur reçue depuis un service distant",
            "schema": {
              "$ref": "#/definitions/ApiAcquittalError"
            }
          }
        },
        "deprecated": false
      }
    }
  },
  "definitions": {
    "ApiAcquittalError": {
      "type": "object",
      "properties": {
        "errorResponse": {
          "$ref": "#/definitions/ErrorResponse"
        }
      },
      "title": "ApiAcquittalError",
      "description": "Format d'échange de l'API : Données en sortie dans le cas d'une erreur"
    },
    "EncoursContratDto": {
      "type": "object",
      "required": [
        "encoursNonDisponible",
        "idContrat",
        "libelleProduit",
        "raisonSociale"
      ],
      "properties": {
        "idContrat": {
          "type": "string",
          "example": "RG151236289",
          "description": "Nom du contrat"
        },
        "raisonSociale": {
          "type": "string",
          "example": "COMPAGNIE IBM FRANCE",
          "description": "Raison sociale adhérente du contrat"
        },
        "libelleProduit": {
          "type": "string",
          "example": "Plan d'Épargne Retraite Entreprises",
          "description": "Libellé du produit du contrat"
        },
        "encoursNonDisponible": {
          "type": "boolean",
          "description": "Indique si l'encours est non disponible"
        },
        "dateEncours": {
          "type": "string",
          "format": "date",
          "example": "2022-03-23",
          "description": "Date pour laquelle on retourne la valeur de l'encours du contrat"
        },
        "encours": {
          "type": "number",
          "example": 26979.85,
          "description": "Valeur de l'encours total en EURO"
        }
      },
      "title": "EncoursContratDto"
    },
    "EncoursTotalDto": {
      "type": "object",
      "required": [
        "codeFiliale",
        "dateEncours",
        "detailEncours",
        "encoursNonDisponible",
        "encoursTotal",
        "libelleFiliale"
      ],
      "properties": {
        "codeFiliale": {
          "type": "string",
          "description": "Code de la filiale du client; ACA s'il possède au moins un contrat ACA, sinon ALM",
          "enum": [
            "ACA",
            "ALM"
          ]
        },
        "libelleFiliale": {
          "type": "string",
          "example": "Arial CNP Assurances",
          "description": "Libellé de la filiale du client"
        },
        "encoursNonDisponible": {
          "type": "boolean",
          "description": "Indique si l'encours est non disponible"
        },
        "dateEncours": {
          "type": "string",
          "format": "date",
          "example": "2022-03-23",
          "description": "Date pour laquelle on retourne la valeur de l'encours total"
        },
        "encoursTotal": {
          "type": "number",
          "example": 26979.85,
          "description": "Valeur de l'encours total en EURO"
        },
        "detailEncours": {
          "type": "array",
          "description": "Détail de l'encours pour chaque contrat du client",
          "items": {
            "$ref": "#/definitions/EncoursContratDto"
          }
        }
      },
      "title": "EncoursTotalDto"
    },
    "ErrorResponse": {
      "type": "object",
      "properties": {
        "code": {
          "type": "integer",
          "format": "int32"
        },
        "message": {
          "type": "string"
        },
        "info": {
          "type": "string"
        }
      },
      "title": "ErrorResponse"
    }
  }
}
