<?xml version="1.0" encoding="UTF-8"?>
<Configuration>
	<Properties>
		<Property name="level">${env:LOG4J_LEVEL:-info}</Property>
		<Property name="appenderToUse">${env:LOG4J_APPENDER:-plain}</Property>
	</Properties>
	<Appenders>
		<Console name="logstash" target="SYSTEM_OUT">
			<!-- 2097152 = 2 Mo, 102400 = 100 ko -->
			<LogstashLayout
				dateTimeFormatPattern="yyyy-MM-dd'T'HH:mm:ss.SSSZZZ"
				eventTemplateUri="classpath:LogstashJsonEventLayoutV1.json"
				maxByteCount="102400" stackTraceEnabled="true">
				<EventTemplateAdditionalFields>
					<KeyValuePair key="prefixELK"
						value="##_${env:LOG4J_PREFIX_ELK:-jsonlog4j}_##" />
				</EventTemplateAdditionalFields>
			</LogstashLayout>
		</Console>
		<Console name="plain" target="SYSTEM_OUT">
			<PatternLayout
				pattern="%d  %-5p [%X{codeenv}] [%c{1}] : %m%n" />
		</Console>
	</Appenders>
	<Loggers>
		<Root level="${level}">
			<AppenderRef ref="${appenderToUse}" />
		</Root>
	</Loggers>
</Configuration>