0;FR;FRANCE;FRA
000;FR;FRANCE;FRA
101;FR;DANEMARK;DNK
102;FR;ISLANDE;ISL
103;FR;NORVEGE;NOR
104;FR;SUEDE;SWE
105;FR;FINLANDE;FIN
106;FR;ESTONIE;EST
107;FR;LETTONIE;LVA
108;FR;LITUANIE;LTU
109;FR;ALLEMAGNE;DEU
110;FR;AUTRICHE;AUT
111;FR;BULGARIE;BGR
112;FR;HONGRIE;HUN
113;FR;LIECHTENSTEIN;LIE
114;FR;ROUMANIE;ROU
116;FR;TCHEQUE, REPUBLIQUE;CZE
117;FR;SLOVAQUIE;SVK
118;FR;BOSNIE-HERZEGOVINE;BIH
119;FR;CROATIE;HRV
121;FR;SERBIE;SRB
122;FR;POLOGNE;POL
123;FR;RUSSIE, FEDRATION DE;RUS
125;FR;ALBANIE;ALB
126;FR;GRECE;GRC
127;FR;ITALIE;ITA
128;FR;SAINT-MARIN;SMR
129;FR;SAINT-SIEGE (TAT DE LA CIT DU VATICAN);VAT
130;FR;ANDORRE;AND
131;FR;BELGIQUE;BEL
132;FR;ROYAUME-UNI;GBR
133;FR;GIBRALTAR;GIB
134;FR;ESPAGNE;ESP
135;FR;PAYS-BAS;NLD
136;FR;IRLANDE;IRL
137;FR;LUXEMBOURG;LUX
138;FR;MONACO;MCO
139;FR;PORTUGAL;PRT
140;FR;SUISSE;CHE
144;FR;MALTE;MLT
145;FR;SLOVENIE;SVN
148;FR;BLARUS;BLR
151;FR;MOLDOVA;MDA
155;FR;UKRAINE;UKR
156;FR;MACDOINE, L'EX-REPUBLIQUE YOUGOSLAVE DE;MKD
201;FR;ARABIE SAOUDITE;SAU
203;FR;IRAQ;IRQ
204;FR;IRAN, REPUBLIQUE ISLAMIQUE D';IRN
205;FR;LIBAN;LBN
206;FR;SYRIENNE, REPUBLIQUE ARABE;SYR
207;FR;ISRAEL;ISR
208;FR;TURQUIE;TUR
212;FR;AFGHANISTAN;AFG
213;FR;PAKISTAN;PAK
214;FR;BHOUTAN;BTN
215;FR;NEPAL;NPL
216;FR;CHINE;CHN
217;FR;JAPON;JPN
219;FR;THAILANDE;THA
220;FR;PHILIPPINES;PHL
222;FR;JORDANIE;JOR
223;FR;INDE;IND
224;FR;MYANMAR (EX-BIRMANIE);MMR
225;FR;BRUNI DARUSSALAM;BRN
226;FR;SINGAPOUR;SGP
227;FR;MALAISIE;MYS
229;FR;MALDIVES;MDV
231;FR;INDONSIE;IDN
234;FR;CAMBODGE;KHM
235;FR;SRI LANKA;LKA
236;FR;TAIWAN, PROVINCE DE CHINE;TWN
238;FR;COREE, REPUBLIQUE POPULAIRE DEMOCRATIQUE DE;PRK
239;FR;COREE, REPUBLIQUE DE;KOR
240;FR;KOWEIT;KWT
241;FR;LAO, REPUBLIQUE DEMOCRATIQUE POPULAIRE;LAO
242;FR;MONGOLIE;MNG
243;FR;VIET NAM;VNM
246;FR;BANGLADESH;BGD
247;FR;MIRATS ARABES UNIS;ARE
248;FR;QATAR;QAT
249;FR;BAHREIN;BHR
250;FR;OMAN;OMN
251;FR;YMEN;YEM
252;FR;ARMNIE;ARM
253;FR;AZERBAIDJAN;AZE
254;FR;CHYPRE;CYP
255;FR;GORGIE;GEO
256;FR;KAZAKHSTAN;KAZ
257;FR;KIRGHIZISTAN;KGZ
258;FR;OUZBKISTAN;UZB
259;FR;TADJIKISTAN;TJK
260;FR;TURKMNISTAN;TKM
261;FR;ETAT DE PALESTINE;PSE
262;FR;PALAOS;PLW
301;FR;GYPTE;EGY
302;FR;LIBRIA;LBR
303;FR;AFRIQUE DU SUD;ZAF
304;FR;GAMBIE;GMB
306;FR;SAINTE-HLENE, ASCENSION ET TRISTAN DA CUNHA;SHN
308;FR;OCAN INDIEN, TERRITOIRE BRITANNIQUE DE L';IOT
309;FR;TANZANIE, REPUBLIQUE UNIE DE;TZA
310;FR;ZIMBABWE;ZWE
311;FR;NAMIBIE;NAM
312;FR;CONGO, LA REPUBLIQUE DMOCRATIQUE DU (EX-ZAIRE);COD
313;FR;PRESIDES;ES_PR
314;FR;GUINE QUATORIALE;GNQ
315;FR;THIOPIE;ETH
316;FR;LIBYE;LBY
317;FR;RYTHRE;ERI
318;FR;SOMALIE;SOM
319;FR;ILES DES ACORES ET MADERE;PT_AM
321;FR;BURUNDI;BDI
322;FR;CAMEROUN;CMR
323;FR;CENTRAFRICAINE, REPUBLIQUE;CAF
324;FR;CONGO;COG
326;FR;CâTE D?IVOIRE;CIV
327;FR;BNIN;BEN
328;FR;GABON;GAB
329;FR;GHANA;GHA
330;FR;GUINE;GIN
331;FR;BURKINA FASO;BFA
332;FR;KENYA;KEN
333;FR;MADAGASCAR;MDG
334;FR;MALAWI;MWI
335;FR;MALI;MLI
336;FR;MAURITANIE;MRT
337;FR;NIGER;NER
338;FR;NIGRIA;NGA
339;FR;OUGANDA;UGA
340;FR;RWANDA;RWA
341;FR;SNGAL;SEN
342;FR;SIERRA LEONE;SLE
343;FR;SOUDAN;SDN
344;FR;TCHAD;TCD
345;FR;TOGO;TGO
346;FR;ZAMBIE;ZMB
347;FR;BOTSWANA;BWA
348;FR;LESOTHO;LSO
350;FR;MAROC;MAR
351;FR;TUNISIE;TUN
352;FR;ALGRIE;DZA
389;FR;SAHARA OCCIDENTAL;ESH
390;FR;MAURICE;MUS
391;FR;SWAZILAND;SWZ
392;FR;GUINE-BISSAU;GNB
393;FR;MOZAMBIQUE;MOZ
394;FR;SAO TOM-ET-PRINCIPE;STP
395;FR;ANGOLA;AGO
396;FR;CAP-VERT;CPV
397;FR;COMORES;COM
398;FR;SEYCHELLES;SYC
399;FR;DJIBOUTI;DJI
401;FR;CANADA;CAN
404;FR;ETATS-UNIS;USA
405;FR;MEXIQUE;MEX
406;FR;COSTA RICA;CRI
407;FR;CUBA;CUB
408;FR;SAINT DOMINGUE;HT_SD
409;FR;GUATEMALA;GTM
410;FR;HAITI;HTI
411;FR;HONDURAS;HND
412;FR;NICARAGUA;NIC
413;FR;PANAMA;PAN
414;FR;EL SALVADOR;SLV
415;FR;ARGENTINE;ARG
416;FR;BRSIL;BRA
417;FR;CHILI;CHL
418;FR;BOLIVIE, TAT PLURINATIONAL DE;BOL
419;FR;COLOMBIE;COL
420;FR;QUATEUR;ECU
421;FR;PARAGUAY;PRY
422;FR;PROU;PER
423;FR;URUGUAY;URY
424;FR;VENEZUELA, REPUBLIQUE BOLIVARIENNE DU;VEN
425;FR;ILES VIERGES BRITANNIQUES;VGB
426;FR;JAMAIQUE;JAM
427;FR;FALKLAND, ×LES (MALVINAS);FLK
428;FR;GUYANA;GUY
429;FR;BELIZE;BLZ
430;FR;GROENLAND;GRL
431;FR;ARUBA;ABW
432;FR;PORTO RICO;PRI
433;FR;TRINIT-ET-TOBAGO;TTO
434;FR;BARBADE;BRB
435;FR;GRENADE;GRD
436;FR;BAHAMAS;BHS
437;FR;SURINAME;SUR
438;FR;DOMINICAINE, REPUBLIQUE;DOM
439;FR;SAINTE-LUCIE;LCA
440;FR;SAINT-VINCENT-ET-LES GRENADINES;VCT
441;FR;ANTIGUA-ET-BARBUDA;ATG
442;FR;SAINT-KITTS-ET-NEVIS;KNA
501;FR;AUSTRALIE;AUS
502;FR;NOUVELLE-ZELANDE;NZL
503;FR;PITCAIRN;PCN
505;FR;SAMOA AMRICAINES;ASM
506;FR;SAMOA;WSM
507;FR;NAURU;NRU
508;FR;FIDJI;FJI
509;FR;TONGA;TON
510;FR;PAPOUASIE-NOUVELLE-GUINE;PNG
511;FR;TUVALU;TUV
512;FR;SALOMON, ×LES;SLB
513;FR;KIRIBATI;KIR
514;FR;VANUATU;VUT
515;FR;MARSHALL, ×LES;MHL
516;FR;MICRONSIE, TATS FDRS DE;FSM
517;FR;PALAOS;PLW
970;FR;GUADELOUPE;GLP
972;FR;MARTINIQUE;MTQ
973;FR;GUYANA;GUY
974;FR;RUNION;REU
975;FR;SAINT-PIERRE-ET-MIQUELON;SPM
976;FR;MAYOTTE;MYT
984;FR;TERRES AUSTRALES FRAN€AISES;ATF
986;FR;WALLIS-ET-FUTUNA;WLF
987;FR;POLYNSIE FRANCAISE;PYF
988;FR;NOUVELLE-CALDONIE;NCL
