﻿Typcon;libcnt
EV01V01;Rente viagère
EV02V02;Rente Temporaire
PC31   ;Rente à vie une tête
PC33   ;Rente à vie deux têtes
PC34   ;Rente à vie une tête avec annuités garanties
PC36   ;Rente à vie deux têtes avec annuités garanties
PC41   ;Rente à vie une tête
PC43   ;Rente à vie deux têtes
PC44   ;Rente à vie une tête avec annuités garanties
PC46   ;Rente à vie deux têtes avec annuités garanties
PC51   ;Rente à vie une tête
PC53   ;Rente à vie deux têtes
PC54   ;Rente à vie une tête avec annuités garanties
PC56   ;Rente à vie deux têtes avec annuités garanties
PC61   ;Rente à vie une tête
PC63   ;Rente à vie deux têtes
PC64   ;Rente à vie une tête avec annuités garanties
PC66   ;Rente à vie deux têtes avec annuités garanties
PF01   ;Rente à vie une tête
PF03   ;Rente à vie deux têtes
PF04   ;Rente à vie une tête avec annuités garanties
PF06   ;Rente à vie deux têtes avec annuités garanties
PF11   ;Rente à vie une tête
PF13   ;Rente à vie deux têtes
PF14   ;Rente à vie une tête avec annuités garanties
PF16   ;Rente à vie deux têtes avec annuités garanties
PF21   ;Rente à vie une tête
PF23   ;Rente à vie deux têtes
PF24   ;Rente à vie une tête avec annuités garanties
PF26   ;Rente à vie deux têtes avec annuités garanties
PF41   ;Rente à vie une tête
PF43   ;Rente à vie deux têtes
PF44   ;Rente à vie une tête avec annuités garanties
PF46   ;Rente à vie deux têtes avec annuités garanties
PF51   ;Rente à vie une tête
PF53   ;Rente à vie deux têtes
PF54   ;Rente à vie une tête avec annuités garanties
PF56   ;Rente à vie deux têtes avec annuités garanties
PF61   ;Rente à vie une tête
PF63   ;Rente à vie deux têtes
PF64   ;Rente à vie une tête avec annuités garanties
PF66   ;Rente à vie deux têtes avec annuités garanties
PF71   ;Rente à vie une tête
PF73   ;Rente à vie deux têtes
PF74   ;Rente à vie une tête avec annuités garanties
PF76   ;Rente à vie deux têtes avec annuités garanties
PI02   ;Rente invalidité totale
PI03   ;Rente invalidité totale
PI04   ;Rente invalidité totale
PI05   ;Rente invalidité totale
PI06   ;Rente invalidité totale
PI07   ;Rente invalidité totale
PI08   ;Rente invalidité totale
PI09   ;Rente invalidité
PI10   ;Rente invalidité totale
PI11   ;Rente invalidité totale
PI12   ;Rente invalidité totale
PI13   ;Rente invalidité totale
PJ01   ;Rente invalidité
PR01   ;Rente à vie une tête
PR02   ;Rente à vie deux têtes
PR03   ;Rente à vie deux têtes
PR04   ;Rente à vie une tête avec annuités garanties
PR05   ;Rente à vie deux têtes avec annuités garanties
PR06   ;Rente à vie deux têtes avec annuités garanties
PV01   ;VE Tradi
PV01V01;Vie entière - Terme décès
RA01V01;Régime de Retraite et de Prévoyance
RA02V01;Régime de Retraite et de Prévoyance
RA03V01;Super Retraite
RA04V01;Super Retraite
RA05V01;Mondiale Retraite Plus
RA05V02;Mondiale Retraite Plus
RA05V03;Mondiale Retraite Plus
RA05V04;Mondiale Retraite Plus
RA06V01;Mondiale Retraite Plus
RA06V02;Mondiale Privilège
RA06V03;Mondiale Privilège
RA06V04;Mondiale Privilège
RA06V05;Mondiale Privilège
RA06V06;Mondiale Conseil Retraite
RA06V07;Mondiale Conseil Retraite
RA06V08;Mondiale Conseil Retraite
RA06V09;Mondiale Conseil Retraite
RA06V10;Mondiale Privilège
RA06V11;Mondiale Privilège
RA06V12;Mondiale Privilège
RA06V13;Mondiale Privilège
RA06V14;Mondiale Privilège
RA06V15;Mondiale Privilège
RA06V16;Mondiale Retraite Plus
RA06V17;Mondiale Privilège Agricole
RA06V18;Atlantique Retraite Agricole
RA06V19;Mondiale Privilège
RA06V20;Mondiale Privilège
RA06V21;Mondiale Privilège
RA06V22;Mondiale Retraite Plus
RA07V01;Mondiale Retraite Plus
RA08V01;Mondiale Retraite Plus
RA09A01;Plan d'Epargne Retraite -Ambition Retraite Pro
RA09A02;Plan d'Epargne Retraite -Ambition Retraite Pro
RA09A03;Plan d'Epargne Retraite -Ambition Retraite Pro
RA09A04;Plan d'Epargne Retraite -Ambition Retraite Pro
RA09A05;Plan d'Epargne Retraite- Ambition Retraite Individuelle
RA09A06;Plan d'Epargne Retraite- Ambition Retraite Individuelle
RA09V01;Mondiale Privilège Actions
RA09V02;Mondiale Privilège Agricole Actions
RA09V03;Mondiale Conseil Retraite Actions
RA09V04;Mondiale Conseil Retraite Actions
RA09V05;Mondiale Vision Retraite
RA09V06;Anomalie. Nous consulter
RA09V07;Mondiale Perspectives Entreprise
RA09V08;Mondiale Perspectives Entreprise
RA09V09;Mondiale Perspectives Entreprise
RA09V10;Mondiale Solutions Retraite
RA09V11;Mondiale Solutions Retraite
RA09V12;Mondiale Solutions Retraite
RA09V21;Mondiale Privilège Actions
RA09V22;Mondiale Privilège Agricole Actions
RA09V23;Mondiale Conseil Retraite Actions
RA09V24;Mondiale Conseil Retraite Actions
RA09V25;Mondiale Vision Retraite
RA09V27;Mondiale Perspectives Entreprise
RA09V28;Mondiale Perspectives Entreprise
RA09V29;Mondiale Perspectives Entreprise
RA09V31;Mondiale Retraite Professionnels
RA09V32;Mondiale Retraite Agricole
RA09V35;Mondiale Retraite Pacific
RA09V51;PER Entreprise (Salaire) - table de mortalité garantie à l'adhésion du participant
RA09V52;PER Entreprise (Salaire) - table de mortalité garantie à la liquidation
RA09V53;PER Entreprise (Agirc) - table de mortalité garantie à l'adhésion du participant
RA09V54;PER Entreprise (Agirc) - table de mortalité garantie à la liquidation
RA09V55;PER Entreprise (Salaire Tranché) - table de mortalité garantie à l'adhésion du participant
RA09V56;PER Entreprise (Salaire Tranché) - table de mortalité garantie à la liquidation
RA09V41;Retraite Professionnels
RA09V42;Retraite Agricole
RA10V01;Mondiale Retraite Active
RA10V02;Mondiale Retraite Active
RA10V03;Mondiale Perspectives Entreprise
RA10V04;Mondiale Perspectives Entreprise
RA10V05;Mondiale Perspectives Entreprise
RA10V06;Mondiale Perspectives Entreprise
RA10V07;Mondiale Perspectives Entreprise
RA10V08;Mondiale Perspectives Entreprise
RA10V09;Mondiale Perspectives Entreprise
RA10V10;Mondiale Perspectives Entreprise
RA10V11;Mondiale Perspectives Entreprise
RA10V12;Mondiale Perspectives Entreprise
RA10V13;Mondiale Perspectives Entreprise
RA10V14;Mondiale Perspectives Entreprise
RA10V21;Mondiale Retraite Active
RA10V22;Mondiale Retraite Active
RA10V23;Mondiale Perspectives Entreprise
RA10V24;Mondiale Perspectives Entreprise
RA10V27;Mondiale Perspectives Entreprise
RA10V28;Mondiale Perspectives Entreprise
RA10V31;Mondiale Perspectives Entreprise
RA10V32;Mondiale Perspectives Entreprise
RA10V41;Mondiale Retraite
RA10V51;Retraite individuelle
RF01V01;Régime de Retraite et de Prévoyance
RF02V01;Régime de Retraite et de Prévoyance
RF03V01;Régime de Retraite et de Prévoyance
RF05V01;Super Retraite
RF06V01;Super Retraite
RF07V01;Super Retraite
RF08V01;Mondiale Retraite Plus
RF08V02;Mondiale Retraite Plus
RF08V03;Mondiale Retraite Plus
RF08V04;Mondiale Retraite Plus
RF08V05;Mondiale Retraite Plus
RF08V26;PER Entreprise (Salaire) - table de mortalité garantie à l'adhésion du participant
RF08V27;PER Entreprise (Salaire) - table de mortalité garantie à la liquidation
RF09V01;Mondiale Retraite Plus
RF09V02;Mondiale Retraite Plus
RF09V03;Mondiale Retraite Plus
RF09V04;Mondiale Retraite Plus
RF09V05;Mondiale Retraite Plus
RF09V27;PER Entreprise (Agirc) - table de mortalité garantie à la liquidation
RF09V26;PER Entreprise (Agirc) - table de mortalité garantie à l'adhésion du participant
RF10V01;Mondiale Retraite Plus
RF10V02;Mondiale Retraite Plus
RF10V03;Mondiale Retraite Plus
RF10V04;Mondiale Retraite Plus
RF10V05;Mondiale Retraite Plus
RF10V26;PER Entreprise (Salaire Tranché) - table de mortalité garantie à l'adhésion du participant
RF10V27;PER Entreprise (Salaire Tranché) - table de mortalité garantie à la liquidation
RF11V01;Super Retraite 90
RF12V01;Super Retraite 90
RF13V01;Super Retraite 90
RF14V01;Mondiale Retraite Plus
RF15V01;Mondiale Retraite Plus
RF16V01;Mondiale Retraite Plus
RI01V01;Régime de Retraite et de Prévoyance
RI02V01;Régime de Retraite et de Prévoyance
RM01V01;Mondiale Modulavenir
RM01V02;Mondiale Modulavenir
RM02V01;Mondiale Horizon 2000
RM02V02;Mondiale Horizon 2000
RS01V01;Régime de Retraite et de Prévoyance
RS02V01;Régime de Retraite et de Prévoyance
RS03V01;Régime de Retraite et de Prévoyance
RS04V01;Régime de Retraite et de Prévoyance
RS05V01;Super Retraite
RS06V01;Super Retraite
RS07V01;Mondiale Retraite Plus
RS07V02;Mondiale Retraite Plus
RS07V03;Mondiale Retraite Plus
RS07V04;Mondiale Retraite Plus
RS07V05;Mondiale Perspectives Entreprise
RS07V15;Mondiale Perspectives Entreprise
RS08V01;Mondiale Retraite Plus
RS08V02;Mondiale Retraite Plus
RS08V03;Mondiale Retraite Plus
RS08V04;Mondiale Retraite Plus
RS08V05;Mondiale Perspectives Entreprise
RS08V15;Mondiale Perspectives Entreprise
RS09V01;Mondiale Retraite Plus
RS09V02;Mondiale Retraite Plus
RS09V03;Mondiale Retraite Plus
RS09V04;Mondiale Retraite Plus
RS09V05;Mondiale Perspectives Entreprise
RS10V01;Mondiale Retraite Plus
RS10V02;Mondiale Retraite Plus
RS10V03;Mondiale Retraite Plus
RS10V04;Mondiale Retraite Plus
RS10V05;Mondiale Perspectives Entreprise
RS11V01;Anomalie. Nous consulter
RS12V01;Anomalie. Nous consulter
RS15V01;Mondiale Perspectives Entreprise
RS15V11;Mondiale Perspectives Entreprise
RS16V01;Mondiale Perspectives Entreprise
RY01V01;Régime de Retraite et de Prévoyance
RY02V01;Régime de Retraite et de Prévoyance
TE01V01;Mondiale Avenir
TE01V02;Mondiale Avenir
TE02V01;Mondiale Avenir
TE02V02;Mondiale Avenir
TE03V01;Assurance Décès
TE04V01;Assurance Décès
TE05V01;Mondiale Patrimoine
TE05V02;Mondiale Patrimoine
TE06V01;Mondiale Patrimoine
TE06V02;Mondiale Patrimoine
TE07V01;Mondiale Patrimoine 2000
TE07V02;Mondiale Patrimoine 2000
TE07V03;Mondiale Patrimoine 2000
TE07V13;Mondiale Patrimoine 2000
TE08V01;Mondiale Patrimoine 2000
TE08V02;Mondiale Patrimoine 2000
TE08V03;Mondiale Patrimoine 2000
TE09V01;Mondiale Patrimoine 2000
TE09V02;Mondiale Patrimoine 2000
TE09V03;Mondiale Patrimoine 2000
TE10V01;Mondiale Patrimoine 2000
TE10V02;Mondiale Patrimoine 2000
TE10V03;Mondiale Patrimoine 2000
TE11V01;Mondiale Patrimoine 2000
TE11V02;Mondiale Patrimoine 2000
TE12V01;Mondiale Avenir 2000
TE12V02;Mondiale Avenir 2000
TE13V01;Mondiale Avenir 2000
TE13V02;Mondiale Avenir 2000
TE14V01;Mondiale Relais 2000
TE14V02;Mondiale Relais 2000
TE14V12;Mondiale Relais 2000
TF01V01;Prévoyance Individuelle
TF01V02;Mondiale Dotation
TF01V03;Mondiale Horizon
TF02V01;Retraite et Prévoyance
TF03V01;Mondiale Protection
TF04V01;Mondiale Dotation 2000
TF04V02;Mondiale Retraite APRVA
TF04V03;Mondiale Dotation 2000
TM01V01;Prévoyance Individuelle
TM02V01;Prévoyance Individuelle
TM03V01;Prévoyance Individuelle
TM04V01;Prévoyance Individuelle
TM05V01;Prévoyance Individuelle
TM06V01;Prévoyance Individuelle
TM07V01;Prévoyance Individuelle
TM08V01;Prévoyance Individuelle
TM09V01;Mondiale Certitude
TR01   ;Rente à vie une tête
TR01V01;Rente à vie une tête
TR02   ;Rente à vie une tête avec annuités garanties
TR02V01;Rente à vie une tête avec annuités garanties
TR03   ;Rente à vie deux têtes
TR03V01;Rente à vie deux têtes
TV01V01;Mondiale Epargne  II
TV01V02;Mondiale Epargne  II
TV02V01;Rente Viagère
TV03V01;Mondiale Relais
TV03V02;Mondiale Relais
TV04V01;Mondiale Epargne  II
TV04V02;Mondiale Epargne  II
TV05V01;Rente Viagère
TV06V01;Mondiale Relais
TV06V02;Mondiale Relais
