1;Profil A;Grille dynamique
2;Profil B;Grille dynamique
3;Groupe Cartier;Grille dynamique
5;Danone en dollars;Grille equilibre
8;Comgest;Grille dynamique
17;Equation 83;Grille prudent
18;Autodesk;Grille prudent
2043;Allocation standard LME;Grille dynamique
2052;Fonds de Fonds;Grille dynamique
2413;Fonds de fonds Euro Garanti;Grille equilibre
2535;INTEGRALE 83;Grille dynamique
2685;GRILLE VAUBAN;Grille dynamique
2758;Profil B Euro Garanti;Grille dynamique
2894;PROFIL DYNAMIQUE;Grille dynamique
2902;PROFIL Equilibré;Grille prudent
2910;PROFIL Modéré;Grille prudent
2959;SNF et SPCM 2009;Grille dynamique
3003;GRILLE DANONE;Grille dynamique
3170;Allocation SPI;Grille equilibre
3221;GRILLE EPARINTER;Grille prudent
3274;GRILLE LESAFFRE;Grille equilibre
3338;Allocation standard LME;Grille dynamique
3369;GRILLE EQUILIBRE;Grille equilibre
3375;GESTION DYNAMIQUE;Grille dynamique
3405;SINFONI;Grille prudent
3434;SINFONI II;Grille prudent
3510;GESTION EQUILIBRE;Grille equilibre
3516;GESTION DYNAMIQUE;Grille dynamique
3539;Dynamique;Grille dynamique
3545;Equilibre;Grille equilibre
3636;Grille Equilibre Profil A;Grille equilibre
3650;Grille Prudente Profil A;Grille prudent
3669;Grille Prudente  Profil B;Grille prudent
3688;Grille Equilibre Profil B;Grille equilibre
3711;Profil C;Grille dynamique
3779;Gestion Pilotée Equilibrée;Grille prudent
3798;Gestion Pilotée Dynamique;Grille dynamique
3868;GESTION EQUILIBRE;Grille equilibre
3880;GESTION DYNAMIQUE;Grille dynamique
3983;SINFONI III;Grille prudent
4017;Prudente Profil B - Nouvelle Offre ;Grille prudent
4038;Equilibre Profil B - Nouvelle Offre ;Grille equilibre
4069;Dynamique Profil B - Nouvelle Offre ;Grille dynamique
4091;Offensive Profil B - Nouvelle Offre ;Grille Article 83
4113;Prudente Profil A - Nouvelle Offre ;Grille prudent
4139;Equilibre Profil A - Nouvelle Offre ;Grille equilibre
4163;Dynamique Profil A - Nouvelle Offre ;Grille dynamique
4185;Offensive Profil A - Nouvelle Offre ;Grille Article 83
4259;Profil B ;Grille dynamique
4278;Profil A ;Grille dynamique
4304;Dynamique Profil B - Nouvelle Offre ;Grille dynamique
4350;Gestion Equilibrée Retr. Supp. ;Grille equilibre
4369;Grille Dynamique Retr. Supp. ;Grille dynamique
4412;Prudente Profil B - Nouvelle Offre ;Grille prudent
4465;Equilibre Profil B - Nouvelle Offre ;Grille equilibre
4490;Offensive Profil B - Nouvelle Offre ;Grille Article 83
4563;Equilibre Profil A - Nouvelle Offre ;Grille equilibre
4541;Dynamique Profil A - Nouvelle Offre ;Grille dynamique
4607;Offensive Profil A - Nouvelle Offre ;Grille Article 83
4521;Prudente Profil A - Nouvelle Offre ;Grille prudent
5228;Grille Air Liquide;Grille Article 83
5331;Equilibre Profil A - Nouvelle Offre;Grille equilibre
5355;Prudente Profil A - Nouvelle Offre;Grille prudent
5375;Dynamique Profil A - Nouvelle Offre;Grille dynamique
5410;Prudente SAFRAN;Grille prudent
5430;Equilibre SAFRAN;Grille equilibre
5454;Dynamique SAFRAN;Grille dynamique
5787;PROFIL A OFFRE ISR;Grille prudent
5814;PROFIL B OFFRE ISR;Grille prudent
6898;PROFIL B € GARANTI OFFRE ISR;Grille prudent
5861;PROFIL A OFFRE ISR;Grille prudent
5888;PROFIL B OFFRE ISR;Grille prudent
5921;PROFIL B € GARANTI OFFRE ISR;Grille prudent
5949;PROFIL A OFFRE ISR;Grille prudent
5976;PROFIL B OFFRE ISR;Grille prudent
6003;PROFIL A OFFRE ISR;Grille Article 83
6030;PROFIL B OFFRE ISR;Grille Article 83
6057;PROFIL A OFFRE ISR;Grille Article 83
6110;PROFIL B OFFRE ISR	;Grille Article 83
6137;PROFIL B € GARANTI OFFRE ISR;Grille Article 83
6189;PROFIL A OFFRE ISR;Grille Article 83
6216;PROFIL B OFFRE ISR;Grille Article 83
6264;PROFIL A OFFRE ISR;Grille equilibre
6291;PROFIL B OFFRE ISR;Grille equilibre
6318;PROFIL A OFFRE ISR;Grille equilibre
6345;PROFIL B OFFRE ISR;Grille equilibre
6372;PROFIL B € GARANTI OFFRE ISR;Grille equilibre
6399;PROFIL A OFFRE ISR;Grille equilibre
6427;PROFIL B OFFRE ISR;Grille equilibre
6469;PROFIL A OFFRE ISR;Grille dynamique
6496;PROFIL B OFFRE ISR;Grille dynamique
6523;PROFIL A OFFRE ISR;Grille dynamique
6550;PROFIL B OFFRE ISR;Grille dynamique
6577;PROFIL B € GARANTI OFFRE ISR;Grille dynamique
6604;PROFIL A OFFRE ISR;Grille dynamique
6664;PROFIL B OFFRE ISR;Grille dynamique
6691;PROFIL A OFFRE ISR;Grille dynamique
6718;PROFIL B OFFRE ISR;Grille dynamique
6745;PROFIL A OFFRE ISR;Grille dynamique
6772;PROFIL B OFFRE ISR;Grille dynamique
6817;PROFIL B € GARANTI OFFRE ISR;Grille dynamique
6844;PROFIL A OFFRE ISR;Grille dynamique
6871;PROFIL B OFFRE ISR;Grille dynamique
6925;PROFIL B € GARANTI OFFRE ISR;Grille prudent
6952;PROFIL B € GARANTI OFFRE ISR;Grille Article 83
6979;PROFIL B € GARANTI OFFRE ISR;Grille Article 83
7006;PROFIL B € GARANTI OFFRE ISR;Grille equilibre
7033;PROFIL B € GARANTI OFFRE ISR;Grille equilibre
7084;PROFIL B € GARANTI OFFRE ISR;Grille dynamique
7111;PROFIL B € GARANTI OFFRE ISR;Grille dynamique
7138;PROFIL B € GARANTI OFFRE ISR;Grille dynamique
7165;PROFIL B € GARANTI OFFRE ISR;Grille dynamique
7195;PROFIL A OFFRE GRANDS COMPTES;Grille prudent
7222;PROFIL A OFFRE GRANDS COMPTES;Grille prudent
7249;PROFIL A OFFRE GRANDS COMPTES;Grille prudent
7276;PROFIL A OFFRE GRANDS COMPTES;Grille Article 83
7303;PROFIL A OFFRE GRANDS COMPTES;Grille Article 83
7330;PROFIL A OFFRE GRANDS COMPTES;Grille Article 83
7364;PROFIL A OFFRE GRANDS COMPTES;Grille equilibre
7391;PROFIL A OFFRE GRANDS COMPTES;Grille equilibre
7418;PROFIL A OFFRE GRANDS COMPTES;Grille equilibre
7445;PROFIL A OFFRE GRANDS COMPTES;Grille dynamique
7472;PROFIL A OFFRE GRANDS COMPTES;Grille dynamique
7499;PROFIL A OFFRE GRANDS COMPTES;Grille dynamique
7526;PROFIL A OFFRE GRANDS COMPTES;Grille dynamique
7553;PROFIL A OFFRE GRANDS COMPTES;Grille dynamique
7580;PROFIL A OFFRE GRANDS COMPTES;Grille dynamique
7620;PROFIL A OFFRE PRINCIPALE;Grille prudent
7647;PROFIL B OFFRE PRINCIPALE;Grille prudent
7674;PROFIL B € GARANTI OFFRE PRINCIPALE;Grille prudent
7701;PROFIL A OFFRE PRINCIPALE;Grille prudent
7728;PROFIL B OFFRE PRINCIPALE;Grille prudent
7755;PROFIL B € GARANTI OFFRE PRINCIPALE;Grille prudent
7782;PROFIL A OFFRE PRINCIPALE;Grille prudent
7809;PROFIL B OFFRE PRINCIPALE;Grille prudent
7872;PROFIL B € GARANTI OFFRE PRINCIPALE;Grille prudent
7899;PROFIL A OFFRE PRINCIPALE;Grille Article 83
7926;PROFIL B OFFRE PRINCIPALE;Grille Article 83
7953;PROFIL B € GARANTI OFFRE PRINCIPALE;Grille Article 83
7980;PROFIL A OFFRE PRINCIPALE;Grille Article 83
8007;PROFIL B OFFRE PRINCIPALE;Grille Article 83
8034;PROFIL B € GARANTI OFFRE PRINCIPALE;Grille Article 83
8061;PROFIL A OFFRE PRINCIPALE;Grille Article 83
8088;PROFIL B OFFRE PRINCIPALE;Grille Article 83
8136;PROFIL B € GARANTI OFFRE PRINCIPALE;Grille Article 83
8163;PROFIL A OFFRE PRINCIPALE;Grille equilibre
8190;PROFIL B OFFRE PRINCIPALE;Grille equilibre
8217;PROFIL B € GARANTI OFFRE PRINCIPALE;Grille equilibre
8244;PROFIL A OFFRE PRINCIPALE;Grille equilibre
8271;PROFIL B OFFRE PRINCIPALE;Grille equilibre
8298;PROFIL B € GARANTI OFFRE PRINCIPALE;Grille equilibre
8325;PROFIL A OFFRE PRINCIPALE;Grille equilibre
8378;PROFIL B OFFRE PRINCIPALE;Grille equilibre
8405;PROFIL B € GARANTI OFFRE PRINCIPALE;Grille equilibre
8432;PROFIL A OFFRE PRINCIPALE;Grille dynamique
8459;PROFIL B OFFRE PRINCIPALE;Grille dynamique
8486;PROFIL B € GARANTI OFFRE PRINCIPALE;Grille dynamique
8513;PROFIL A OFFRE PRINCIPALE;Grille dynamique
8540;PROFIL B OFFRE PRINCIPALE;Grille dynamique
8567;PROFIL B € GARANTI OFFRE PRINCIPALE;Grille dynamique
8594;PROFIL A OFFRE PRINCIPALE;Grille dynamique
8621;PROFIL B OFFRE PRINCIPALE;Grille dynamique
8648;PROFIL B € GARANTI OFFRE PRINCIPALE;Grille dynamique
8675;PROFIL A OFFRE PRINCIPALE;Grille dynamique
8702;PROFIL B OFFRE PRINCIPALE;Grille dynamique
8729;PROFIL B € GARANTI OFFRE PRINCIPALE;Grille dynamique
8756;PROFIL A OFFRE PRINCIPALE;Grille dynamique
8783;PROFIL B OFFRE PRINCIPALE;Grille dynamique
8810;PROFIL B € GARANTI OFFRE PRINCIPALE;Grille dynamique
8837;PROFIL A OFFRE PRINCIPALE;Grille dynamique
8864;PROFIL B OFFRE PRINCIPALE;Grille dynamique
8891;PROFIL B € GARANTI OFFRE PRINCIPALE;Grille dynamique
10104;Gestion Profilée AIRBUS;Grille Article 83
10125;G_€_SM_AIRBUS_Programmée;Grille Article 83
10138;G_€_SM_Offre2018LILLY_Modérée;Grille Article 83
10165;G_€_SM_Offre2018LILLY_Equilibre;Grille equilibre
10192;G_€_SM_Offre2018LILLY_Dynamique;Grille dynamique
10219;Gestion "Prudente IBM";Grille prudent
10239;Gestion "Modérée IBM";Grille equilibre
10266;Gestion "Dynamique IBM";Grille dynamique
10646;G_€_SM_MODEREE_2018CNP;Grille Article 83
10701;G_€_SM_EQUILIBRE_2018CNP;Grille equilibre
10765;G_€_SM_OFFENSIVE_2018CNP;Grille dynamique
10857;G_€_SM_MODEREE_2018CNP;Grille Article 83
10912;G_€_SM_EQUILIBRE_2018CNP;Grille equilibre
10976;G_€_SM_OFFENSIVE_2018CNP;Grille dynamique
