Versement;PO;;;;;0.02
Versement;VL;;;;;0.02
Revalorisation;RR;;;;;0.02
Profil;Euro;;;;;0.026
Profil;Obligation;;;;;0.026
Profil;Action;;;;;0.038
Grille;Grille Article 83;;;;60;0.0319
Grille;Grille Article 83;;;;59;0.0319
Grille;Grille Article 83;;;;58;0.0319
Grille;Grille Article 83;;;;57;0.0319
Grille;Grille Article 83;;;;56;0.0319
Grille;Grille Article 83;;;;55;0.0319
Grille;Grille Article 83;;;;54;0.0319
Grille;Grille Article 83;;;;53;0.0319
Grille;Grille Article 83;;;;52;0.0319
Grille;Grille Article 83;;;;51;0.0319
Grille;Grille Article 83;;;;50;0.0319
Grille;Grille Article 83;;;;49;0.0319
Grille;Grille Article 83;;;;48;0.0319
Grille;Grille Article 83;;;;47;0.0319
Grille;Grille Article 83;;;;46;0.0319
Grille;Grille Article 83;;;;45;0.0319
Grille;Grille Article 83;;;;44;0.0319
Grille;Grille Article 83;;;;43;0.0319
Grille;Grille Article 83;;;;42;0.0319
Grille;Grille Article 83;;;;41;0.0319
Grille;Grille Article 83;;;;40;0.0319
Grille;Grille Article 83;;;;39;0.0319
Grille;Grille Article 83;;;;38;0.0319
Grille;Grille Article 83;;;;37;0.0319
Grille;Grille Article 83;;;;36;0.0319
Grille;Grille Article 83;;;;35;0.0319
Grille;Grille Article 83;;;;34;0.0319
Grille;Grille Article 83;;;;33;0.0319
Grille;Grille Article 83;;;;32;0.0319
Grille;Grille Article 83;;;;31;0.0317
Grille;Grille Article 83;;;;30;0.0315
Grille;Grille Article 83;;;;29;0.0314
Grille;Grille Article 83;;;;28;0.0312
Grille;Grille Article 83;;;;27;0.031
Grille;Grille Article 83;;;;26;0.0308
Grille;Grille Article 83;;;;25;0.0306
Grille;Grille Article 83;;;;24;0.0304
Grille;Grille Article 83;;;;23;0.0302
Grille;Grille Article 83;;;;22;0.03
Grille;Grille Article 83;;;;21;0.0299
Grille;Grille Article 83;;;;20;0.0299
Grille;Grille Article 83;;;;19;0.0298
Grille;Grille Article 83;;;;18;0.0297
Grille;Grille Article 83;;;;17;0.0296
Grille;Grille Article 83;;;;16;0.0294
Grille;Grille Article 83;;;;15;0.0293
Grille;Grille Article 83;;;;14;0.0291
Grille;Grille Article 83;;;;13;0.0289
Grille;Grille Article 83;;;;12;0.0287
Grille;Grille Article 83;;;;11;0.0284
Grille;Grille Article 83;;;;10;0.0281
Grille;Grille Article 83;;;;9;0.0278
Grille;Grille Article 83;;;;8;0.0275
Grille;Grille Article 83;;;;7;0.0271
Grille;Grille Article 83;;;;6;0.0268
Grille;Grille Article 83;;;;5;0.0264
Grille;Grille Article 83;;;;4;0.026
Grille;Grille Article 83;;;;3;0.026
Grille;Grille Article 83;;;;2;0.026
Grille;Grille Article 83;;;;1;0.026
Grille;Grille Article 83;;;;0;0.026
Grille;Grille dynamique;;;;60;0.0319
Grille;Grille dynamique;;;;59;0.0319
Grille;Grille dynamique;;;;58;0.0319
Grille;Grille dynamique;;;;57;0.0319
Grille;Grille dynamique;;;;56;0.0319
Grille;Grille dynamique;;;;55;0.0319
Grille;Grille dynamique;;;;54;0.0319
Grille;Grille dynamique;;;;53;0.0319
Grille;Grille dynamique;;;;52;0.0319
Grille;Grille dynamique;;;;51;0.0319
Grille;Grille dynamique;;;;50;0.0319
Grille;Grille dynamique;;;;49;0.0319
Grille;Grille dynamique;;;;48;0.0319
Grille;Grille dynamique;;;;47;0.0319
Grille;Grille dynamique;;;;46;0.0319
Grille;Grille dynamique;;;;45;0.0319
Grille;Grille dynamique;;;;44;0.0319
Grille;Grille dynamique;;;;43;0.0319
Grille;Grille dynamique;;;;42;0.0319
Grille;Grille dynamique;;;;41;0.0319
Grille;Grille dynamique;;;;40;0.0319
Grille;Grille dynamique;;;;39;0.0319
Grille;Grille dynamique;;;;38;0.0319
Grille;Grille dynamique;;;;37;0.0319
Grille;Grille dynamique;;;;36;0.0319
Grille;Grille dynamique;;;;35;0.0319
Grille;Grille dynamique;;;;34;0.0319
Grille;Grille dynamique;;;;33;0.0319
Grille;Grille dynamique;;;;32;0.0319
Grille;Grille dynamique;;;;31;0.0317
Grille;Grille dynamique;;;;30;0.0315
Grille;Grille dynamique;;;;29;0.0314
Grille;Grille dynamique;;;;28;0.0312
Grille;Grille dynamique;;;;27;0.031
Grille;Grille dynamique;;;;26;0.0308
Grille;Grille dynamique;;;;25;0.0306
Grille;Grille dynamique;;;;24;0.0304
Grille;Grille dynamique;;;;23;0.0302
Grille;Grille dynamique;;;;22;0.03
Grille;Grille dynamique;;;;21;0.0299
Grille;Grille dynamique;;;;20;0.0299
Grille;Grille dynamique;;;;19;0.0298
Grille;Grille dynamique;;;;18;0.0297
Grille;Grille dynamique;;;;17;0.0296
Grille;Grille dynamique;;;;16;0.0294
Grille;Grille dynamique;;;;15;0.0293
Grille;Grille dynamique;;;;14;0.0291
Grille;Grille dynamique;;;;13;0.0289
Grille;Grille dynamique;;;;12;0.0287
Grille;Grille dynamique;;;;11;0.0284
Grille;Grille dynamique;;;;10;0.0281
Grille;Grille dynamique;;;;9;0.0278
Grille;Grille dynamique;;;;8;0.0275
Grille;Grille dynamique;;;;7;0.0271
Grille;Grille dynamique;;;;6;0.0268
Grille;Grille dynamique;;;;5;0.0264
Grille;Grille dynamique;;;;4;0.026
Grille;Grille dynamique;;;;3;0.026
Grille;Grille dynamique;;;;2;0.026
Grille;Grille dynamique;;;;1;0.026
Grille;Grille dynamique;;;;0;0.026
Grille;Grille equilibre;;;;60;0.0315
Grille;Grille equilibre;;;;59;0.0315
Grille;Grille equilibre;;;;58;0.0315
Grille;Grille equilibre;;;;57;0.0315
Grille;Grille equilibre;;;;56;0.0315
Grille;Grille equilibre;;;;55;0.0315
Grille;Grille equilibre;;;;54;0.0315
Grille;Grille equilibre;;;;53;0.0315
Grille;Grille equilibre;;;;52;0.0315
Grille;Grille equilibre;;;;51;0.0315
Grille;Grille equilibre;;;;50;0.0315
Grille;Grille equilibre;;;;49;0.0315
Grille;Grille equilibre;;;;48;0.0315
Grille;Grille equilibre;;;;47;0.0315
Grille;Grille equilibre;;;;46;0.0315
Grille;Grille equilibre;;;;45;0.0315
Grille;Grille equilibre;;;;44;0.0315
Grille;Grille equilibre;;;;43;0.0315
Grille;Grille equilibre;;;;42;0.0315
Grille;Grille equilibre;;;;41;0.0315
Grille;Grille equilibre;;;;40;0.0315
Grille;Grille equilibre;;;;39;0.0315
Grille;Grille equilibre;;;;38;0.0315
Grille;Grille equilibre;;;;37;0.0315
Grille;Grille equilibre;;;;36;0.0315
Grille;Grille equilibre;;;;35;0.0315
Grille;Grille equilibre;;;;34;0.0315
Grille;Grille equilibre;;;;33;0.0315
Grille;Grille equilibre;;;;32;0.0315
Grille;Grille equilibre;;;;31;0.0314
Grille;Grille equilibre;;;;30;0.0312
Grille;Grille equilibre;;;;29;0.0311
Grille;Grille equilibre;;;;28;0.031
Grille;Grille equilibre;;;;27;0.0308
Grille;Grille equilibre;;;;26;0.0307
Grille;Grille equilibre;;;;25;0.0305
Grille;Grille equilibre;;;;24;0.0303
Grille;Grille equilibre;;;;23;0.0302
Grille;Grille equilibre;;;;22;0.03
Grille;Grille equilibre;;;;21;0.0299
Grille;Grille equilibre;;;;20;0.0299
Grille;Grille equilibre;;;;19;0.0298
Grille;Grille equilibre;;;;18;0.0297
Grille;Grille equilibre;;;;17;0.0296
Grille;Grille equilibre;;;;16;0.0294
Grille;Grille equilibre;;;;15;0.0293
Grille;Grille equilibre;;;;14;0.029
Grille;Grille equilibre;;;;13;0.0289
Grille;Grille equilibre;;;;12;0.0286
Grille;Grille equilibre;;;;11;0.0284
Grille;Grille equilibre;;;;10;0.0281
Grille;Grille equilibre;;;;9;0.0279
Grille;Grille equilibre;;;;8;0.0276
Grille;Grille equilibre;;;;7;0.0273
Grille;Grille equilibre;;;;6;0.0269
Grille;Grille equilibre;;;;5;0.0264
Grille;Grille equilibre;;;;4;0.026
Grille;Grille equilibre;;;;3;0.026
Grille;Grille equilibre;;;;2;0.026
Grille;Grille equilibre;;;;1;0.026
Grille;Grille equilibre;;;;0;0.026
Grille;Grille prudent;;;;60;0.0293
Grille;Grille prudent;;;;59;0.0293
Grille;Grille prudent;;;;58;0.0293
Grille;Grille prudent;;;;57;0.0293
Grille;Grille prudent;;;;56;0.0293
Grille;Grille prudent;;;;55;0.0293
Grille;Grille prudent;;;;54;0.0293
Grille;Grille prudent;;;;53;0.0293
Grille;Grille prudent;;;;52;0.0293
Grille;Grille prudent;;;;51;0.0293
Grille;Grille prudent;;;;50;0.0293
Grille;Grille prudent;;;;49;0.0293
Grille;Grille prudent;;;;48;0.0293
Grille;Grille prudent;;;;47;0.0293
Grille;Grille prudent;;;;46;0.0293
Grille;Grille prudent;;;;45;0.0293
Grille;Grille prudent;;;;44;0.0293
Grille;Grille prudent;;;;43;0.0293
Grille;Grille prudent;;;;42;0.0293
Grille;Grille prudent;;;;41;0.0293
Grille;Grille prudent;;;;40;0.0293
Grille;Grille prudent;;;;39;0.0293
Grille;Grille prudent;;;;38;0.0293
Grille;Grille prudent;;;;37;0.0293
Grille;Grille prudent;;;;36;0.0293
Grille;Grille prudent;;;;35;0.0293
Grille;Grille prudent;;;;34;0.0293
Grille;Grille prudent;;;;33;0.0293
Grille;Grille prudent;;;;32;0.0293
Grille;Grille prudent;;;;31;0.0292
Grille;Grille prudent;;;;30;0.0291
Grille;Grille prudent;;;;29;0.029
Grille;Grille prudent;;;;28;0.0289
Grille;Grille prudent;;;;27;0.0288
Grille;Grille prudent;;;;26;0.0287
Grille;Grille prudent;;;;25;0.0286
Grille;Grille prudent;;;;24;0.0285
Grille;Grille prudent;;;;23;0.0284
Grille;Grille prudent;;;;22;0.0283
Grille;Grille prudent;;;;21;0.0282
Grille;Grille prudent;;;;20;0.0282
Grille;Grille prudent;;;;19;0.0281
Grille;Grille prudent;;;;18;0.0281
Grille;Grille prudent;;;;17;0.028
Grille;Grille prudent;;;;16;0.0279
Grille;Grille prudent;;;;15;0.0278
Grille;Grille prudent;;;;14;0.0277
Grille;Grille prudent;;;;13;0.0276
Grille;Grille prudent;;;;12;0.0274
Grille;Grille prudent;;;;11;0.0273
Grille;Grille prudent;;;;10;0.0271
Grille;Grille prudent;;;;9;0.0271
Grille;Grille prudent;;;;8;0.027
Grille;Grille prudent;;;;7;0.0268
Grille;Grille prudent;;;;6;0.0266
Grille;Grille prudent;;;;5;0.0263
Grille;Grille prudent;;;;4;0.026
Grille;Grille prudent;;;;3;0.026
Grille;Grille prudent;;;;2;0.026
Grille;Grille prudent;;;;1;0.026
Grille;Grille prudent;;;;0;0.026