﻿code;libelle;version;typeOperation
ARBITRAGE;Arbitrage;2.0;OPERATION_CONTRAT
CREATION_COMPTE_ENTREPRISE;;2.0;OPERATION_PERSONNE
CREATION_COMPTE_SALARIE;Création du compte;2.0;OPERATION_PERSONNE
EXTRANET_ARBITRAGE;Arbitrage;1.0;OPERATION_CONTRAT
EXTRANET_BIA;Bulletin Initial d'Affiliation;1.0;OPERATION_CONTRAT
EXTRANET_RIB;Modification de coordonnées bancaires en ligne;1.0;OPERATION_CONTRAT
EXTRANET_VERLIB;Versement libre;1.0;OPERATION_CONTRAT
EXTRANET_VERREG;Prélèvement régulier;1.0;OPERATION_CONTRAT
EXTRANET_LIQUIDATION;Liquidation;1.0;OPERATION_CONTRAT
MODIF_DONNEES_PERSO_ENTREPRISE;;2.0;OPERATION_PERSONNE
MODIF_DONNEES_PERSO_SALARIE;Modification des données personnelles;2.0;OPERATION_PERSONNE
QUESTION_FONCT_SITE_ENTREPRISE;;2.0;OPERATION_CONTRAT
QUESTION_FONCT_SITE_SALARIE;Question sur le fonctionnement du site;2.0;OPERATION_CONTRAT
QUESTION_GESTION_ENTREPRISE;;2.0;OPERATION_CONTRAT
QUESTION_GESTION_SALARIE;Question sur l'un de mes contrats;2.0;OPERATION_CONTRAT
QUESTION_VIF_SALARIE;Question sur les Versements Individuels Facultatifs;2.0;OPERATION_CONTRAT
