{
  "contrats-assures": [
    {
      "id": "RG151312337",
      "personId": "P3880287",
      "idAdherente": "",
      "raisonSocialeAdherente": null,
      "idContractante": "S4189903",
      "raisonSocialeContractante": "MOTEURS LEROY SOMER",
      "college": "Ensemble du personnel",
      "idCollege": "9013",
      "identifiantAssure": "583241",
      "vifPossible": false,
      "blocked": false,
      "blacklisted": false,
      "contractanteRepresent": false,
      "hasVersementProgrammes": false,
      "dateAffiliation": null,
      "codeSilo": "ERE",
      "codeProduit": "RG01-001-ARI",
      "libelleProduit": null,
      "codeMentionLegale": null,
      "typeContrat": "RG01",
      "numGenContrat": "001",
      "codeFiliale": "ARI",
      "etatContratLabel": "En cours",
      "etatAffiliationLabel": "En cours",
      "dateEffet": "2010-12-31T23:00:00.000+0000",
      "dateFinEffet": null,
      "codeSitAffil": "AFBIA",
      "libSitAffil": "Affilié en cours avec BIA",
      "dateSitAffil": "2020-03-17T23:00:00.000+0000",
      "etatContrat": "VALIDE",
      "dateSitCtr": null
    },
    {
      "id": "RP150088197",
      "personId": "P3880287",
      "idAdherente": "",
      "raisonSocialeAdherente": null,
      "idContractante": "S3808703",
      "raisonSocialeContractante": "SA LEROY SOMER",
      "college": "Ensemble du personnel",
      "idCollege": "4429",
      "identifiantAssure": "233976",
      "vifPossible": false,
      "blocked": false,
      "blacklisted": false,
      "contractanteRepresent": false,
      "hasVersementProgrammes": false,
      "dateAffiliation": null,
      "codeSilo": "ERE",
      "codeProduit": "RP01-001-ARI",
      "libelleProduit": null,
      "codeMentionLegale": null,
      "typeContrat": "RP01",
      "numGenContrat": "001",
      "codeFiliale": "ARI",
      "etatContratLabel": "En cours",
      "etatAffiliationLabel": "En cours sans cotisation",
      "dateEffet": "2006-06-30T22:00:00.000+0000",
      "dateFinEffet": null,
      "codeSitAffil": "LIBER",
      "libSitAffil": "Libéré",
      "dateSitAffil": "2020-03-17T23:00:00.000+0000",
      "etatContrat": "VALIDE",
      "dateSitCtr": null
    }
  ],
  "objectifs-utilisateur": [
    {
      "idGdi": "cobnj6",
      "idSujet": 5,
      "idSujetParent": null,
      "dateLecture": null,
      "titre": "SUJET_DECOUVERTE_ESPACE",
      "url": "LIEN_DECOUVERTE_ESPACE",
      "typeSujet": "DECOUVRIR",
      "sousSujets": [
        {
          "idGdi": "cobnj6",
          "idSujet": 12,
          "idSujetParent": 5,
          "dateLecture": "2020-03-17T17:10:37.998+0000",
          "titre": "DECOUVERTE_ESPACE",
          "url": "LIEN_DECOUVERTE_ESPACE",
          "typeSujet": "DECOUVRIR",
          "sousSujets": []
        },
        {
          "idGdi": "cobnj6",
          "idSujet": 13,
          "idSujetParent": 5,
          "dateLecture": null,
          "titre": "VISUALISATION_DETAILS_CONTRAT",
          "url": "LIEN_VISUALISATION_DETAILS_CONTRAT",
          "typeSujet": "DECOUVRIR",
          "sousSujets": []
        }
      ]
    }
  ],
  "compartiments": {
    "encoursTotal": 12857.460000000001,
    "compartiments": {
      "c1": {
        "type": "C1",
        "encoursCompartiment": 3885.92,
        "pourcentage": 30.0,
        "contrats": {
          "disponible": [],
          "retraite": [
            {
              "nomContrat": "RG151312337",
              "dateAffiliation": null,
              "description": "Plan d'Epargne Retraite Entreprises",
              "sousCompartiment": "",
              "deductible": true,
              "encours": {
                "dateEncours": "18/03/2020",
                "montantEncours": 1813.32
              },
              "identifiantAssure": "583241",
              "raisonSociale": "MOTEURS LEROY SOMER",
              "encoursEnErreur": false,
              "disabled": false,
              "vifPossible": true,
              "pacte": false
            },
            {
              "nomContrat": "RP150088197",
              "dateAffiliation": null,
              "description": "ARIAL Retraite Entreprise",
              "sousCompartiment": "",
              "deductible": true,
              "encours": {
                "dateEncours": "18/03/2020",
                "montantEncours": 2072.6
              },
              "identifiantAssure": "233976",
              "raisonSociale": "SA LEROY SOMER",
              "encoursEnErreur": false,
              "disabled": false,
              "vifPossible": false,
              "pacte": false
            }
          ],
          "conditions": []
        }
      },
      "c2": {
        "type": null,
        "encoursCompartiment": 0.0,
        "pourcentage": 0.0,
        "contrats": {
          "disponible": [],
          "retraite": [],
          "conditions": []
        }
      },
      "c3": {
        "type": "C3",
        "encoursCompartiment": 8971.54,
        "pourcentage": 70.0,
        "contrats": {
          "disponible": [],
          "retraite": [
            {
              "nomContrat": "RG151312337",
              "dateAffiliation": null,
              "description": "Plan d'Epargne Retraite Entreprises",
              "sousCompartiment": "",
              "deductible": false,
              "encours": {
                "dateEncours": "18/03/2020",
                "montantEncours": 8971.54
              },
              "identifiantAssure": "583241",
              "raisonSociale": "MOTEURS LEROY SOMER",
              "encoursEnErreur": false,
              "disabled": false,
              "vifPossible": true,
              "pacte": false
            }
          ],
          "conditions": []
        }
      }
    },
    "autresContrats": [],
    "contientPacte": false,
    "uniquementPacte": false,
    "contratSansEncours": [],
    "sansEncoursSurTousLesContrats": false,
    "dernierContrat": null
  },
  "infosclient": {
    "idGdi": "cobnj6",
    "numeroPersonneEre": "P3880287",
    "numeroPersonneMdpro": null,
    "sousPartenaire": null,
    "nom": "CADOUOT",
    "prenom": "PATRICK",
    "impersonation": false,
    "externalUid": null,
    "filialeACA": true,
    "partenaire": null,
    "infosBlocagesClient": {
      "fonctionnalitesBloqueesALaPersonne": [],
      "fonctionnalitesBloqueesPartenaire": [],
      "fonctionnalitesBloqueesTousContrats": [],
      "fonctionnalitesBloqueesContrats": {},
      "toutLesContratsTotalementsBloques": false,
      "personneTotalementBloquee": false
    },
    "silos": ["ERE"]
  },
  "onboarding": {
    "onboardingDejaEffectue": true,
    "evenement": null,
    "idDernierContratERE": null,
    "grilleInvParDefaut": null,
    "sujets": null,
    "biaEffectue": false
  },
  "bia": {
    "contrats": null,
    "donnneesPersoConfirmees": true,
    "identiteNumerique": null,
    "biaEnCours": false,
    "biaContexte": null,
    "idDernierContratERE": "RG151312337"
  },
  "metis-user": {
    "roles": ["ROLE_EERE-Salarie", "ROLE_NET-Utilisateur"],
    "displayName": "cobnj6",
    "uid": "cobnj6",
    "ntDomain": null,
    "ou": null,
    "environnement": null,
    "authenticated": true,
    "mail": null,
    "sn": null,
    "givenName": null,
    "rolesAsArray": ["ROLE_EERE-Salarie", "ROLE_NET-Utilisateur"]
  },
  "tracking-info": {
    "impersonnation": "non",
    "client_genre": "Monsieur",
    "client_age": "0 à 20 ans",
    "client_postcode": "16",
    "client_situation": "inconnu",
    "equipement_retraite_supp_details": [
      {
        "assureur": "583241",
        "appellation": "Plan d'Epargne Retraite Entreprises",
        "type_de_contrat": "RG01"
      },
      {
        "assureur": "233976",
        "appellation": "ARIAL Retraite Entreprise",
        "type_de_contrat": "RP01"
      }
    ]
  }
}
